date,run,init,icao,point_mm,mean_r1,max_r1,mean_r3,max_r3,mean_r7,max_r7,wetfrac1_r7,wetfrac10_r7
2026-08-02,12,2026080112,VTBD,3.193,4.656,8.487,2.757,10.772,3.965,22.44,0.667,0.129
2026-08-02,12,2026080112,VTBO,15.32,15.807,20.823,17.565,38.297,21.003,74.318,1.0,0.742
2026-08-02,12,2026080112,VTBS,13.943,8.488,13.943,4.67,13.943,2.042,15.586,0.356,0.084
2026-08-02,12,2026080112,VTCC,0.008,0.185,0.617,0.152,0.989,0.138,1.848,0.031,0.0
2026-08-02,12,2026080112,VTCH,7.172,6.941,12.521,6.472,27.037,7.312,48.924,0.787,0.222
2026-08-02,12,2026080112,VTCL,0.036,0.036,0.223,0.129,1.286,0.385,4.48,0.111,0.0
2026-08-02,12,2026080112,VTCN,0.112,0.391,1.315,0.398,2.122,0.408,5.102,0.102,0.0
2026-08-02,12,2026080112,VTCP,0.003,0.004,0.019,0.008,0.084,0.085,3.104,0.018,0.0
2026-08-02,12,2026080112,VTCT,3.074,7.49,14.543,8.765,25.721,9.412,47.664,0.716,0.351
2026-08-02,12,2026080112,VTPB,0.291,1.786,5.292,2.668,5.848,2.054,16.733,0.542,0.022
2026-08-02,12,2026080112,VTPH,3.649,2.816,4.894,2.03,5.584,2.977,15.887,0.662,0.076
2026-08-02,12,2026080112,VTPM,2.699,3.039,4.417,4.792,10.286,5.955,27.806,0.929,0.12
2026-08-02,12,2026080112,VTPO,0.122,0.163,0.414,0.249,3.106,0.909,19.528,0.147,0.022
2026-08-02,12,2026080112,VTPP,0.297,0.769,2.627,0.598,2.627,0.785,12.64,0.2,0.013
2026-08-02,12,2026080112,VTSB,0.0,0.009,0.044,0.119,1.158,3.689,38.891,0.382,0.107
2026-08-02,12,2026080112,VTSC,0.013,0.524,4.36,1.42,13.775,3.721,69.665,0.267,0.124
2026-08-02,12,2026080112,VTSE,9.945,8.397,13.871,4.518,15.585,3.352,23.634,0.502,0.102
2026-08-02,12,2026080112,VTSF,0.65,1.394,2.784,2.545,25.647,2.855,25.647,0.56,0.062
2026-08-02,12,2026080112,VTSG,0.431,1.803,3.91,3.025,10.723,3.999,22.14,0.671,0.116
2026-08-02,12,2026080112,VTSM,1.705,3.921,9.818,2.756,10.635,2.506,25.31,0.458,0.076
2026-08-02,12,2026080112,VTSP,0.035,0.106,0.63,1.119,9.987,2.619,16.886,0.453,0.049
2026-08-02,12,2026080112,VTSR,0.343,0.203,0.343,0.398,3.248,1.151,14.738,0.244,0.013
2026-08-02,12,2026080112,VTSS,0.089,1.399,4.397,5.425,46.527,7.801,110.423,0.627,0.244
2026-08-02,12,2026080112,VTST,5.901,7.728,21.565,9.544,43.025,7.377,43.025,0.662,0.262
2026-08-02,12,2026080112,VTSY,8.995,10.192,21.192,15.433,54.579,21.67,101.373,1.0,0.724
2026-08-02,12,2026080112,VTUD,0.212,1.249,3.632,1.293,9.152,1.658,20.73,0.391,0.022
2026-08-02,12,2026080112,VTUI,0.086,0.135,0.246,0.233,2.293,1.937,22.274,0.222,0.076
2026-08-02,12,2026080112,VTUK,0.013,0.02,0.087,0.156,1.362,1.254,13.486,0.236,0.031
2026-08-02,12,2026080112,VTUL,2.049,1.471,2.352,0.891,3.056,1.998,30.086,0.351,0.053
2026-08-02,12,2026080112,VTUO,0.01,0.022,0.074,0.233,1.73,0.327,3.671,0.102,0.0
2026-08-02,12,2026080112,VTUQ,1.162,0.993,1.94,2.223,9.045,3.964,19.24,0.667,0.116
2026-08-02,12,2026080112,VTUU,1.98,2.649,4.721,6.286,21.765,8.238,34.21,0.996,0.262
2026-08-02,12,2026080112,VTUV,0.037,0.591,3.29,1.982,13.488,1.854,16.355,0.422,0.031
2026-08-02,12,2026080112,VTUW,1.109,4.901,14.196,8.39,22.164,9.351,40.616,0.938,0.324
2026-08-02,18,2026080118,VTBD,1.924,3.033,6.04,4.554,14.479,2.869,20.272,0.622,0.067
2026-08-02,18,2026080118,VTBO,7.296,8.343,18.442,10.507,23.318,16.36,51.913,0.951,0.729
2026-08-02,18,2026080118,VTBS,1.852,1.96,2.911,1.312,2.911,3.021,14.294,0.716,0.04
2026-08-02,18,2026080118,VTCC,0.004,0.03,0.15,0.232,2.783,0.44,11.272,0.089,0.004
2026-08-02,18,2026080118,VTCH,23.222,21.252,30.533,14.924,32.512,8.658,35.173,0.871,0.316
2026-08-02,18,2026080118,VTCL,0.128,0.191,0.367,0.763,6.202,1.722,23.864,0.316,0.049
2026-08-02,18,2026080118,VTCN,0.015,0.048,0.159,0.195,1.188,1.675,8.195,0.436,0.0
2026-08-02,18,2026080118,VTCP,0.179,0.873,3.804,2.811,17.059,1.375,17.059,0.258,0.036
2026-08-02,18,2026080118,VTCT,0.077,0.207,0.883,0.53,3.608,2.421,22.941,0.48,0.067
2026-08-02,18,2026080118,VTPB,2.052,2.731,6.542,4.938,16.239,3.212,16.239,0.542,0.071
2026-08-02,18,2026080118,VTPH,3.307,4.1,10.292,2.376,12.148,2.13,12.422,0.373,0.044
2026-08-02,18,2026080118,VTPM,5.599,4.633,7.968,4.458,10.115,6.366,34.605,0.902,0.147
2026-08-02,18,2026080118,VTPO,0.822,3.387,10.578,3.91,25.538,3.618,25.616,0.556,0.116
2026-08-02,18,2026080118,VTPP,0.245,0.193,0.604,0.263,0.715,1.2,17.876,0.262,0.018
2026-08-02,18,2026080118,VTSB,3.118,4.888,9.793,9.325,57.616,7.188,84.646,0.551,0.213
2026-08-02,18,2026080118,VTSC,0.703,0.121,0.703,0.529,6.944,1.944,37.333,0.209,0.067
2026-08-02,18,2026080118,VTSE,1.339,1.451,2.195,1.299,5.355,3.91,27.062,0.64,0.111
2026-08-02,18,2026080118,VTSF,14.219,9.26,16.224,5.891,33.653,6.346,59.41,0.773,0.182
2026-08-02,18,2026080118,VTSG,2.554,6.962,21.623,8.063,29.839,5.227,40.684,0.551,0.187
2026-08-02,18,2026080118,VTSM,2.13,1.295,2.13,0.659,3.836,0.64,11.953,0.16,0.004
2026-08-02,18,2026080118,VTSP,2.452,1.394,2.89,1.118,4.235,2.58,39.474,0.444,0.058
2026-08-02,18,2026080118,VTSR,0.024,0.04,0.119,0.089,1.424,0.596,11.834,0.12,0.013
2026-08-02,18,2026080118,VTSS,0.047,0.118,0.581,1.463,10.944,3.144,58.461,0.418,0.08
2026-08-02,18,2026080118,VTST,0.692,2.19,8.767,2.392,19.67,2.735,31.209,0.4,0.08
2026-08-02,18,2026080118,VTSY,24.483,14.579,24.483,18.918,110.336,16.774,110.336,0.92,0.48
2026-08-02,18,2026080118,VTUD,3.94,4.458,6.789,6.854,29.633,12.854,62.232,0.96,0.444
2026-08-02,18,2026080118,VTUI,3.727,3.487,5.191,4.077,13.345,5.689,18.101,0.991,0.164
2026-08-02,18,2026080118,VTUK,2.003,3.161,6.618,2.442,7.41,1.633,13.611,0.36,0.018
2026-08-02,18,2026080118,VTUL,13.417,9.51,14.627,5.853,16.833,4.205,24.233,0.707,0.129
2026-08-02,18,2026080118,VTUO,3.851,2.873,4.14,3.168,8.328,2.571,15.157,0.569,0.031
2026-08-02,18,2026080118,VTUQ,4.732,2.905,5.147,1.554,7.599,2.892,14.197,0.573,0.031
2026-08-02,18,2026080118,VTUU,15.43,13.949,21.973,10.674,23.88,7.879,36.409,0.871,0.289
2026-08-02,18,2026080118,VTUV,0.578,0.849,1.902,1.244,7.56,0.981,7.56,0.316,0.0
2026-08-02,18,2026080118,VTUW,11.642,17.192,28.727,22.29,38.978,29.22,117.748,1.0,0.836
2026-08-03,12,2026080212,VTBD,0.091,0.172,0.569,0.177,1.549,0.67,8.248,0.173,0.0
2026-08-03,12,2026080212,VTBO,0.282,0.327,0.506,1.846,8.938,8.464,47.241,0.733,0.262
2026-08-03,12,2026080212,VTBS,0.118,0.753,5.093,3.394,41.164,2.834,42.102,0.182,0.107
2026-08-03,12,2026080212,VTCC,0.001,0.008,0.037,0.626,4.458,0.619,11.913,0.169,0.009
2026-08-03,12,2026080212,VTCH,2.824,2.445,4.574,3.232,10.58,6.532,46.223,0.747,0.218
2026-08-03,12,2026080212,VTCL,0.004,0.058,0.262,0.401,2.767,0.254,3.904,0.067,0.0
2026-08-03,12,2026080212,VTCN,0.278,6.83,21.208,7.746,39.225,4.656,43.19,0.356,0.164
2026-08-03,12,2026080212,VTCP,2.195,5.284,19.261,4.573,23.114,1.409,23.114,0.2,0.053
2026-08-03,12,2026080212,VTCT,16.92,16.776,24.346,14.147,34.338,17.677,88.983,0.978,0.6
2026-08-03,12,2026080212,VTPB,13.067,8.147,13.273,5.32,16.025,5.409,18.743,0.889,0.173
2026-08-03,12,2026080212,VTPH,0.009,0.161,0.625,1.185,7.395,0.936,7.395,0.28,0.0
2026-08-03,12,2026080212,VTPM,3.574,4.77,8.127,6.42,17.012,8.983,37.256,0.969,0.333
2026-08-03,12,2026080212,VTPO,0.008,0.042,0.174,0.371,3.447,0.682,13.061,0.156,0.009
2026-08-03,12,2026080212,VTPP,0.0,0.007,0.062,0.012,0.106,0.168,4.049,0.049,0.0
2026-08-03,12,2026080212,VTSB,6.914,3.645,10.379,3.959,36.099,3.579,36.099,0.458,0.133
2026-08-03,12,2026080212,VTSC,0.103,0.074,0.174,0.58,11.698,4.95,39.524,0.564,0.169
2026-08-03,12,2026080212,VTSE,0.178,1.15,5.951,6.527,53.805,8.346,67.731,0.458,0.253
2026-08-03,12,2026080212,VTSF,13.319,15.834,41.578,18.115,56.923,16.881,112.845,0.676,0.431
2026-08-03,12,2026080212,VTSG,11.401,16.075,39.234,20.243,65.025,19.978,99.694,0.951,0.649
2026-08-03,12,2026080212,VTSM,0.342,1.375,3.356,6.763,44.347,12.557,65.778,0.818,0.404
2026-08-03,12,2026080212,VTSP,29.291,15.677,29.291,10.069,39.19,5.468,48.953,0.582,0.164
2026-08-03,12,2026080212,VTSR,1.439,1.197,2.656,1.319,3.948,3.331,62.664,0.538,0.053
2026-08-03,12,2026080212,VTSS,1.35,3.661,11.862,9.444,34.611,8.613,41.06,0.742,0.324
2026-08-03,12,2026080212,VTST,40.238,39.325,56.719,32.354,71.901,28.542,89.232,0.978,0.738
2026-08-03,12,2026080212,VTSY,17.266,19.853,43.578,24.288,81.874,20.222,127.747,0.951,0.604
2026-08-03,12,2026080212,VTUD,1.545,1.942,4.149,2.404,8.346,4.218,23.487,0.582,0.133
2026-08-03,12,2026080212,VTUI,0.746,1.336,4.204,1.771,13.395,2.687,22.191,0.48,0.067
2026-08-03,12,2026080212,VTUK,0.592,1.004,1.99,1.593,11.921,2.453,13.791,0.471,0.049
2026-08-03,12,2026080212,VTUL,0.017,0.015,0.03,0.094,0.574,0.416,12.584,0.089,0.009
2026-08-03,12,2026080212,VTUO,0.059,0.061,0.163,0.084,0.7,0.194,1.677,0.053,0.0
2026-08-03,12,2026080212,VTUQ,0.746,0.476,0.749,0.311,0.926,0.172,1.488,0.009,0.0
2026-08-03,12,2026080212,VTUU,1.148,1.224,2.547,1.531,4.794,1.314,9.344,0.391,0.0
2026-08-03,12,2026080212,VTUV,0.186,0.166,0.324,0.176,0.436,0.227,2.163,0.022,0.0
2026-08-03,12,2026080212,VTUW,5.09,6.025,10.781,8.651,38.854,11.013,63.61,0.933,0.387
2026-08-03,18,2026080218,VTBD,0.186,0.264,0.527,0.204,0.589,0.983,23.682,0.151,0.022
2026-08-03,18,2026080218,VTBO,16.82,16.662,31.946,11.612,37.751,7.769,62.822,0.711,0.289
2026-08-03,18,2026080218,VTBS,7.809,11.055,32.965,3.325,32.965,1.036,32.965,0.107,0.036
2026-08-03,18,2026080218,VTCC,0.602,0.896,4.328,1.459,9.0,2.576,37.386,0.324,0.093
2026-08-03,18,2026080218,VTCH,26.116,19.49,26.116,13.368,26.505,8.868,41.389,0.836,0.329
2026-08-03,18,2026080218,VTCL,0.143,0.105,0.301,0.384,2.207,1.077,18.043,0.271,0.018
2026-08-03,18,2026080218,VTCN,7.412,10.859,20.313,8.864,27.532,5.67,34.035,0.689,0.191
2026-08-03,18,2026080218,VTCP,0.016,0.016,0.029,0.051,0.384,0.567,8.786,0.164,0.0
2026-08-03,18,2026080218,VTCT,1.252,1.699,5.088,5.678,27.996,4.511,31.506,0.538,0.164
2026-08-03,18,2026080218,VTPB,20.655,15.593,22.794,17.052,40.505,15.973,59.734,0.969,0.533
2026-08-03,18,2026080218,VTPH,0.41,0.527,1.534,2.579,13.287,3.136,34.327,0.409,0.089
2026-08-03,18,2026080218,VTPM,2.871,2.801,3.647,3.054,7.428,5.967,33.297,0.973,0.138
2026-08-03,18,2026080218,VTPO,0.143,0.114,0.174,0.118,0.877,0.166,2.047,0.049,0.0
2026-08-03,18,2026080218,VTPP,14.733,13.914,16.06,6.823,16.06,3.3,20.334,0.591,0.111
2026-08-03,18,2026080218,VTSB,0.352,0.421,1.466,0.199,2.151,1.126,30.611,0.147,0.04
2026-08-03,18,2026080218,VTSC,14.839,4.978,14.839,2.031,14.839,4.685,102.398,0.311,0.102
2026-08-03,18,2026080218,VTSE,9.453,4.494,9.453,1.719,9.453,4.877,61.992,0.498,0.156
2026-08-03,18,2026080218,VTSF,0.129,0.171,0.505,2.407,21.592,11.855,66.998,0.653,0.396
2026-08-03,18,2026080218,VTSG,35.414,29.735,49.291,22.189,65.675,11.096,66.96,0.862,0.342
2026-08-03,18,2026080218,VTSM,28.804,22.346,34.482,22.04,48.331,19.382,73.07,0.933,0.591
2026-08-03,18,2026080218,VTSP,3.716,4.133,6.227,7.392,21.196,9.413,40.094,0.982,0.364
2026-08-03,18,2026080218,VTSR,1.317,1.345,2.241,3.454,37.237,11.206,153.276,0.858,0.267
2026-08-03,18,2026080218,VTSS,1.439,1.054,1.439,1.701,14.047,2.279,33.328,0.396,0.062
2026-08-03,18,2026080218,VTST,37.414,38.938,68.243,40.081,95.688,36.868,112.985,1.0,0.747
2026-08-03,18,2026080218,VTSY,13.012,13.427,21.451,16.806,71.78,18.868,122.123,0.916,0.578
2026-08-03,18,2026080218,VTUD,0.254,0.259,0.492,2.28,14.853,5.534,22.849,0.747,0.196
2026-08-03,18,2026080218,VTUI,16.156,16.014,27.069,12.396,29.969,7.71,30.87,0.818,0.293
2026-08-03,18,2026080218,VTUK,0.385,1.349,4.398,2.907,15.02,2.498,18.545,0.493,0.044
2026-08-03,18,2026080218,VTUL,3.997,2.849,6.499,1.884,8.187,2.22,16.348,0.48,0.027
2026-08-03,18,2026080218,VTUO,0.023,0.093,0.245,0.232,1.334,0.289,2.991,0.08,0.0
2026-08-03,18,2026080218,VTUQ,1.16,0.738,1.558,0.481,1.573,0.428,2.841,0.107,0.0
2026-08-03,18,2026080218,VTUU,3.165,6.186,17.938,5.71,21.653,3.646,22.075,0.56,0.124
2026-08-03,18,2026080218,VTUV,0.176,0.182,0.318,0.317,1.532,0.285,4.375,0.062,0.0
2026-08-03,18,2026080218,VTUW,12.454,11.168,21.791,11.619,31.023,16.044,56.908,1.0,0.613
2026-08-04,12,2026080312,VTBD,0.12,1.472,7.873,2.502,11.229,4.242,22.821,0.587,0.133
2026-08-04,12,2026080312,VTBO,7.547,10.95,18.548,16.056,49.883,17.342,85.044,0.951,0.56
2026-08-04,12,2026080312,VTBS,0.002,0.119,0.811,0.277,2.076,1.205,11.229,0.267,0.004
2026-08-04,12,2026080312,VTCC,0.37,0.349,0.805,0.904,4.736,0.965,22.253,0.227,0.013
2026-08-04,12,2026080312,VTCH,5.564,5.245,7.52,7.045,23.875,11.201,61.641,0.862,0.4
2026-08-04,12,2026080312,VTCL,0.0,0.002,0.013,0.009,0.095,0.04,0.51,0.0,0.0
2026-08-04,12,2026080312,VTCN,1.331,2.673,4.247,5.173,25.556,3.775,27.916,0.738,0.08
2026-08-04,12,2026080312,VTCP,0.022,0.036,0.14,0.442,4.567,0.576,9.307,0.116,0.0
2026-08-04,12,2026080312,VTCT,6.287,8.165,15.507,15.158,46.018,18.734,53.089,1.0,0.684
2026-08-04,12,2026080312,VTPB,3.637,4.605,10.334,6.032,21.467,6.655,46.058,0.689,0.222
2026-08-04,12,2026080312,VTPH,0.0,0.008,0.037,0.27,6.24,0.784,9.31,0.191,0.0
2026-08-04,12,2026080312,VTPM,0.656,0.437,0.656,0.629,3.19,2.317,22.728,0.542,0.04
2026-08-04,12,2026080312,VTPO,0.133,0.087,0.169,0.034,0.169,0.194,7.541,0.036,0.0
2026-08-04,12,2026080312,VTPP,7.535,7.547,18.342,7.521,25.531,7.387,26.821,0.764,0.293
2026-08-04,12,2026080312,VTSB,0.758,2.54,10.855,5.077,18.168,5.431,25.554,0.573,0.249
2026-08-04,12,2026080312,VTSC,1.321,2.882,6.504,10.778,34.314,12.039,50.036,0.867,0.444
2026-08-04,12,2026080312,VTSE,1.004,1.587,5.372,3.66,28.039,3.878,28.039,0.449,0.142
2026-08-04,12,2026080312,VTSF,0.0,0.002,0.008,0.011,0.19,0.459,11.838,0.093,0.004
2026-08-04,12,2026080312,VTSG,1.545,1.701,3.29,3.205,9.92,6.694,50.851,0.947,0.178
2026-08-04,12,2026080312,VTSM,0.057,0.033,0.094,0.303,2.212,0.646,14.322,0.142,0.009
2026-08-04,12,2026080312,VTSP,12.495,9.972,15.167,7.557,16.996,5.888,16.996,0.871,0.209
2026-08-04,12,2026080312,VTSR,8.845,13.114,28.398,18.002,41.522,14.113,41.522,1.0,0.573
2026-08-04,12,2026080312,VTSS,7.149,7.358,14.525,8.238,28.685,8.742,55.327,0.698,0.316
2026-08-04,12,2026080312,VTST,51.638,65.149,99.663,66.755,126.192,52.27,167.106,1.0,1.0
2026-08-04,12,2026080312,VTSY,12.855,12.782,20.37,8.174,28.51,6.067,47.189,0.653,0.209
2026-08-04,12,2026080312,VTUD,0.038,0.111,0.214,1.084,7.229,2.393,23.501,0.396,0.058
2026-08-04,12,2026080312,VTUI,13.046,9.601,13.534,5.255,13.534,12.651,73.921,0.969,0.404
2026-08-04,12,2026080312,VTUK,0.238,0.332,0.524,1.46,8.433,1.698,10.634,0.409,0.009
2026-08-04,12,2026080312,VTUL,0.044,0.07,0.177,0.081,0.402,0.401,5.576,0.107,0.0
2026-08-04,12,2026080312,VTUO,6.118,9.083,12.376,9.023,15.412,6.406,20.517,0.987,0.222
2026-08-04,12,2026080312,VTUQ,0.199,0.636,1.674,0.899,3.149,1.646,12.73,0.458,0.022
2026-08-04,12,2026080312,VTUU,2.797,3.93,6.729,8.901,19.623,13.272,37.329,1.0,0.556
2026-08-04,12,2026080312,VTUV,14.544,11.924,15.564,8.615,15.879,7.769,23.163,0.938,0.324
2026-08-04,12,2026080312,VTUW,45.022,45.727,49.123,51.489,90.834,45.286,111.038,1.0,1.0
2026-08-04,18,2026080318,VTBD,0.08,0.061,0.12,0.09,0.26,0.569,8.341,0.116,0.0
2026-08-04,18,2026080318,VTBO,1.377,3.752,11.622,4.065,14.836,5.325,30.277,0.791,0.16
2026-08-04,18,2026080318,VTBS,0.08,0.073,0.127,0.187,1.921,0.401,7.033,0.084,0.0
2026-08-04,18,2026080318,VTCC,0.191,0.271,0.773,0.434,2.885,0.575,6.425,0.173,0.0
2026-08-04,18,2026080318,VTCH,4.196,4.978,10.641,11.667,41.664,14.579,57.069,0.938,0.533
2026-08-04,18,2026080318,VTCL,0.162,0.211,0.659,0.111,0.659,0.226,2.202,0.053,0.0
2026-08-04,18,2026080318,VTCN,0.536,0.375,1.004,3.365,20.696,5.132,56.656,0.52,0.156
2026-08-04,18,2026080318,VTCP,0.027,0.024,0.094,0.128,1.668,0.345,4.828,0.089,0.0
2026-08-04,18,2026080318,VTCT,34.594,30.276,35.254,17.232,35.254,15.821,41.417,0.938,0.644
2026-08-04,18,2026080318,VTPB,35.59,35.358,58.592,29.143,59.066,17.937,59.066,0.991,0.613
2026-08-04,18,2026080318,VTPH,0.374,0.78,3.702,1.772,7.997,2.226,16.826,0.511,0.036
2026-08-04,18,2026080318,VTPM,0.587,0.76,1.698,1.106,4.47,2.476,19.408,0.684,0.04
2026-08-04,18,2026080318,VTPO,0.099,0.187,0.358,3.901,22.58,5.202,24.048,0.622,0.164
2026-08-04,18,2026080318,VTPP,2.077,1.831,5.466,1.563,10.369,3.037,22.904,0.404,0.142
2026-08-04,18,2026080318,VTSB,0.802,0.756,1.638,1.039,4.042,1.128,11.061,0.351,0.004
2026-08-04,18,2026080318,VTSC,0.942,1.474,6.065,4.293,35.085,12.03,137.333,0.449,0.244
2026-08-04,18,2026080318,VTSE,11.38,7.562,13.881,4.971,17.823,2.98,24.189,0.547,0.089
2026-08-04,18,2026080318,VTSF,0.03,0.036,0.072,0.04,0.144,0.344,7.736,0.116,0.0
2026-08-04,18,2026080318,VTSG,11.599,10.832,19.521,9.988,26.5,12.491,53.115,0.902,0.387
2026-08-04,18,2026080318,VTSM,0.0,0.021,0.17,0.319,2.348,0.215,2.348,0.062,0.0
2026-08-04,18,2026080318,VTSP,4.522,5.109,10.419,6.168,16.209,5.784,17.134,0.951,0.151
2026-08-04,18,2026080318,VTSR,12.39,15.982,24.477,16.645,36.664,13.205,49.458,0.982,0.6
2026-08-04,18,2026080318,VTSS,0.052,0.205,0.572,0.274,2.365,2.349,23.07,0.338,0.071
2026-08-04,18,2026080318,VTST,49.302,45.381,63.458,45.414,103.689,34.035,103.689,0.996,0.884
2026-08-04,18,2026080318,VTSY,31.432,25.66,31.937,26.52,66.922,29.865,91.353,1.0,0.871
2026-08-04,18,2026080318,VTUD,9.097,10.58,19.868,10.741,35.533,12.141,36.051,0.938,0.556
2026-08-04,18,2026080318,VTUI,6.454,8.035,16.65,4.966,16.65,4.52,17.893,0.818,0.107
2026-08-04,18,2026080318,VTUK,0.5,0.456,0.866,0.399,1.563,0.555,7.139,0.12,0.0
2026-08-04,18,2026080318,VTUL,0.688,0.437,0.688,0.681,3.579,0.62,12.891,0.173,0.004
2026-08-04,18,2026080318,VTUO,14.077,13.166,17.108,12.41,21.327,9.739,31.066,0.822,0.467
2026-08-04,18,2026080318,VTUQ,0.117,0.115,0.196,0.105,0.301,1.875,20.973,0.236,0.076
2026-08-04,18,2026080318,VTUU,16.175,16.191,20.155,15.522,23.899,19.003,59.767,1.0,0.791
2026-08-04,18,2026080318,VTUV,24.562,26.759,45.998,22.186,46.291,12.265,46.291,0.88,0.391
2026-08-04,18,2026080318,VTUW,7.068,7.602,11.261,9.295,15.342,15.413,79.322,1.0,0.436
2026-08-05,12,2026080412,VTBD,0.0,0.054,0.224,0.137,0.762,0.792,14.794,0.204,0.018
2026-08-05,12,2026080412,VTBO,23.549,22.071,29.135,16.073,33.958,14.134,39.213,0.964,0.604
2026-08-05,12,2026080412,VTBS,0.08,0.061,0.082,0.239,2.817,0.936,10.465,0.227,0.004
2026-08-05,12,2026080412,VTCC,1.079,1.531,2.469,1.518,5.259,0.882,5.676,0.333,0.0
2026-08-05,12,2026080412,VTCH,14.822,11.658,17.142,11.738,45.525,15.716,59.653,0.836,0.476
2026-08-05,12,2026080412,VTCL,0.048,0.052,0.074,0.101,0.53,0.448,5.199,0.116,0.0
2026-08-05,12,2026080412,VTCN,0.204,0.616,1.845,1.625,8.62,1.836,10.232,0.498,0.004
2026-08-05,12,2026080412,VTCP,1.918,1.609,2.142,1.955,11.615,3.753,19.344,0.636,0.12
2026-08-05,12,2026080412,VTCT,2.654,3.686,5.314,6.744,28.493,5.838,29.96,0.671,0.2
2026-08-05,12,2026080412,VTPB,5.125,5.4,11.22,3.157,11.22,2.872,15.689,0.64,0.058
2026-08-05,12,2026080412,VTPH,0.25,0.127,0.25,0.13,0.666,0.904,9.052,0.187,0.0
2026-08-05,12,2026080412,VTPM,4.413,3.531,5.102,2.42,6.266,2.942,19.467,0.729,0.053
2026-08-05,12,2026080412,VTPO,2.293,2.57,8.07,4.765,22.365,3.856,33.088,0.396,0.147
2026-08-05,12,2026080412,VTPP,26.684,23.541,32.13,16.506,32.13,9.617,47.063,0.849,0.369
2026-08-05,12,2026080412,VTSB,4.747,5.567,9.916,7.761,19.182,8.877,21.81,0.991,0.347
2026-08-05,12,2026080412,VTSC,0.622,2.744,4.615,12.813,55.819,23.835,144.473,0.827,0.516
2026-08-05,12,2026080412,VTSE,2.283,2.181,3.232,2.096,5.031,2.627,13.221,0.791,0.022
2026-08-05,12,2026080412,VTSF,0.0,0.0,0.0,0.003,0.046,0.577,18.313,0.098,0.013
2026-08-05,12,2026080412,VTSG,5.585,4.908,7.116,5.555,15.395,5.005,22.909,0.818,0.129
2026-08-05,12,2026080412,VTSM,2.372,2.941,5.487,2.587,7.551,1.898,12.468,0.573,0.027
2026-08-05,12,2026080412,VTSP,4.966,4.459,6.475,5.16,13.658,5.49,19.19,0.933,0.124
2026-08-05,12,2026080412,VTSR,22.155,21.185,29.459,23.329,50.57,22.942,71.216,1.0,0.756
2026-08-05,12,2026080412,VTSS,28.235,26.541,30.757,14.148,30.757,7.442,30.757,0.862,0.267
2026-08-05,12,2026080412,VTST,25.53,16.251,25.988,11.645,26.8,11.187,33.827,0.956,0.453
2026-08-05,12,2026080412,VTSY,0.05,0.213,0.425,2.08,33.098,2.678,33.098,0.333,0.084
2026-08-05,12,2026080412,VTUD,0.201,0.966,3.251,0.878,7.156,0.871,7.561,0.267,0.0
2026-08-05,12,2026080412,VTUI,0.423,0.662,1.314,1.679,8.358,1.139,8.685,0.298,0.0
2026-08-05,12,2026080412,VTUK,0.022,0.036,0.099,0.152,2.521,0.51,12.236,0.093,0.009
2026-08-05,12,2026080412,VTUL,0.164,0.237,0.553,0.436,3.112,0.517,6.582,0.164,0.0
2026-08-05,12,2026080412,VTUO,14.451,18.968,41.382,20.994,50.278,14.766,50.278,0.893,0.484
2026-08-05,12,2026080412,VTUQ,0.961,0.697,0.961,1.004,4.707,0.984,4.988,0.293,0.0
2026-08-05,12,2026080412,VTUU,0.421,0.675,1.394,1.21,3.298,5.534,24.257,0.787,0.218
2026-08-05,12,2026080412,VTUV,0.377,0.508,1.61,0.632,8.151,2.2,18.729,0.298,0.084
2026-08-05,12,2026080412,VTUW,1.013,1.483,3.259,1.791,6.818,2.41,17.632,0.658,0.022
2026-08-05,18,2026080418,VTBD,0.374,0.446,1.139,0.483,4.766,0.862,6.362,0.244,0.0
2026-08-05,18,2026080418,VTBO,12.691,12.135,20.897,11.68,32.781,20.408,59.011,0.969,0.733
2026-08-05,18,2026080418,VTBS,1.417,1.598,3.027,3.048,15.441,3.664,25.435,0.587,0.12
2026-08-05,18,2026080418,VTCC,3.733,3.441,7.22,4.021,13.194,4.999,17.321,0.969,0.2
2026-08-05,18,2026080418,VTCH,3.557,2.977,4.326,3.365,15.069,4.256,17.127,0.898,0.098
2026-08-05,18,2026080418,VTCL,0.278,0.32,0.456,1.741,11.847,2.886,23.434,0.511,0.084
2026-08-05,18,2026080418,VTCN,13.765,13.319,21.077,13.788,28.068,16.49,35.592,1.0,0.813
2026-08-05,18,2026080418,VTCP,17.962,17.73,21.62,15.926,22.578,15.971,38.253,1.0,0.8
2026-08-05,18,2026080418,VTCT,6.068,7.493,17.626,11.117,29.677,12.142,36.517,0.996,0.507
2026-08-05,18,2026080418,VTPB,1.264,1.294,1.636,1.586,3.448,2.145,7.306,0.907,0.0
2026-08-05,18,2026080418,VTPH,0.084,0.088,0.274,0.124,0.611,1.361,16.225,0.262,0.031
2026-08-05,18,2026080418,VTPM,1.569,1.856,2.555,2.172,5.53,2.516,12.233,0.747,0.018
2026-08-05,18,2026080418,VTPO,1.176,1.008,1.658,0.87,1.864,0.797,2.646,0.373,0.0
2026-08-05,18,2026080418,VTPP,0.883,0.89,1.074,0.912,1.167,1.041,3.297,0.373,0.0
2026-08-05,18,2026080418,VTSB,6.143,7.804,12.961,6.769,17.361,5.933,19.334,0.862,0.209
2026-08-05,18,2026080418,VTSC,6.526,7.151,14.017,12.947,35.729,10.809,82.025,0.667,0.378
2026-08-05,18,2026080418,VTSE,14.698,16.563,22.719,11.57,23.226,6.695,23.226,0.898,0.244
2026-08-05,18,2026080418,VTSF,0.0,0.0,0.0,0.0,0.0,0.066,1.352,0.018,0.0
2026-08-05,18,2026080418,VTSG,0.203,0.346,0.826,0.392,1.395,1.237,14.39,0.231,0.013
2026-08-05,18,2026080418,VTSM,0.006,0.13,0.39,0.51,2.079,0.603,3.035,0.227,0.0
2026-08-05,18,2026080418,VTSP,11.696,10.282,13.654,6.298,13.654,4.639,21.785,0.787,0.156
2026-08-05,18,2026080418,VTSR,31.891,35.214,51.0,34.558,76.67,30.064,76.67,1.0,0.809
2026-08-05,18,2026080418,VTSS,0.01,0.061,0.2,0.107,0.78,0.249,3.829,0.044,0.0
2026-08-05,18,2026080418,VTST,6.083,6.106,8.363,9.474,26.699,7.594,27.332,0.942,0.32
2026-08-05,18,2026080418,VTSY,0.281,0.263,0.694,0.332,1.694,3.442,44.701,0.449,0.107
2026-08-05,18,2026080418,VTUD,4.248,10.087,25.149,9.557,25.149,6.438,27.792,0.884,0.244
2026-08-05,18,2026080418,VTUI,5.955,6.951,12.277,10.251,30.57,11.777,30.57,0.862,0.529
2026-08-05,18,2026080418,VTUK,0.123,0.097,0.194,0.08,0.194,0.168,1.468,0.004,0.0
2026-08-05,18,2026080418,VTUL,1.551,1.738,3.07,2.589,14.619,2.838,18.872,0.569,0.062
2026-08-05,18,2026080418,VTUO,5.146,4.751,6.707,6.228,28.685,3.544,29.694,0.493,0.116
2026-08-05,18,2026080418,VTUQ,0.006,0.063,0.235,0.241,1.175,0.255,2.259,0.053,0.0
2026-08-05,18,2026080418,VTUU,2.276,2.54,3.519,5.097,15.29,4.722,17.424,0.871,0.142
2026-08-05,18,2026080418,VTUV,3.873,3.729,4.823,3.021,6.704,2.265,9.543,0.791,0.0
2026-08-05,18,2026080418,VTUW,28.731,28.353,32.414,29.586,39.94,26.094,46.763,1.0,0.964
2026-08-06,12,2026080512,VTBD,1.037,1.681,4.641,2.967,14.363,5.433,30.095,0.653,0.213
2026-08-06,12,2026080512,VTBO,33.807,31.894,33.894,28.362,48.029,27.544,62.292,1.0,0.956
2026-08-06,12,2026080512,VTBS,1.363,1.311,2.013,1.345,5.193,0.964,8.498,0.298,0.0
2026-08-06,12,2026080512,VTCC,0.833,2.152,8.713,1.485,13.887,1.079,13.887,0.298,0.004
2026-08-06,12,2026080512,VTCH,3.847,3.439,6.187,5.291,22.968,9.284,49.584,0.916,0.302
2026-08-06,12,2026080512,VTCL,6.571,4.563,8.636,5.923,24.236,8.496,42.498,0.924,0.276
2026-08-06,12,2026080512,VTCN,0.312,0.589,1.534,1.254,6.255,2.513,30.729,0.404,0.076
2026-08-06,12,2026080512,VTCP,15.705,10.628,20.597,6.329,20.597,5.446,37.36,0.684,0.178
2026-08-06,12,2026080512,VTCT,37.857,35.777,41.273,30.708,48.335,30.334,86.966,1.0,0.92
2026-08-06,12,2026080512,VTPB,1.566,3.806,11.481,11.671,38.46,10.699,56.151,0.853,0.302
2026-08-06,12,2026080512,VTPH,0.335,0.294,0.578,0.246,1.251,0.231,1.374,0.036,0.0
2026-08-06,12,2026080512,VTPM,4.512,5.628,17.108,7.221,22.894,8.124,41.802,0.889,0.324
2026-08-06,12,2026080512,VTPO,22.63,22.296,31.298,12.637,33.126,7.059,41.674,0.729,0.244
2026-08-06,12,2026080512,VTPP,0.187,0.245,0.655,0.66,5.66,2.931,29.272,0.324,0.102
2026-08-06,12,2026080512,VTSB,2.623,1.521,2.623,0.826,2.623,0.855,4.699,0.293,0.0
2026-08-06,12,2026080512,VTSC,13.018,16.65,27.401,14.985,39.395,19.028,89.294,0.911,0.653
2026-08-06,12,2026080512,VTSE,6.629,7.683,13.069,7.247,14.654,5.79,15.651,0.778,0.2
2026-08-06,12,2026080512,VTSF,0.0,0.0,0.0,0.0,0.008,0.273,3.674,0.084,0.0
2026-08-06,12,2026080512,VTSG,2.078,1.331,2.375,0.733,3.212,0.536,3.212,0.16,0.0
2026-08-06,12,2026080512,VTSM,14.044,11.758,19.228,6.803,20.312,2.786,20.312,0.333,0.12
2026-08-06,12,2026080512,VTSP,0.002,0.129,0.737,0.301,1.237,0.303,2.061,0.058,0.0
2026-08-06,12,2026080512,VTSR,13.468,11.096,18.681,9.252,20.475,8.799,30.463,1.0,0.32
2026-08-06,12,2026080512,VTSS,0.048,0.253,1.215,0.234,1.44,1.84,16.759,0.347,0.04
2026-08-06,12,2026080512,VTST,1.059,0.74,1.672,1.101,3.668,1.882,12.288,0.471,0.013
2026-08-06,12,2026080512,VTSY,8.831,9.065,22.61,5.873,22.61,8.16,56.12,0.724,0.316
2026-08-06,12,2026080512,VTUD,0.03,0.032,0.083,0.044,0.185,0.312,6.636,0.076,0.0
2026-08-06,12,2026080512,VTUI,0.693,0.789,1.176,0.755,1.768,0.731,7.039,0.147,0.0
2026-08-06,12,2026080512,VTUK,0.026,0.039,0.102,0.047,0.253,0.235,12.995,0.044,0.004
2026-08-06,12,2026080512,VTUL,0.131,0.08,0.166,0.079,0.517,0.216,4.359,0.044,0.0
2026-08-06,12,2026080512,VTUO,4.717,4.57,7.99,5.939,15.771,8.544,28.222,1.0,0.316
2026-08-06,12,2026080512,VTUQ,47.296,32.818,47.296,16.55,47.296,9.867,47.296,0.982,0.373
2026-08-06,12,2026080512,VTUU,3.584,7.976,24.898,9.139,30.798,7.558,32.265,0.836,0.249
2026-08-06,12,2026080512,VTUV,3.585,3.257,5.305,3.236,9.573,3.259,18.292,0.538,0.093
2026-08-06,12,2026080512,VTUW,2.058,4.263,9.946,3.581,10.663,3.993,11.596,0.889,0.053
2026-08-06,18,2026080518,VTBD,2.379,2.913,8.637,5.898,28.305,8.06,38.83,0.613,0.382
2026-08-06,18,2026080518,VTBO,54.271,46.971,54.703,36.935,55.138,32.274,60.835,1.0,1.0
2026-08-06,18,2026080518,VTBS,0.339,0.416,0.825,0.513,2.099,0.847,6.975,0.244,0.0
2026-08-06,18,2026080518,VTCC,0.09,0.191,0.544,1.722,15.63,4.38,27.226,0.458,0.187
2026-08-06,18,2026080518,VTCH,25.256,22.511,37.176,15.162,37.516,15.208,47.432,0.991,0.596
2026-08-06,18,2026080518,VTCL,6.547,8.048,15.27,12.671,33.952,13.512,48.566,0.907,0.56
2026-08-06,18,2026080518,VTCN,20.435,22.853,28.888,27.501,49.54,30.342,71.823,1.0,0.911
2026-08-06,18,2026080518,VTCP,5.402,5.544,9.103,7.129,23.581,10.878,34.356,0.991,0.44
2026-08-06,18,2026080518,VTCT,0.86,1.712,5.178,3.289,13.559,4.32,18.716,0.773,0.062
2026-08-06,18,2026080518,VTPB,3.578,5.328,11.883,8.329,25.92,12.486,54.269,1.0,0.467
2026-08-06,18,2026080518,VTPH,1.366,1.121,1.559,0.853,2.296,1.87,17.547,0.449,0.049
2026-08-06,18,2026080518,VTPM,1.819,2.09,3.149,2.454,10.26,5.113,22.904,0.924,0.129
2026-08-06,18,2026080518,VTPO,7.615,11.147,32.692,17.385,57.687,15.811,60.914,0.782,0.462
2026-08-06,18,2026080518,VTPP,25.657,22.415,34.67,16.393,39.469,12.781,47.732,0.947,0.498
2026-08-06,18,2026080518,VTSB,0.895,0.903,1.75,0.638,2.54,0.475,3.203,0.124,0.0
2026-08-06,18,2026080518,VTSC,1.081,1.709,5.278,6.419,34.102,16.609,74.766,0.88,0.587
2026-08-06,18,2026080518,VTSE,4.605,7.005,12.384,9.107,18.973,8.915,24.639,0.973,0.378
2026-08-06,18,2026080518,VTSF,0.0,0.001,0.005,0.06,1.978,0.954,14.597,0.164,0.027
2026-08-06,18,2026080518,VTSG,0.085,0.085,0.251,0.105,0.628,0.098,0.955,0.0,0.0
2026-08-06,18,2026080518,VTSM,0.114,0.579,2.252,1.811,7.916,1.507,9.639,0.333,0.0
2026-08-06,18,2026080518,VTSP,0.08,0.056,0.087,0.033,0.126,0.144,3.912,0.036,0.0
2026-08-06,18,2026080518,VTSR,4.517,5.53,7.673,8.889,32.625,12.341,50.31,0.982,0.378
2026-08-06,18,2026080518,VTSS,3.126,2.795,7.621,2.072,10.685,3.324,30.123,0.409,0.12
2026-08-06,18,2026080518,VTST,0.177,0.121,0.236,0.23,1.397,0.62,4.438,0.253,0.0
2026-08-06,18,2026080518,VTSY,5.225,6.62,13.498,11.056,37.385,21.545,85.383,0.938,0.609
2026-08-06,18,2026080518,VTUD,0.127,0.136,0.188,0.631,2.917,0.808,6.219,0.311,0.0
2026-08-06,18,2026080518,VTUI,0.188,0.268,0.569,0.586,3.426,0.643,4.382,0.258,0.0
2026-08-06,18,2026080518,VTUK,0.171,0.147,0.182,0.122,0.295,0.134,0.941,0.0,0.0
2026-08-06,18,2026080518,VTUL,0.337,0.319,0.496,0.375,0.94,0.747,18.135,0.142,0.009
2026-08-06,18,2026080518,VTUO,4.371,6.11,11.732,8.371,18.388,9.265,26.798,1.0,0.4
2026-08-06,18,2026080518,VTUQ,3.2,3.197,3.8,3.653,10.135,3.085,12.144,0.702,0.018
2026-08-06,18,2026080518,VTUU,13.737,16.5,20.761,16.195,31.572,12.668,42.571,0.924,0.613
2026-08-06,18,2026080518,VTUV,2.074,4.403,11.13,4.503,15.038,2.61,16.376,0.489,0.071
2026-08-06,18,2026080518,VTUW,1.064,1.159,2.273,1.642,9.511,1.53,9.511,0.467,0.0
2026-08-07,12,2026080612,VTBD,34.264,36.819,46.549,34.771,73.474,21.254,81.401,0.96,0.671
2026-08-07,12,2026080612,VTBO,8.982,7.309,9.425,6.599,16.525,7.407,32.699,0.818,0.307
2026-08-07,12,2026080612,VTBS,0.268,0.368,0.739,0.856,5.069,4.876,59.408,0.44,0.156
2026-08-07,12,2026080612,VTCC,0.526,0.976,1.569,2.706,14.43,7.224,33.254,0.636,0.298
2026-08-07,12,2026080612,VTCH,10.049,8.846,18.95,8.112,47.708,8.139,47.708,0.929,0.28
2026-08-07,12,2026080612,VTCL,2.186,2.483,4.962,3.105,10.601,9.017,84.928,0.84,0.293
2026-08-07,12,2026080612,VTCN,11.473,14.919,26.572,16.277,38.132,15.093,74.734,0.964,0.573
2026-08-07,12,2026080612,VTCP,1.066,1.988,8.333,3.559,15.124,2.989,15.124,0.489,0.116
2026-08-07,12,2026080612,VTCT,18.153,26.353,60.161,34.465,82.759,24.764,86.825,0.969,0.689
2026-08-07,12,2026080612,VTPB,2.58,5.934,19.498,7.027,35.029,3.324,35.029,0.507,0.102
2026-08-07,12,2026080612,VTPH,1.166,1.864,3.565,2.002,4.9,2.08,20.152,0.529,0.027
2026-08-07,12,2026080612,VTPM,4.289,4.791,7.637,3.545,7.637,5.84,36.465,0.889,0.156
2026-08-07,12,2026080612,VTPO,1.489,1.58,2.819,3.572,20.055,6.184,33.747,0.724,0.222
2026-08-07,12,2026080612,VTPP,3.226,4.423,13.507,6.871,25.77,4.121,28.762,0.511,0.156
2026-08-07,12,2026080612,VTSB,2.117,1.901,3.075,2.137,5.93,2.507,7.515,0.796,0.0
2026-08-07,12,2026080612,VTSC,19.329,25.532,36.086,19.497,39.625,16.394,40.842,0.969,0.622
2026-08-07,12,2026080612,VTSE,2.727,3.563,9.093,4.7,10.784,3.188,10.784,0.787,0.027
2026-08-07,12,2026080612,VTSF,0.0,0.0,0.0,0.0,0.0,0.009,0.301,0.0,0.0
2026-08-07,12,2026080612,VTSG,0.022,0.016,0.034,0.231,2.817,0.642,6.829,0.173,0.0
2026-08-07,12,2026080612,VTSM,0.174,0.064,0.174,0.23,2.044,0.401,10.005,0.102,0.004
2026-08-07,12,2026080612,VTSP,0.181,0.459,1.055,0.637,1.859,0.854,5.879,0.293,0.0
2026-08-07,12,2026080612,VTSR,11.34,10.603,18.928,8.051,24.151,5.916,24.151,0.978,0.129
2026-08-07,12,2026080612,VTSS,17.572,11.642,21.007,8.088,27.628,4.968,27.628,0.751,0.147
2026-08-07,12,2026080612,VTST,2.814,2.702,5.342,1.427,6.302,0.912,6.302,0.284,0.0
2026-08-07,12,2026080612,VTSY,0.046,0.153,0.401,0.746,3.527,3.649,35.365,0.591,0.102
2026-08-07,12,2026080612,VTUD,0.319,0.586,2.023,0.813,5.446,1.988,17.248,0.4,0.031
2026-08-07,12,2026080612,VTUI,0.741,0.759,1.24,0.686,1.607,1.053,7.511,0.289,0.0
2026-08-07,12,2026080612,VTUK,0.015,0.015,0.034,0.661,4.468,0.586,9.081,0.16,0.0
2026-08-07,12,2026080612,VTUL,0.208,0.165,0.45,0.109,0.582,0.09,2.149,0.013,0.0
2026-08-07,12,2026080612,VTUO,3.453,3.431,6.757,2.58,13.57,1.971,28.185,0.347,0.049
2026-08-07,12,2026080612,VTUQ,0.04,0.031,0.055,0.036,0.255,1.137,21.271,0.151,0.036
2026-08-07,12,2026080612,VTUU,3.596,2.734,5.699,1.541,7.57,1.29,13.808,0.324,0.009
2026-08-07,12,2026080612,VTUV,0.485,1.003,2.905,0.966,3.857,0.755,5.486,0.187,0.0
2026-08-07,12,2026080612,VTUW,4.116,6.132,12.389,7.781,19.449,6.3,21.303,0.911,0.218
2026-08-07,18,2026080618,VTBD,16.726,15.776,27.053,19.083,57.645,11.723,57.645,0.8,0.378
2026-08-07,18,2026080618,VTBO,1.357,4.154,12.207,6.543,15.218,7.748,29.027,0.92,0.284
2026-08-07,18,2026080618,VTBS,2.008,2.028,4.709,1.567,6.178,1.99,17.252,0.391,0.027
2026-08-07,18,2026080618,VTCC,30.571,27.485,80.294,26.772,110.039,21.996,110.039,0.787,0.538
2026-08-07,18,2026080618,VTCH,9.494,10.949,22.152,17.075,62.025,12.659,62.025,0.938,0.44
2026-08-07,18,2026080618,VTCL,5.146,5.312,12.036,7.715,38.47,12.787,47.135,0.938,0.476
2026-08-07,18,2026080618,VTCN,12.152,21.086,44.181,24.847,48.75,25.272,75.663,1.0,0.836
2026-08-07,18,2026080618,VTCP,1.735,2.192,4.61,5.135,25.504,7.373,35.158,0.729,0.24
2026-08-07,18,2026080618,VTCT,50.993,44.097,67.997,36.646,81.912,44.735,124.445,1.0,0.893
2026-08-07,18,2026080618,VTPB,3.792,7.013,16.076,8.996,21.602,9.404,54.591,0.951,0.351
2026-08-07,18,2026080618,VTPH,0.217,0.295,0.647,0.439,2.051,1.143,9.907,0.32,0.0
2026-08-07,18,2026080618,VTPM,2.184,2.514,5.686,4.026,14.482,11.201,42.923,0.969,0.453
2026-08-07,18,2026080618,VTPO,6.657,6.091,11.111,10.084,42.762,19.821,78.46,0.987,0.627
2026-08-07,18,2026080618,VTPP,0.029,0.206,0.673,1.577,11.661,2.031,28.617,0.32,0.049
2026-08-07,18,2026080618,VTSB,1.171,0.705,1.171,0.437,1.171,0.379,3.118,0.084,0.0
2026-08-07,18,2026080618,VTSC,8.647,12.9,19.574,24.444,67.151,22.456,68.689,1.0,0.756
2026-08-07,18,2026080618,VTSE,1.809,2.492,5.138,4.805,18.78,4.232,19.966,0.849,0.116
2026-08-07,18,2026080618,VTSF,0.0,0.0,0.0,0.0,0.0,0.028,2.038,0.009,0.0
2026-08-07,18,2026080618,VTSG,0.016,0.026,0.067,0.15,1.493,0.482,4.202,0.164,0.0
2026-08-07,18,2026080618,VTSM,0.217,0.522,1.799,1.059,10.808,1.619,30.211,0.16,0.058
2026-08-07,18,2026080618,VTSP,0.581,0.498,0.596,0.592,2.047,1.075,6.006,0.356,0.0
2026-08-07,18,2026080618,VTSR,4.733,5.977,9.784,5.828,15.844,4.877,16.499,0.933,0.111
2026-08-07,18,2026080618,VTSS,0.697,0.628,1.5,0.177,1.5,0.172,3.154,0.062,0.0
2026-08-07,18,2026080618,VTST,0.319,1.182,3.045,1.644,5.475,1.325,6.145,0.48,0.0
2026-08-07,18,2026080618,VTSY,17.222,21.251,38.556,19.116,55.261,11.971,55.261,0.916,0.493
2026-08-07,18,2026080618,VTUD,1.919,1.868,3.18,2.434,7.166,3.997,31.235,0.862,0.098
2026-08-07,18,2026080618,VTUI,10.499,9.557,12.548,10.29,24.106,8.02,36.541,0.969,0.24
2026-08-07,18,2026080618,VTUK,0.926,0.939,1.229,1.128,3.898,1.302,5.117,0.529,0.0
2026-08-07,18,2026080618,VTUL,0.297,0.179,0.297,0.265,1.418,0.857,11.498,0.209,0.004
2026-08-07,18,2026080618,VTUO,11.155,14.667,33.949,17.153,34.997,12.955,45.65,0.969,0.538
2026-08-07,18,2026080618,VTUQ,0.72,0.703,1.84,1.124,7.883,0.828,8.108,0.2,0.0
2026-08-07,18,2026080618,VTUU,0.878,1.375,2.631,1.291,3.459,1.57,11.358,0.511,0.004
2026-08-07,18,2026080618,VTUV,2.062,2.09,2.663,2.144,3.98,2.125,6.589,0.933,0.0
2026-08-07,18,2026080618,VTUW,4.131,4.278,6.546,4.671,8.399,7.851,28.525,1.0,0.196
2026-08-08,12,2026080712,VTBD,0.123,0.165,0.354,0.786,9.446,2.171,15.508,0.427,0.04
2026-08-08,12,2026080712,VTBO,4.434,7.488,12.43,6.74,14.517,6.087,22.377,0.942,0.164
2026-08-08,12,2026080712,VTBS,4.485,4.129,7.522,2.617,10.197,1.379,12.746,0.307,0.022
2026-08-08,12,2026080712,VTCC,0.057,0.193,1.05,0.934,7.209,2.163,39.307,0.267,0.076
2026-08-08,12,2026080712,VTCH,1.55,1.051,1.698,1.827,7.412,5.191,79.284,0.609,0.133
2026-08-08,12,2026080712,VTCL,0.281,0.972,2.982,1.387,9.556,2.119,14.576,0.436,0.044
2026-08-08,12,2026080712,VTCN,5.38,3.645,5.673,1.808,9.057,1.486,23.684,0.196,0.044
2026-08-08,12,2026080712,VTCP,0.838,1.131,1.931,2.647,14.844,4.312,17.908,0.822,0.12
2026-08-08,12,2026080712,VTCT,2.574,2.65,4.84,2.658,14.55,5.194,43.683,0.596,0.16
2026-08-08,12,2026080712,VTPB,0.132,0.207,0.49,0.331,1.006,0.632,3.72,0.218,0.0
2026-08-08,12,2026080712,VTPH,1.555,1.775,3.215,2.515,8.772,2.061,11.898,0.458,0.004
2026-08-08,12,2026080712,VTPM,3.254,3.188,6.142,3.283,11.524,5.149,20.157,0.942,0.138
2026-08-08,12,2026080712,VTPO,8.551,8.318,14.683,7.033,17.677,5.468,21.351,0.84,0.187
2026-08-08,12,2026080712,VTPP,0.537,0.542,0.812,0.674,1.67,1.485,7.944,0.52,0.0
2026-08-08,12,2026080712,VTSB,0.0,0.0,0.001,0.003,0.039,0.227,5.062,0.058,0.0
2026-08-08,12,2026080712,VTSC,4.59,5.121,8.656,9.392,41.422,8.247,62.783,0.902,0.262
2026-08-08,12,2026080712,VTSE,2.411,3.053,7.062,2.067,8.273,2.102,10.945,0.533,0.004
2026-08-08,12,2026080712,VTSF,7.951,7.3,12.307,4.806,12.307,2.026,12.307,0.462,0.013
2026-08-08,12,2026080712,VTSG,0.611,0.64,1.592,0.912,3.492,0.844,4.529,0.28,0.0
2026-08-08,12,2026080712,VTSM,0.0,0.034,0.147,0.495,3.248,0.822,8.769,0.196,0.0
2026-08-08,12,2026080712,VTSP,0.017,0.016,0.038,0.114,0.85,0.204,3.326,0.018,0.0
2026-08-08,12,2026080712,VTSR,8.935,8.422,13.734,6.982,19.639,5.775,19.639,0.956,0.151
2026-08-08,12,2026080712,VTSS,1.293,1.084,2.171,0.952,4.578,1.236,11.681,0.311,0.009
2026-08-08,12,2026080712,VTST,0.046,0.32,0.62,0.924,8.577,1.351,8.615,0.351,0.0
2026-08-08,12,2026080712,VTSY,0.041,0.064,0.179,0.924,17.736,1.773,17.736,0.333,0.058
2026-08-08,12,2026080712,VTUD,0.28,0.227,0.326,0.149,0.328,0.169,0.793,0.0,0.0
2026-08-08,12,2026080712,VTUI,1.413,1.243,1.413,0.914,1.413,0.815,1.413,0.271,0.0
2026-08-08,12,2026080712,VTUK,0.014,0.014,0.023,0.028,0.256,0.097,1.16,0.013,0.0
2026-08-08,12,2026080712,VTUL,0.623,0.952,1.421,0.887,2.053,0.488,2.053,0.107,0.0
2026-08-08,12,2026080712,VTUO,2.789,2.017,3.476,1.939,5.173,2.26,8.875,0.724,0.0
2026-08-08,12,2026080712,VTUQ,1.161,0.778,1.274,0.689,3.116,1.573,17.209,0.338,0.027
2026-08-08,12,2026080712,VTUU,1.685,1.154,1.685,0.805,1.685,0.651,3.04,0.151,0.0
2026-08-08,12,2026080712,VTUV,0.371,0.365,0.398,0.36,0.459,0.411,1.661,0.022,0.0
2026-08-08,12,2026080712,VTUW,3.046,3.454,4.828,3.517,5.517,3.783,9.045,1.0,0.0
2026-08-08,18,2026080718,VTBD,3.852,4.744,10.751,5.73,14.328,6.036,29.063,0.729,0.204
2026-08-08,18,2026080718,VTBO,2.47,1.387,2.47,0.898,2.795,3.798,19.8,0.733,0.089
2026-08-08,18,2026080718,VTBS,0.28,0.337,0.962,0.684,3.397,1.198,10.926,0.28,0.018
2026-08-08,18,2026080718,VTCC,0.041,0.081,0.14,0.334,5.314,2.762,28.751,0.347,0.08
2026-08-08,18,2026080718,VTCH,7.843,5.731,11.937,4.629,14.794,4.198,22.959,0.76,0.116
2026-08-08,18,2026080718,VTCL,1.281,1.99,5.87,1.592,6.584,0.695,6.584,0.164,0.0
2026-08-08,18,2026080718,VTCN,1.481,1.455,2.242,3.209,14.658,2.631,18.125,0.578,0.053
2026-08-08,18,2026080718,VTCP,1.972,1.894,2.087,1.653,2.417,1.376,4.318,0.627,0.0
2026-08-08,18,2026080718,VTCT,3.973,4.77,7.396,13.765,44.082,13.101,44.082,0.911,0.538
2026-08-08,18,2026080718,VTPB,1.521,2.056,3.59,2.415,5.302,6.051,30.178,0.947,0.213
2026-08-08,18,2026080718,VTPH,3.258,2.261,5.08,2.641,6.954,3.506,13.786,0.684,0.062
2026-08-08,18,2026080718,VTPM,0.079,0.183,0.497,0.725,3.472,1.622,8.062,0.573,0.0
2026-08-08,18,2026080718,VTPO,0.583,0.729,1.248,2.286,30.043,7.46,52.041,0.52,0.222
2026-08-08,18,2026080718,VTPP,7.285,6.953,12.587,6.623,24.907,4.698,26.098,0.791,0.147
2026-08-08,18,2026080718,VTSB,0.0,0.0,0.0,0.003,0.131,0.26,2.713,0.107,0.0
2026-08-08,18,2026080718,VTSC,2.551,2.669,4.787,6.517,39.118,4.369,43.337,0.649,0.12
2026-08-08,18,2026080718,VTSE,2.026,1.563,2.736,3.13,14.465,2.78,16.179,0.56,0.071
2026-08-08,18,2026080718,VTSF,0.0,0.0,0.0,0.001,0.015,0.03,1.167,0.004,0.0
2026-08-08,18,2026080718,VTSG,0.003,0.003,0.006,0.013,0.063,0.061,0.911,0.0,0.0
2026-08-08,18,2026080718,VTSM,0.0,0.008,0.025,0.006,0.094,0.054,1.068,0.004,0.0
2026-08-08,18,2026080718,VTSP,0.001,0.008,0.03,0.054,0.514,0.114,1.358,0.009,0.0
2026-08-08,18,2026080718,VTSR,1.234,1.755,2.637,2.943,8.185,2.414,8.818,0.756,0.0
2026-08-08,18,2026080718,VTSS,0.126,0.015,0.126,0.166,2.814,0.957,10.916,0.262,0.004
2026-08-08,18,2026080718,VTST,0.143,0.168,0.37,0.104,0.481,0.806,10.821,0.16,0.009
2026-08-08,18,2026080718,VTSY,0.007,0.017,0.063,0.013,0.063,0.125,4.814,0.031,0.0
2026-08-08,18,2026080718,VTUD,0.593,0.564,0.617,0.579,1.491,0.812,3.395,0.258,0.0
2026-08-08,18,2026080718,VTUI,12.906,12.142,14.064,11.018,18.253,9.204,20.588,1.0,0.404
2026-08-08,18,2026080718,VTUK,0.335,0.444,0.857,0.681,2.205,1.006,4.284,0.36,0.0
2026-08-08,18,2026080718,VTUL,0.223,0.497,0.912,0.69,1.893,0.925,14.204,0.173,0.009
2026-08-08,18,2026080718,VTUO,0.148,0.144,0.19,0.202,0.644,0.323,2.042,0.062,0.0
2026-08-08,18,2026080718,VTUQ,0.37,0.238,0.373,1.238,10.88,4.468,28.136,0.449,0.178
2026-08-08,18,2026080718,VTUU,1.659,1.435,1.688,1.383,1.735,2.381,10.989,0.844,0.009
2026-08-08,18,2026080718,VTUV,1.485,1.509,1.769,1.618,2.426,2.001,3.77,1.0,0.0
2026-08-08,18,2026080718,VTUW,22.696,22.531,25.128,19.583,27.033,18.038,35.371,1.0,0.996
2026-08-09,12,2026080812,VTBD,5.619,7.938,18.499,5.749,18.499,4.488,18.499,0.782,0.107
2026-08-09,12,2026080812,VTBO,1.421,1.898,2.926,1.899,4.1,2.166,8.83,0.702,0.0
2026-08-09,12,2026080812,VTBS,1.089,0.928,1.755,1.636,7.94,1.572,7.94,0.453,0.0
2026-08-09,12,2026080812,VTCC,0.024,0.064,0.187,0.306,2.093,0.876,10.134,0.24,0.004
2026-08-09,12,2026080812,VTCH,3.973,4.967,7.996,8.021,21.225,8.455,35.425,0.924,0.276
2026-08-09,12,2026080812,VTCL,0.357,0.894,2.08,1.196,6.633,1.411,12.316,0.404,0.013
2026-08-09,12,2026080812,VTCN,1.275,0.566,1.275,0.296,1.275,0.87,18.692,0.178,0.013
2026-08-09,12,2026080812,VTCP,0.093,0.393,1.06,1.89,9.985,1.84,9.985,0.449,0.0
2026-08-09,12,2026080812,VTCT,14.679,15.624,24.531,14.966,29.332,12.348,45.824,0.947,0.462
2026-08-09,12,2026080812,VTPB,6.293,5.992,8.336,6.615,10.802,9.495,41.091,0.96,0.356
2026-08-09,12,2026080812,VTPH,0.129,0.303,0.921,0.368,2.333,0.442,10.84,0.116,0.004
2026-08-09,12,2026080812,VTPM,3.159,3.148,4.227,4.216,13.331,6.686,25.716,1.0,0.2
2026-08-09,12,2026080812,VTPO,14.952,17.625,31.725,20.593,53.756,19.194,58.99,0.893,0.547
2026-08-09,12,2026080812,VTPP,2.858,5.497,13.671,6.3,16.63,6.084,24.162,0.884,0.231
2026-08-09,12,2026080812,VTSB,0.0,0.001,0.006,0.002,0.031,0.047,1.046,0.004,0.0
2026-08-09,12,2026080812,VTSC,0.423,1.506,6.105,4.163,18.49,5.394,61.174,0.707,0.156
2026-08-09,12,2026080812,VTSE,0.019,0.05,0.127,0.257,2.747,0.532,3.306,0.209,0.0
2026-08-09,12,2026080812,VTSF,0.035,0.165,0.735,0.068,0.735,0.139,4.605,0.036,0.0
2026-08-09,12,2026080812,VTSG,0.543,0.539,0.777,0.778,4.433,0.56,4.433,0.156,0.0
2026-08-09,12,2026080812,VTSM,0.0,0.001,0.005,0.005,0.089,0.705,12.379,0.124,0.013
2026-08-09,12,2026080812,VTSP,5.321,1.998,5.321,0.828,5.321,1.262,10.067,0.302,0.004
2026-08-09,12,2026080812,VTSR,3.074,2.175,4.461,1.926,11.657,1.919,11.657,0.591,0.004
2026-08-09,12,2026080812,VTSS,0.0,0.0,0.002,0.05,0.717,0.16,2.481,0.031,0.0
2026-08-09,12,2026080812,VTST,1.147,1.789,4.309,1.453,5.614,1.487,10.824,0.4,0.009
2026-08-09,12,2026080812,VTSY,0.014,0.005,0.025,0.181,2.838,1.891,16.884,0.413,0.027
2026-08-09,12,2026080812,VTUD,0.307,0.392,0.99,0.538,2.082,1.391,6.342,0.418,0.0
2026-08-09,12,2026080812,VTUI,1.222,0.982,1.636,0.688,1.992,0.776,3.485,0.289,0.0
2026-08-09,12,2026080812,VTUK,0.256,0.251,0.4,0.278,0.683,0.504,2.22,0.164,0.0
2026-08-09,12,2026080812,VTUL,1.123,1.263,4.131,1.982,14.711,2.15,25.836,0.382,0.062
2026-08-09,12,2026080812,VTUO,0.981,1.359,2.018,1.393,4.202,0.825,4.202,0.276,0.0
2026-08-09,12,2026080812,VTUQ,0.509,0.428,0.645,0.418,2.287,0.644,4.401,0.173,0.0
2026-08-09,12,2026080812,VTUU,0.841,0.995,2.562,0.833,2.562,0.813,6.39,0.187,0.0
2026-08-09,12,2026080812,VTUV,0.264,0.298,0.617,0.396,0.875,0.683,4.229,0.147,0.0
2026-08-09,12,2026080812,VTUW,0.033,0.273,1.134,1.341,6.742,3.016,20.175,0.422,0.107
2026-08-09,18,2026080818,VTBD,0.369,1.02,4.508,2.862,15.193,5.754,22.369,0.782,0.182
2026-08-09,18,2026080818,VTBO,2.096,1.845,2.922,1.059,3.008,1.308,13.169,0.373,0.009
2026-08-09,18,2026080818,VTBS,8.882,8.435,11.172,10.201,19.045,6.246,23.468,0.782,0.236
2026-08-09,18,2026080818,VTCC,7.248,6.282,7.952,5.703,12.237,5.503,15.945,1.0,0.089
2026-08-09,18,2026080818,VTCH,7.519,12.058,34.444,22.538,61.957,21.114,64.637,1.0,0.689
2026-08-09,18,2026080818,VTCL,6.073,7.716,16.215,8.189,18.832,8.573,44.647,0.996,0.347
2026-08-09,18,2026080818,VTCN,2.505,2.235,4.192,3.246,11.061,6.552,25.386,0.938,0.204
2026-08-09,18,2026080818,VTCP,2.686,2.424,3.777,2.652,7.162,3.367,17.963,0.849,0.062
2026-08-09,18,2026080818,VTCT,10.08,14.808,36.533,11.991,37.842,7.539,37.842,0.738,0.307
2026-08-09,18,2026080818,VTPB,3.175,2.886,4.226,1.966,4.989,2.302,23.353,0.596,0.018
2026-08-09,18,2026080818,VTPH,2.248,4.348,10.956,4.282,12.836,2.364,12.836,0.449,0.036
2026-08-09,18,2026080818,VTPM,8.832,8.03,9.376,6.779,12.897,12.006,59.154,1.0,0.462
2026-08-09,18,2026080818,VTPO,1.537,2.029,3.154,2.285,4.661,2.359,4.661,1.0,0.0
2026-08-09,18,2026080818,VTPP,3.893,3.446,5.027,2.558,5.037,1.728,7.394,0.56,0.0
2026-08-09,18,2026080818,VTSB,0.0,0.0,0.003,0.001,0.02,0.003,0.191,0.0,0.0
2026-08-09,18,2026080818,VTSC,0.216,1.281,7.661,2.181,22.656,4.798,34.003,0.542,0.187
2026-08-09,18,2026080818,VTSE,0.326,0.223,0.384,0.198,1.872,0.195,2.079,0.044,0.0
2026-08-09,18,2026080818,VTSF,0.0,0.0,0.0,0.0,0.0,0.008,0.39,0.0,0.0
2026-08-09,18,2026080818,VTSG,1.91,1.841,4.329,0.921,4.329,0.541,4.329,0.169,0.0
2026-08-09,18,2026080818,VTSM,0.002,0.036,0.18,0.015,0.18,0.007,0.18,0.0,0.0
2026-08-09,18,2026080818,VTSP,1.653,2.484,5.125,1.236,5.125,0.862,5.125,0.244,0.0
2026-08-09,18,2026080818,VTSR,7.75,6.579,11.344,3.839,13.425,2.071,13.425,0.551,0.013
2026-08-09,18,2026080818,VTSS,0.0,0.041,0.261,0.05,0.765,0.097,2.748,0.027,0.0
2026-08-09,18,2026080818,VTST,0.125,0.668,1.483,0.705,4.353,0.857,4.999,0.267,0.0
2026-08-09,18,2026080818,VTSY,0.081,0.271,0.901,0.576,4.01,1.609,19.63,0.413,0.013
2026-08-09,18,2026080818,VTUD,0.832,0.442,0.998,0.284,0.998,0.289,2.136,0.044,0.0
2026-08-09,18,2026080818,VTUI,8.691,9.676,11.374,9.251,13.172,8.115,21.588,1.0,0.249
2026-08-09,18,2026080818,VTUK,5.932,5.415,6.232,4.891,7.722,5.733,11.694,1.0,0.049
2026-08-09,18,2026080818,VTUL,0.648,0.507,0.648,0.406,0.851,0.575,8.959,0.116,0.0
2026-08-09,18,2026080818,VTUO,0.614,0.644,1.274,0.773,2.968,0.639,2.968,0.231,0.0
2026-08-09,18,2026080818,VTUQ,0.04,0.194,0.571,0.177,0.571,0.106,0.571,0.0,0.0
2026-08-09,18,2026080818,VTUU,2.797,2.964,3.967,2.996,4.302,2.75,5.629,0.969,0.0
2026-08-09,18,2026080818,VTUV,10.073,10.194,14.321,9.498,15.444,10.203,20.818,1.0,0.484
2026-08-09,18,2026080818,VTUW,7.041,6.631,7.865,6.14,8.845,5.512,14.86,0.964,0.08
2026-08-10,12,2026080912,VTBD,0.088,0.134,0.282,0.471,3.148,1.608,11.15,0.364,0.004
2026-08-10,12,2026080912,VTBO,2.076,3.271,4.339,2.144,4.553,2.497,12.265,0.84,0.004
2026-08-10,12,2026080912,VTBS,5.467,5.093,7.62,4.454,8.889,3.934,13.833,0.862,0.036
2026-08-10,12,2026080912,VTCC,13.422,13.102,19.712,7.225,19.712,3.585,19.712,0.564,0.12
2026-08-10,12,2026080912,VTCH,5.668,4.234,9.547,5.762,14.156,8.612,40.857,0.902,0.28
2026-08-10,12,2026080912,VTCL,0.858,0.437,1.124,0.324,1.886,0.271,2.09,0.067,0.0
2026-08-10,12,2026080912,VTCN,21.743,16.744,27.019,16.215,48.653,12.818,48.653,0.809,0.44
2026-08-10,12,2026080912,VTCP,0.0,0.017,0.065,0.647,5.635,1.849,20.094,0.396,0.031
2026-08-10,12,2026080912,VTCT,0.044,0.493,2.054,2.05,11.204,3.271,29.284,0.444,0.111
2026-08-10,12,2026080912,VTPB,0.321,1.345,3.514,2.567,8.312,2.935,25.898,0.533,0.062
2026-08-10,12,2026080912,VTPH,2.008,3.504,7.442,2.279,7.442,1.69,9.311,0.48,0.0
2026-08-10,12,2026080912,VTPM,9.357,7.448,11.925,6.982,16.41,9.612,31.048,0.996,0.4
2026-08-10,12,2026080912,VTPO,0.009,0.032,0.124,0.23,2.547,0.238,2.547,0.08,0.0
2026-08-10,12,2026080912,VTPP,0.003,0.007,0.029,0.126,2.144,0.549,6.71,0.142,0.0
2026-08-10,12,2026080912,VTSB,0.0,0.001,0.004,0.014,0.14,0.297,6.445,0.076,0.0
2026-08-10,12,2026080912,VTSC,0.0,0.0,0.001,0.086,1.204,1.047,17.999,0.231,0.031
2026-08-10,12,2026080912,VTSE,5.822,5.555,9.573,3.588,10.716,2.662,11.579,0.747,0.027
2026-08-10,12,2026080912,VTSF,0.433,0.32,0.93,0.206,2.096,0.61,11.574,0.16,0.004
2026-08-10,12,2026080912,VTSG,0.448,0.44,0.637,0.609,2.014,0.501,2.627,0.156,0.0
2026-08-10,12,2026080912,VTSM,0.338,2.544,7.189,2.929,9.261,2.01,11.297,0.436,0.022
2026-08-10,12,2026080912,VTSP,2.623,5.753,9.934,2.865,9.934,1.608,9.934,0.409,0.0
2026-08-10,12,2026080912,VTSR,0.837,1.401,3.572,2.507,9.452,3.097,14.032,0.72,0.018
2026-08-10,12,2026080912,VTSS,0.0,0.015,0.136,0.765,11.238,0.892,20.567,0.138,0.022
2026-08-10,12,2026080912,VTST,1.666,2.054,4.384,1.614,4.664,1.536,6.339,0.609,0.0
2026-08-10,12,2026080912,VTSY,0.009,0.023,0.046,0.085,0.875,0.154,2.226,0.027,0.0
2026-08-10,12,2026080912,VTUD,0.0,0.002,0.009,0.018,0.333,0.072,2.145,0.009,0.0
2026-08-10,12,2026080912,VTUI,7.076,5.298,7.078,6.764,19.481,6.907,22.606,0.853,0.28
2026-08-10,12,2026080912,VTUK,0.005,0.013,0.06,0.023,0.309,0.186,7.804,0.044,0.0
2026-08-10,12,2026080912,VTUL,0.0,0.019,0.062,0.006,0.062,0.425,32.096,0.04,0.013
2026-08-10,12,2026080912,VTUO,0.014,0.027,0.07,0.022,0.142,0.098,6.304,0.013,0.0
2026-08-10,12,2026080912,VTUQ,0.014,0.065,0.156,0.442,3.116,1.119,8.479,0.316,0.0
2026-08-10,12,2026080912,VTUU,8.7,7.351,12.878,4.637,16.158,3.641,16.158,0.747,0.049
2026-08-10,12,2026080912,VTUV,0.781,0.959,3.04,2.29,10.767,1.628,10.767,0.356,0.009
2026-08-10,12,2026080912,VTUW,2.102,3.784,7.708,3.991,10.767,8.128,67.308,0.791,0.253
2026-08-10,18,2026080918,VTBD,0.207,0.851,2.925,1.1,7.105,2.496,12.973,0.547,0.04
2026-08-10,18,2026080918,VTBO,14.693,14.263,17.779,13.063,21.799,8.989,23.786,0.973,0.427
2026-08-10,18,2026080918,VTBS,6.546,3.721,7.066,3.951,10.959,4.163,16.491,0.787,0.129
2026-08-10,18,2026080918,VTCC,0.05,0.099,0.242,0.174,1.476,1.868,21.932,0.227,0.08
2026-08-10,18,2026080918,VTCH,7.76,11.648,21.095,17.094,42.726,21.604,86.006,0.996,0.684
2026-08-10,18,2026080918,VTCL,0.0,0.015,0.053,0.044,0.352,0.073,1.156,0.009,0.0
2026-08-10,18,2026080918,VTCN,0.74,0.883,1.476,1.159,8.377,6.063,103.731,0.413,0.2
2026-08-10,18,2026080918,VTCP,1.11,0.69,1.11,0.272,1.11,0.317,4.488,0.076,0.0
2026-08-10,18,2026080918,VTCT,5.991,3.619,9.495,8.821,24.264,9.996,54.989,0.804,0.382
2026-08-10,18,2026080918,VTPB,1.393,2.331,4.12,2.693,13.193,2.57,19.98,0.653,0.04
2026-08-10,18,2026080918,VTPH,2.266,1.995,3.577,1.065,3.781,0.874,5.803,0.289,0.0
2026-08-10,18,2026080918,VTPM,11.765,12.176,15.723,15.702,34.055,16.816,45.421,1.0,0.778
2026-08-10,18,2026080918,VTPO,0.009,0.023,0.075,0.026,0.075,0.034,0.675,0.0,0.0
2026-08-10,18,2026080918,VTPP,0.234,0.201,0.46,0.204,1.593,0.602,12.267,0.156,0.004
2026-08-10,18,2026080918,VTSB,0.634,0.277,0.899,0.164,1.472,0.125,3.327,0.044,0.0
2026-08-10,18,2026080918,VTSC,1.077,3.51,8.82,2.958,17.079,1.879,17.079,0.356,0.04
2026-08-10,18,2026080918,VTSE,9.833,6.322,10.217,3.914,10.217,3.584,11.752,0.822,0.022
2026-08-10,18,2026080918,VTSF,0.0,0.0,0.0,0.003,0.057,0.229,3.144,0.08,0.0
2026-08-10,18,2026080918,VTSG,0.239,0.171,0.335,0.306,1.053,0.333,3.473,0.062,0.0
2026-08-10,18,2026080918,VTSM,0.082,0.036,0.117,0.028,0.316,0.029,1.073,0.004,0.0
2026-08-10,18,2026080918,VTSP,1.819,1.858,5.209,1.15,9.327,0.937,10.877,0.2,0.009
2026-08-10,18,2026080918,VTSR,0.168,0.739,2.298,1.832,8.825,1.608,9.999,0.511,0.0
2026-08-10,18,2026080918,VTSS,0.0,0.089,0.589,0.363,6.4,0.37,6.4,0.084,0.0
2026-08-10,18,2026080918,VTST,0.114,0.205,0.442,0.671,3.235,0.622,3.284,0.191,0.0
2026-08-10,18,2026080918,VTSY,0.019,0.101,0.51,0.179,1.997,0.276,2.845,0.084,0.0
2026-08-10,18,2026080918,VTUD,0.298,0.331,0.411,0.392,0.939,0.515,1.954,0.16,0.0
2026-08-10,18,2026080918,VTUI,0.059,0.08,0.125,0.156,1.447,0.476,9.363,0.124,0.0
2026-08-10,18,2026080918,VTUK,0.117,0.17,0.279,0.143,0.694,0.422,2.573,0.12,0.0
2026-08-10,18,2026080918,VTUL,3.074,2.82,5.267,2.31,5.856,1.566,20.143,0.404,0.004
2026-08-10,18,2026080918,VTUO,0.025,0.098,0.32,0.169,0.948,0.42,6.155,0.111,0.0
2026-08-10,18,2026080918,VTUQ,0.0,0.006,0.023,0.032,0.189,0.028,0.247,0.0,0.0
2026-08-10,18,2026080918,VTUU,3.266,3.58,6.095,4.618,14.896,7.667,35.99,0.876,0.289
2026-08-10,18,2026080918,VTUV,0.2,0.275,0.514,1.069,5.817,1.151,10.262,0.311,0.009
2026-08-10,18,2026080918,VTUW,1.963,3.472,9.302,2.701,12.801,7.643,45.248,0.867,0.262
2026-08-11,12,2026081012,VTBD,0.0,0.004,0.035,0.005,0.084,0.022,0.741,0.0,0.0
2026-08-11,12,2026081012,VTBO,1.388,1.282,1.894,3.915,17.537,2.545,17.537,0.542,0.071
2026-08-11,12,2026081012,VTBS,3.028,3.307,7.791,1.824,7.878,0.582,7.878,0.169,0.0
2026-08-11,12,2026081012,VTCC,0.019,0.867,2.985,1.086,4.417,2.347,27.986,0.369,0.067
2026-08-11,12,2026081012,VTCH,13.481,11.649,15.155,7.914,15.155,8.154,50.356,0.893,0.298
2026-08-11,12,2026081012,VTCL,0.0,0.061,0.501,0.312,2.95,0.291,2.95,0.089,0.0
2026-08-11,12,2026081012,VTCN,0.444,0.264,0.444,0.511,4.233,1.307,27.513,0.169,0.04
2026-08-11,12,2026081012,VTCP,7.247,6.078,12.486,4.312,19.335,2.427,19.987,0.467,0.062
2026-08-11,12,2026081012,VTCT,30.406,17.158,30.406,8.285,30.406,7.3,30.406,0.742,0.298
2026-08-11,12,2026081012,VTPB,3.632,4.176,7.957,4.377,10.714,8.118,33.532,0.867,0.28
2026-08-11,12,2026081012,VTPH,0.001,0.002,0.011,0.03,0.469,0.037,1.884,0.004,0.0
2026-08-11,12,2026081012,VTPM,3.361,5.152,9.79,8.844,26.024,9.819,27.592,1.0,0.422
2026-08-11,12,2026081012,VTPO,0.705,0.824,1.851,0.484,1.851,0.351,3.11,0.138,0.0
2026-08-11,12,2026081012,VTPP,0.813,2.69,8.3,7.36,21.194,8.826,25.871,0.876,0.387
2026-08-11,12,2026081012,VTSB,0.0,0.0,0.001,0.071,0.547,0.074,1.926,0.027,0.0
2026-08-11,12,2026081012,VTSC,6.657,6.774,16.425,5.441,16.452,3.974,17.54,0.582,0.156
2026-08-11,12,2026081012,VTSE,0.175,0.461,1.517,0.333,1.67,1.019,6.952,0.329,0.0
2026-08-11,12,2026081012,VTSF,0.0,0.001,0.007,0.189,2.166,0.18,4.697,0.053,0.0
2026-08-11,12,2026081012,VTSG,0.281,0.136,0.521,0.085,0.703,0.16,1.788,0.013,0.0
2026-08-11,12,2026081012,VTSM,0.0,0.002,0.016,0.005,0.1,0.002,0.1,0.0,0.0
2026-08-11,12,2026081012,VTSP,1.084,0.444,1.084,0.256,1.084,0.285,1.15,0.031,0.0
2026-08-11,12,2026081012,VTSR,3.25,2.658,4.939,4.599,17.11,2.866,17.981,0.587,0.062
2026-08-11,12,2026081012,VTSS,0.349,0.965,3.79,0.617,4.163,0.93,17.206,0.2,0.018
2026-08-11,12,2026081012,VTST,1.919,1.061,2.285,0.739,2.285,1.618,15.831,0.298,0.044
2026-08-11,12,2026081012,VTSY,2.157,2.856,11.773,2.137,12.564,2.695,23.745,0.453,0.08
2026-08-11,12,2026081012,VTUD,0.644,1.632,5.285,2.907,7.849,1.55,7.849,0.404,0.0
2026-08-11,12,2026081012,VTUI,2.352,3.836,10.873,4.287,14.836,3.883,27.119,0.542,0.116
2026-08-11,12,2026081012,VTUK,0.052,0.083,0.182,0.052,0.29,0.052,0.512,0.0,0.0
2026-08-11,12,2026081012,VTUL,0.0,0.002,0.022,0.001,0.022,0.056,4.5,0.013,0.0
2026-08-11,12,2026081012,VTUO,0.002,0.015,0.029,0.015,0.071,0.074,2.346,0.031,0.0
2026-08-11,12,2026081012,VTUQ,0.142,0.098,0.194,0.058,0.282,1.055,12.311,0.187,0.022
2026-08-11,12,2026081012,VTUU,3.394,2.197,3.528,1.169,3.528,1.15,5.658,0.387,0.0
2026-08-11,12,2026081012,VTUV,0.461,0.182,0.532,0.309,2.87,0.499,4.271,0.164,0.0
2026-08-11,12,2026081012,VTUW,0.443,1.852,4.069,2.903,9.838,5.388,22.485,0.831,0.173
2026-08-11,18,2026081018,VTBD,3.104,4.676,11.447,5.328,14.588,3.381,17.608,0.573,0.111
2026-08-11,18,2026081018,VTBO,4.299,6.154,13.188,6.131,18.635,4.109,18.635,0.809,0.138
2026-08-11,18,2026081018,VTBS,13.927,9.379,14.022,5.886,14.022,5.49,19.526,0.902,0.187
2026-08-11,18,2026081018,VTCC,0.15,0.407,0.745,1.215,4.572,1.169,5.859,0.36,0.0
2026-08-11,18,2026081018,VTCH,38.438,34.149,50.662,21.49,50.662,12.363,50.662,1.0,0.507
2026-08-11,18,2026081018,VTCL,0.34,0.411,0.665,0.861,4.847,1.315,4.847,0.471,0.0
2026-08-11,18,2026081018,VTCN,0.11,0.101,0.151,0.169,0.811,0.529,5.296,0.111,0.0
2026-08-11,18,2026081018,VTCP,0.477,1.106,2.903,2.681,9.529,2.755,12.512,0.724,0.018
2026-08-11,18,2026081018,VTCT,42.474,45.466,55.374,37.705,76.838,24.873,76.838,0.956,0.649
2026-08-11,18,2026081018,VTPB,6.573,6.36,9.949,6.032,10.875,4.907,18.132,0.898,0.089
2026-08-11,18,2026081018,VTPH,0.002,0.054,0.243,1.029,5.256,0.465,5.256,0.156,0.0
2026-08-11,18,2026081018,VTPM,6.467,8.274,11.746,10.116,22.964,11.992,39.61,1.0,0.538
2026-08-11,18,2026081018,VTPO,10.877,10.2,12.231,8.226,14.202,6.991,16.459,1.0,0.231
2026-08-11,18,2026081018,VTPP,1.029,4.039,18.187,8.674,29.858,7.621,29.858,0.822,0.302
2026-08-11,18,2026081018,VTSB,0.0,0.004,0.021,0.011,0.043,0.009,0.142,0.0,0.0
2026-08-11,18,2026081018,VTSC,0.107,0.084,0.221,0.438,5.103,2.798,53.617,0.271,0.076
2026-08-11,18,2026081018,VTSE,0.512,0.741,2.306,1.503,8.437,1.627,9.927,0.369,0.0
2026-08-11,18,2026081018,VTSF,0.07,0.056,0.118,0.077,0.982,0.152,4.259,0.04,0.0
2026-08-11,18,2026081018,VTSG,0.148,0.068,0.233,0.12,0.532,0.219,1.424,0.018,0.0
2026-08-11,18,2026081018,VTSM,0.003,0.016,0.135,0.013,0.38,0.016,2.043,0.004,0.0
2026-08-11,18,2026081018,VTSP,0.608,0.855,2.104,0.777,2.64,0.776,3.145,0.302,0.0
2026-08-11,18,2026081018,VTSR,0.212,0.279,0.949,0.533,2.084,0.449,3.294,0.138,0.0
2026-08-11,18,2026081018,VTSS,0.0,0.14,0.539,0.334,3.909,0.978,19.293,0.218,0.018
2026-08-11,18,2026081018,VTST,0.803,1.22,3.007,0.914,3.007,0.721,4.256,0.209,0.0
2026-08-11,18,2026081018,VTSY,3.04,4.226,9.794,2.969,14.468,3.184,40.001,0.564,0.076
2026-08-11,18,2026081018,VTUD,0.002,0.012,0.047,0.032,0.137,0.773,12.727,0.116,0.018
2026-08-11,18,2026081018,VTUI,0.037,0.075,0.214,0.224,1.329,0.894,11.967,0.244,0.013
2026-08-11,18,2026081018,VTUK,0.453,0.509,0.745,0.303,0.804,0.441,2.338,0.111,0.0
2026-08-11,18,2026081018,VTUL,0.863,1.664,4.891,3.987,14.054,3.165,19.784,0.498,0.107
2026-08-11,18,2026081018,VTUO,0.002,0.033,0.116,0.017,0.116,0.029,0.67,0.0,0.0
2026-08-11,18,2026081018,VTUQ,0.155,0.61,2.15,2.087,8.743,1.924,12.379,0.431,0.018
2026-08-11,18,2026081018,VTUU,1.231,3.223,9.077,1.74,9.077,1.801,11.628,0.533,0.018
2026-08-11,18,2026081018,VTUV,0.078,0.08,0.188,0.28,1.739,0.767,6.314,0.267,0.0
2026-08-11,18,2026081018,VTUW,1.392,1.915,4.375,4.157,13.34,4.611,27.942,0.662,0.164
2026-08-12,12,2026081112,VTBD,13.08,12.269,14.555,8.66,14.555,6.994,27.996,0.773,0.298
2026-08-12,12,2026081112,VTBO,0.153,0.218,0.441,0.558,3.271,0.56,5.117,0.138,0.0
2026-08-12,12,2026081112,VTBS,5.372,7.198,13.318,9.109,23.892,9.708,30.537,0.987,0.413
2026-08-12,12,2026081112,VTCC,0.047,0.074,0.348,0.128,0.888,0.182,2.994,0.044,0.0
2026-08-12,12,2026081112,VTCH,16.204,14.03,17.698,8.968,17.698,5.38,17.698,0.933,0.142
2026-08-12,12,2026081112,VTCL,0.0,0.002,0.013,0.012,0.224,0.028,0.334,0.0,0.0
2026-08-12,12,2026081112,VTCN,5.3,6.393,8.717,6.21,13.384,4.343,14.162,0.889,0.036
2026-08-12,12,2026081112,VTCP,0.065,0.045,0.131,0.096,0.904,0.118,1.202,0.009,0.0
2026-08-12,12,2026081112,VTCT,0.011,0.021,0.067,0.096,0.676,0.3,2.959,0.049,0.0
2026-08-12,12,2026081112,VTPB,0.371,0.321,0.657,0.659,4.613,0.883,8.745,0.258,0.0
2026-08-12,12,2026081112,VTPH,1.291,3.339,8.607,3.142,8.735,2.259,12.711,0.551,0.013
2026-08-12,12,2026081112,VTPM,10.969,9.019,12.579,7.73,15.657,6.918,19.911,0.969,0.289
2026-08-12,12,2026081112,VTPO,0.0,0.03,0.233,0.571,3.8,0.237,3.8,0.076,0.0
2026-08-12,12,2026081112,VTPP,0.028,0.024,0.046,0.054,0.426,1.033,11.985,0.191,0.013
2026-08-12,12,2026081112,VTSB,0.016,0.03,0.07,0.046,0.429,0.148,2.057,0.058,0.0
2026-08-12,12,2026081112,VTSC,0.02,0.343,1.863,3.169,27.829,1.984,27.829,0.307,0.058
2026-08-12,12,2026081112,VTSE,5.007,5.323,10.699,3.315,10.699,1.42,10.699,0.262,0.013
2026-08-12,12,2026081112,VTSF,0.028,0.07,0.225,1.003,7.062,1.783,13.049,0.36,0.036
2026-08-12,12,2026081112,VTSG,0.0,0.03,0.164,0.244,1.357,0.477,3.071,0.156,0.0
2026-08-12,12,2026081112,VTSM,0.004,0.032,0.226,0.039,0.658,0.013,0.658,0.0,0.0
2026-08-12,12,2026081112,VTSP,0.621,1.753,3.134,1.365,3.309,1.22,4.936,0.44,0.0
2026-08-12,12,2026081112,VTSR,0.229,1.119,3.572,1.144,5.766,0.889,6.451,0.302,0.0
2026-08-12,12,2026081112,VTSS,24.754,28.378,52.427,22.4,52.427,11.152,52.427,0.942,0.427
2026-08-12,12,2026081112,VTST,0.107,0.177,0.3,0.333,1.543,0.714,7.559,0.218,0.0
2026-08-12,12,2026081112,VTSY,2.47,3.449,9.528,3.168,17.923,5.682,30.479,0.787,0.173
2026-08-12,12,2026081112,VTUD,0.184,0.103,0.357,0.313,2.916,0.494,3.957,0.151,0.0
2026-08-12,12,2026081112,VTUI,0.006,0.021,0.05,0.074,0.429,0.383,3.038,0.129,0.0
2026-08-12,12,2026081112,VTUK,0.412,0.842,2.54,0.334,2.54,0.164,2.894,0.053,0.0
2026-08-12,12,2026081112,VTUL,0.0,0.0,0.0,0.0,0.0,0.025,1.88,0.009,0.0
2026-08-12,12,2026081112,VTUO,0.011,0.005,0.016,0.015,0.153,0.144,4.706,0.027,0.0
2026-08-12,12,2026081112,VTUQ,1.598,1.658,2.659,1.531,4.581,1.266,17.462,0.409,0.013
2026-08-12,12,2026081112,VTUU,0.0,0.014,0.085,0.294,2.562,0.284,3.34,0.076,0.0
2026-08-12,12,2026081112,VTUV,0.118,0.377,0.898,0.983,4.452,1.741,13.593,0.36,0.036
2026-08-12,12,2026081112,VTUW,0.019,0.041,0.087,0.073,0.437,0.13,0.854,0.0,0.0
2026-08-12,18,2026081118,VTBD,0.864,0.953,1.89,2.473,15.891,6.422,30.243,0.876,0.249
2026-08-12,18,2026081118,VTBO,0.014,0.077,0.206,0.304,2.312,0.33,3.597,0.071,0.0
2026-08-12,18,2026081118,VTBS,12.445,12.604,18.281,13.481,30.243,11.426,30.243,0.973,0.556
2026-08-12,18,2026081118,VTCC,0.282,0.282,0.569,0.517,3.188,0.499,4.452,0.138,0.0
2026-08-12,18,2026081118,VTCH,10.853,14.645,36.594,12.892,36.594,7.396,36.594,0.978,0.213
2026-08-12,18,2026081118,VTCL,0.037,0.085,0.251,0.267,1.561,0.604,3.876,0.227,0.0
2026-08-12,18,2026081118,VTCN,0.253,0.365,0.563,0.905,3.441,2.601,14.767,0.48,0.049
2026-08-12,18,2026081118,VTCP,0.332,0.843,2.702,3.049,16.918,3.786,21.394,0.591,0.129
2026-08-12,18,2026081118,VTCT,5.068,4.841,5.664,3.559,8.526,2.757,11.041,0.756,0.009
2026-08-12,18,2026081118,VTPB,0.886,0.601,1.336,0.396,2.725,0.492,4.645,0.16,0.0
2026-08-12,18,2026081118,VTPH,1.452,0.842,1.723,0.474,1.723,0.962,7.796,0.347,0.0
2026-08-12,18,2026081118,VTPM,8.8,11.235,21.161,13.092,34.362,9.943,35.113,0.996,0.364
2026-08-12,18,2026081118,VTPO,4.249,4.034,6.609,2.032,6.811,1.11,6.836,0.302,0.0
2026-08-12,18,2026081118,VTPP,0.0,0.0,0.002,0.005,0.044,0.276,3.161,0.098,0.0
2026-08-12,18,2026081118,VTSB,0.454,0.453,0.891,0.346,1.44,0.26,4.037,0.089,0.0
2026-08-12,18,2026081118,VTSC,0.673,0.204,0.768,0.332,3.694,0.19,6.562,0.04,0.0
2026-08-12,18,2026081118,VTSE,0.0,0.003,0.013,0.003,0.025,0.04,1.015,0.004,0.0
2026-08-12,18,2026081118,VTSF,12.519,11.196,19.373,6.753,19.373,5.832,21.02,0.72,0.244
2026-08-12,18,2026081118,VTSG,0.02,0.01,0.056,0.043,1.165,0.25,3.019,0.062,0.0
2026-08-12,18,2026081118,VTSM,0.0,0.0,0.002,0.002,0.033,0.015,0.371,0.0,0.0
2026-08-12,18,2026081118,VTSP,1.05,0.795,1.679,0.919,2.513,1.083,7.423,0.36,0.0
2026-08-12,18,2026081118,VTSR,1.307,1.028,2.423,1.429,4.367,1.136,5.919,0.391,0.0
2026-08-12,18,2026081118,VTSS,18.168,21.746,45.832,16.195,45.832,9.07,45.832,0.84,0.373
2026-08-12,18,2026081118,VTST,4.682,3.725,9.143,3.94,14.895,6.211,39.924,0.751,0.213
2026-08-12,18,2026081118,VTSY,29.011,27.129,34.475,16.769,41.806,18.361,100.347,0.982,0.662
2026-08-12,18,2026081118,VTUD,0.021,0.02,0.042,0.025,0.468,0.018,0.468,0.0,0.0
2026-08-12,18,2026081118,VTUI,0.0,0.022,0.116,0.063,0.624,0.468,4.306,0.182,0.0
2026-08-12,18,2026081118,VTUK,0.0,0.011,0.057,0.065,0.896,0.066,2.035,0.018,0.0
2026-08-12,18,2026081118,VTUL,0.0,0.0,0.002,0.172,2.066,0.549,16.263,0.12,0.013
2026-08-12,18,2026081118,VTUO,0.0,0.025,0.109,0.023,0.113,0.065,0.977,0.0,0.0
2026-08-12,18,2026081118,VTUQ,1.178,1.162,2.289,1.053,3.957,2.02,12.626,0.387,0.036
2026-08-12,18,2026081118,VTUU,0.003,0.007,0.041,0.014,0.068,0.019,0.338,0.0,0.0
2026-08-12,18,2026081118,VTUV,0.011,0.038,0.134,0.318,1.631,0.269,3.646,0.071,0.0
2026-08-12,18,2026081118,VTUW,0.0,0.002,0.01,0.066,0.806,0.068,1.369,0.013,0.0
2026-08-13,12,2026081212,VTBD,0.39,0.571,1.503,1.672,11.993,1.844,15.564,0.413,0.031
2026-08-13,12,2026081212,VTBO,0.467,2.345,6.353,3.015,11.975,3.288,21.28,0.507,0.102
2026-08-13,12,2026081212,VTBS,7.624,8.101,11.66,7.175,18.146,6.129,24.233,0.827,0.209
2026-08-13,12,2026081212,VTCC,0.0,0.028,0.11,0.144,2.793,0.415,6.108,0.129,0.0
2026-08-13,12,2026081212,VTCH,32.293,20.664,38.93,12.497,38.93,7.523,47.616,0.693,0.311
2026-08-13,12,2026081212,VTCL,0.0,0.0,0.0,0.045,1.17,0.119,3.888,0.044,0.0
2026-08-13,12,2026081212,VTCN,0.075,0.2,0.873,0.299,1.401,0.194,1.616,0.044,0.0
2026-08-13,12,2026081212,VTCP,0.0,0.0,0.0,0.001,0.02,0.003,0.157,0.0,0.0
2026-08-13,12,2026081212,VTCT,0.0,0.028,0.224,0.104,1.564,0.213,2.404,0.076,0.0
2026-08-13,12,2026081212,VTPB,0.27,0.389,1.413,0.815,4.17,1.073,15.785,0.258,0.018
2026-08-13,12,2026081212,VTPH,1.292,1.095,1.626,1.265,4.137,0.816,5.393,0.276,0.0
2026-08-13,12,2026081212,VTPM,0.392,0.516,0.957,0.987,2.523,2.361,10.526,0.631,0.009
2026-08-13,12,2026081212,VTPO,0.331,0.175,0.344,0.201,0.746,0.308,9.535,0.058,0.0
2026-08-13,12,2026081212,VTPP,0.0,0.001,0.004,0.097,1.543,0.867,10.185,0.231,0.004
2026-08-13,12,2026081212,VTSB,0.211,0.764,2.337,0.618,4.669,0.338,5.138,0.089,0.0
2026-08-13,12,2026081212,VTSC,0.776,1.44,4.27,1.159,4.489,1.986,15.407,0.449,0.009
2026-08-13,12,2026081212,VTSE,0.104,0.239,0.551,0.287,1.447,0.895,8.031,0.258,0.0
2026-08-13,12,2026081212,VTSF,1.972,2.821,6.745,2.948,13.391,1.754,25.048,0.329,0.044
2026-08-13,12,2026081212,VTSG,0.278,1.111,2.147,1.018,4.16,1.157,5.214,0.387,0.0
2026-08-13,12,2026081212,VTSM,0.0,0.004,0.026,0.037,0.718,0.071,1.366,0.018,0.0
2026-08-13,12,2026081212,VTSP,0.902,1.025,1.39,0.709,2.978,0.95,5.508,0.316,0.0
2026-08-13,12,2026081212,VTSR,2.512,2.065,4.401,2.371,11.564,4.34,17.456,0.773,0.133
2026-08-13,12,2026081212,VTSS,0.088,1.26,3.666,2.754,13.727,4.282,33.985,0.582,0.147
2026-08-13,12,2026081212,VTST,0.703,0.745,1.91,0.8,3.156,1.816,15.383,0.48,0.018
2026-08-13,12,2026081212,VTSY,9.362,6.81,9.809,8.823,29.723,7.977,62.458,0.858,0.28
2026-08-13,12,2026081212,VTUD,0.0,0.006,0.028,0.006,0.124,0.038,0.719,0.0,0.0
2026-08-13,12,2026081212,VTUI,0.074,0.093,0.191,0.139,0.792,0.244,6.247,0.053,0.0
2026-08-13,12,2026081212,VTUK,0.0,0.0,0.001,0.011,0.399,0.159,5.713,0.036,0.0
2026-08-13,12,2026081212,VTUL,0.0,0.0,0.0,0.0,0.0,0.055,6.102,0.013,0.0
2026-08-13,12,2026081212,VTUO,0.0,0.0,0.0,0.0,0.0,0.001,0.052,0.0,0.0
2026-08-13,12,2026081212,VTUQ,0.776,0.807,1.293,1.345,3.786,2.39,15.216,0.467,0.04
2026-08-13,12,2026081212,VTUU,0.015,0.018,0.071,0.017,0.102,0.011,0.104,0.0,0.0
2026-08-13,12,2026081212,VTUV,4.228,3.014,8.009,1.478,9.375,0.744,9.375,0.16,0.0
2026-08-13,12,2026081212,VTUW,0.811,0.423,1.227,0.351,2.252,0.622,3.198,0.231,0.0
2026-08-13,18,2026081218,VTBD,3.216,4.165,9.835,2.902,9.835,3.08,14.744,0.693,0.04
2026-08-13,18,2026081218,VTBO,1.434,1.254,3.124,1.098,3.556,0.653,3.864,0.169,0.0
2026-08-13,18,2026081218,VTBS,4.316,5.637,12.849,6.286,19.7,10.794,42.198,0.964,0.427
2026-08-13,18,2026081218,VTCC,0.419,0.388,1.17,0.222,2.085,0.439,5.808,0.12,0.0
2026-08-13,18,2026081218,VTCH,1.619,2.995,7.02,5.41,26.911,7.989,47.251,0.729,0.244
2026-08-13,18,2026081218,VTCL,0.0,0.004,0.033,0.011,0.163,0.281,6.526,0.08,0.0
2026-08-13,18,2026081218,VTCN,0.024,0.27,1.636,0.821,12.053,1.077,13.612,0.249,0.022
2026-08-13,18,2026081218,VTCP,0.0,0.002,0.015,0.022,0.5,0.519,16.08,0.089,0.009
2026-08-13,18,2026081218,VTCT,0.001,0.009,0.066,0.827,9.688,2.618,22.496,0.413,0.071
2026-08-13,18,2026081218,VTPB,0.875,0.513,0.875,0.275,0.875,0.437,8.402,0.098,0.0
2026-08-13,18,2026081218,VTPH,0.143,0.549,2.334,0.901,3.945,1.106,9.226,0.36,0.0
2026-08-13,18,2026081218,VTPM,6.34,5.623,7.705,7.396,15.766,8.004,29.488,0.991,0.258
2026-08-13,18,2026081218,VTPO,0.879,0.378,0.879,0.142,1.177,0.055,1.177,0.004,0.0
2026-08-13,18,2026081218,VTPP,0.025,0.015,0.025,0.125,1.181,0.282,3.915,0.098,0.0
2026-08-13,18,2026081218,VTSB,0.0,0.014,0.08,0.025,0.563,0.12,1.982,0.031,0.0
2026-08-13,18,2026081218,VTSC,0.857,4.738,11.232,6.184,27.308,6.422,43.597,0.742,0.222
2026-08-13,18,2026081218,VTSE,0.002,0.037,0.162,0.22,1.055,0.635,4.734,0.187,0.0
2026-08-13,18,2026081218,VTSF,2.593,2.037,4.022,2.734,10.122,2.277,11.962,0.507,0.009
2026-08-13,18,2026081218,VTSG,0.765,1.033,1.861,0.509,1.861,1.015,6.286,0.289,0.0
2026-08-13,18,2026081218,VTSM,0.027,0.018,0.049,0.04,0.556,0.026,0.569,0.0,0.0
2026-08-13,18,2026081218,VTSP,1.208,1.303,2.427,1.583,5.609,1.511,8.435,0.48,0.0
2026-08-13,18,2026081218,VTSR,1.855,3.228,7.948,4.895,14.62,4.219,14.704,0.889,0.08
2026-08-13,18,2026081218,VTSS,0.157,0.697,2.129,1.408,7.749,2.541,23.388,0.484,0.08
2026-08-13,18,2026081218,VTST,3.248,1.925,3.563,2.24,7.337,2.89,16.775,0.747,0.018
2026-08-13,18,2026081218,VTSY,7.452,8.492,13.478,10.232,33.368,12.954,77.879,0.884,0.453
2026-08-13,18,2026081218,VTUD,1.457,0.566,1.457,0.187,1.457,0.059,1.457,0.009,0.0
2026-08-13,18,2026081218,VTUI,0.0,0.001,0.01,0.001,0.019,0.008,0.189,0.0,0.0
2026-08-13,18,2026081218,VTUK,0.0,0.0,0.003,0.006,0.114,0.062,2.762,0.013,0.0
2026-08-13,18,2026081218,VTUL,0.0,0.0,0.0,0.0,0.0,0.041,4.041,0.013,0.0
2026-08-13,18,2026081218,VTUO,0.0,0.003,0.017,0.003,0.045,0.009,0.403,0.0,0.0
2026-08-13,18,2026081218,VTUQ,9.59,4.68,10.594,2.231,13.149,1.256,16.688,0.209,0.044
2026-08-13,18,2026081218,VTUU,0.316,0.245,0.393,0.148,0.441,0.319,1.813,0.084,0.0
2026-08-13,18,2026081218,VTUV,0.005,0.106,0.357,0.113,1.454,0.097,1.454,0.022,0.0
2026-08-13,18,2026081218,VTUW,0.006,0.062,0.114,0.065,0.325,0.207,1.798,0.018,0.0
2026-08-14,12,2026081312,VTBD,5.79,8.55,18.829,12.398,35.112,13.41,59.696,0.796,0.453
2026-08-14,12,2026081312,VTBO,1.317,1.359,2.333,1.466,6.102,1.617,17.802,0.418,0.022
2026-08-14,12,2026081312,VTBS,40.563,37.064,57.539,31.942,59.696,19.038,59.696,0.871,0.636
2026-08-14,12,2026081312,VTCC,2.466,4.069,11.38,1.58,11.38,0.54,11.38,0.12,0.009
2026-08-14,12,2026081312,VTCH,1.332,2.144,6.977,3.733,19.059,5.161,44.801,0.747,0.16
2026-08-14,12,2026081312,VTCL,0.0,0.0,0.0,0.0,0.0,0.002,0.206,0.0,0.0
2026-08-14,12,2026081312,VTCN,18.42,16.943,26.368,12.77,28.467,6.851,35.38,0.662,0.262
2026-08-14,12,2026081312,VTCP,0.0,0.003,0.03,0.001,0.03,0.519,13.548,0.089,0.009
2026-08-14,12,2026081312,VTCT,0.114,1.224,5.194,3.518,13.906,3.081,29.738,0.56,0.071
2026-08-14,12,2026081312,VTPB,0.12,0.123,0.282,0.087,0.427,0.134,2.144,0.027,0.0
2026-08-14,12,2026081312,VTPH,0.001,0.136,0.471,0.339,4.145,0.189,5.621,0.031,0.0
2026-08-14,12,2026081312,VTPM,7.476,5.722,9.581,8.489,38.965,8.72,47.1,0.956,0.302
2026-08-14,12,2026081312,VTPO,0.051,0.129,0.54,0.077,0.54,0.596,7.901,0.16,0.0
2026-08-14,12,2026081312,VTPP,0.0,0.0,0.0,0.0,0.011,0.004,0.324,0.0,0.0
2026-08-14,12,2026081312,VTSB,0.332,0.207,0.372,0.435,4.039,0.983,7.76,0.284,0.0
2026-08-14,12,2026081312,VTSC,0.631,0.539,1.231,0.226,1.262,0.615,18.121,0.107,0.018
2026-08-14,12,2026081312,VTSE,4.545,5.728,9.844,4.899,10.959,4.133,14.853,0.902,0.076
2026-08-14,12,2026081312,VTSF,0.0,0.0,0.001,0.211,2.74,0.833,15.038,0.196,0.018
2026-08-14,12,2026081312,VTSG,1.266,2.38,6.577,4.011,11.724,2.49,11.724,0.676,0.013
2026-08-14,12,2026081312,VTSM,2.222,1.959,3.325,1.824,5.257,1.352,9.114,0.409,0.0
2026-08-14,12,2026081312,VTSP,8.4,5.469,8.4,3.471,8.661,2.379,8.661,0.613,0.0
2026-08-14,12,2026081312,VTSR,9.699,19.93,36.933,21.48,51.454,16.25,51.454,0.996,0.693
2026-08-14,12,2026081312,VTSS,0.256,0.275,0.703,0.226,1.089,0.506,7.877,0.133,0.0
2026-08-14,12,2026081312,VTST,7.719,6.579,10.316,6.057,13.262,4.169,18.249,0.907,0.071
2026-08-14,12,2026081312,VTSY,0.535,3.432,16.016,4.459,19.512,2.743,19.512,0.467,0.08
2026-08-14,12,2026081312,VTUD,0.138,0.607,1.969,0.502,2.538,0.694,12.755,0.142,0.009
2026-08-14,12,2026081312,VTUI,0.296,2.006,5.211,4.706,20.638,5.438,24.054,0.649,0.236
2026-08-14,12,2026081312,VTUK,0.025,0.042,0.205,0.03,0.224,0.468,7.914,0.098,0.0
2026-08-14,12,2026081312,VTUL,0.0,0.0,0.0,0.001,0.022,0.013,0.41,0.0,0.0
2026-08-14,12,2026081312,VTUO,0.681,0.337,0.694,0.203,1.047,0.132,1.747,0.031,0.0
2026-08-14,12,2026081312,VTUQ,0.0,0.01,0.044,0.117,0.683,0.327,2.384,0.129,0.0
2026-08-14,12,2026081312,VTUU,0.0,0.138,0.367,0.322,1.632,0.424,4.122,0.093,0.0
2026-08-14,12,2026081312,VTUV,0.757,0.416,1.787,0.382,5.744,0.404,6.889,0.084,0.0
2026-08-14,12,2026081312,VTUW,26.683,24.139,29.904,18.308,32.216,17.091,48.67,1.0,0.796
2026-08-14,18,2026081318,VTBD,20.003,20.329,31.331,13.988,31.331,8.653,31.331,0.76,0.36
2026-08-14,18,2026081318,VTBO,2.458,5.167,14.253,3.528,14.253,2.684,17.414,0.511,0.08
2026-08-14,18,2026081318,VTBS,2.54,3.755,6.178,5.683,14.393,8.323,31.331,0.836,0.36
2026-08-14,18,2026081318,VTCC,0.012,0.012,0.084,0.019,0.476,0.038,0.759,0.0,0.0
2026-08-14,18,2026081318,VTCH,1.323,1.552,4.01,1.54,5.485,2.383,18.563,0.56,0.044
2026-08-14,18,2026081318,VTCL,0.0,0.0,0.0,0.002,0.022,0.126,2.136,0.031,0.0
2026-08-14,18,2026081318,VTCN,8.107,9.646,23.761,5.198,33.327,2.995,40.653,0.311,0.089
2026-08-14,18,2026081318,VTCP,0.037,0.092,0.183,0.18,0.556,0.137,1.046,0.004,0.0
2026-08-14,18,2026081318,VTCT,0.011,0.012,0.031,0.023,0.104,0.075,1.006,0.004,0.0
2026-08-14,18,2026081318,VTPB,5.095,5.35,11.118,5.063,14.437,4.056,22.592,0.644,0.12
2026-08-14,18,2026081318,VTPH,1.772,0.737,1.772,0.241,1.772,0.255,2.794,0.084,0.0
2026-08-14,18,2026081318,VTPM,6.043,5.649,12.435,5.466,17.604,5.074,29.004,0.742,0.151
2026-08-14,18,2026081318,VTPO,0.077,0.139,0.505,0.12,0.505,0.435,4.294,0.124,0.0
2026-08-14,18,2026081318,VTPP,0.005,0.083,0.49,0.164,0.933,0.216,4.233,0.04,0.0
2026-08-14,18,2026081318,VTSB,0.781,0.581,0.963,0.772,4.334,0.911,5.646,0.316,0.0
2026-08-14,18,2026081318,VTSC,0.004,0.273,1.004,0.486,4.612,1.493,8.963,0.329,0.0
2026-08-14,18,2026081318,VTSE,1.361,1.509,2.881,2.36,6.401,4.26,19.028,0.867,0.067
2026-08-14,18,2026081318,VTSF,0.109,0.034,0.148,0.282,2.657,0.549,12.534,0.133,0.009
2026-08-14,18,2026081318,VTSG,2.905,2.325,3.65,1.563,4.67,2.404,9.707,0.733,0.0
2026-08-14,18,2026081318,VTSM,10.765,8.764,16.454,6.821,26.367,6.987,26.367,0.796,0.302
2026-08-14,18,2026081318,VTSP,3.343,2.517,5.001,2.105,7.244,3.496,16.819,0.693,0.044
2026-08-14,18,2026081318,VTSR,6.913,7.226,11.137,10.233,23.054,12.754,41.264,1.0,0.6
2026-08-14,18,2026081318,VTSS,0.669,0.553,1.021,0.414,1.129,0.584,4.341,0.2,0.0
2026-08-14,18,2026081318,VTST,2.066,3.105,8.137,5.175,18.608,5.645,20.657,0.778,0.204
2026-08-14,18,2026081318,VTSY,0.049,0.595,2.637,1.27,5.379,4.372,28.452,0.609,0.173
2026-08-14,18,2026081318,VTUD,0.046,0.064,0.236,0.773,7.7,0.481,7.7,0.102,0.0
2026-08-14,18,2026081318,VTUI,1.776,3.052,7.118,7.586,27.571,6.034,27.571,0.653,0.271
2026-08-14,18,2026081318,VTUK,0.0,0.011,0.048,0.059,0.45,0.617,13.494,0.093,0.013
2026-08-14,18,2026081318,VTUL,0.0,0.003,0.006,0.137,3.691,0.459,14.144,0.116,0.009
2026-08-14,18,2026081318,VTUO,0.012,0.004,0.015,0.006,0.029,0.056,1.744,0.027,0.0
2026-08-14,18,2026081318,VTUQ,0.0,0.0,0.0,0.0,0.0,0.003,0.282,0.0,0.0
2026-08-14,18,2026081318,VTUU,0.04,0.183,0.388,0.228,0.775,0.679,11.561,0.116,0.009
2026-08-14,18,2026081318,VTUV,0.078,0.369,1.907,0.722,3.475,0.569,5.661,0.156,0.0
2026-08-14,18,2026081318,VTUW,8.926,14.48,26.013,15.374,34.277,14.598,42.843,0.991,0.622
2026-08-15,12,2026081412,VTBD,3.186,3.484,7.552,4.3,12.005,5.131,19.078,0.747,0.16
2026-08-15,12,2026081412,VTBO,2.66,3.526,8.21,3.682,14.257,3.991,24.048,0.604,0.156
2026-08-15,12,2026081412,VTBS,3.599,4.373,7.546,7.603,17.59,7.972,24.17,0.987,0.276
2026-08-15,12,2026081412,VTCC,0.052,0.263,0.821,1.079,7.284,1.599,10.247,0.413,0.004
2026-08-15,12,2026081412,VTCH,34.261,32.303,38.675,26.069,46.952,19.172,62.82,0.996,0.733
2026-08-15,12,2026081412,VTCL,0.032,0.094,0.397,0.2,2.517,0.322,8.712,0.089,0.0
2026-08-15,12,2026081412,VTCN,14.544,18.988,31.472,11.343,31.472,8.594,56.922,0.684,0.342
2026-08-15,12,2026081412,VTCP,25.972,21.147,29.917,10.799,29.917,6.565,29.917,0.707,0.271
2026-08-15,12,2026081412,VTCT,0.047,0.239,0.974,1.776,13.245,1.302,13.245,0.302,0.022
2026-08-15,12,2026081412,VTPB,8.154,5.108,8.154,6.737,25.556,6.464,27.97,0.8,0.209
2026-08-15,12,2026081412,VTPH,0.0,0.0,0.0,0.027,0.458,0.018,0.458,0.0,0.0
2026-08-15,12,2026081412,VTPM,2.041,2.604,3.778,5.525,21.333,10.051,40.014,0.987,0.351
2026-08-15,12,2026081412,VTPO,0.0,0.003,0.012,0.016,0.102,0.042,1.131,0.004,0.0
2026-08-15,12,2026081412,VTPP,0.003,0.008,0.043,0.189,1.414,1.626,26.481,0.249,0.04
2026-08-15,12,2026081412,VTSB,0.021,0.059,0.292,0.189,1.44,0.385,7.476,0.116,0.0
2026-08-15,12,2026081412,VTSC,1.888,0.781,2.035,0.382,2.035,0.283,2.126,0.098,0.0
2026-08-15,12,2026081412,VTSE,1.826,2.558,6.225,2.058,7.899,2.035,8.681,0.551,0.0
2026-08-15,12,2026081412,VTSF,0.0,0.02,0.076,0.203,1.983,0.366,8.31,0.089,0.0
2026-08-15,12,2026081412,VTSG,0.695,0.967,1.481,1.629,7.498,1.925,8.841,0.6,0.0
2026-08-15,12,2026081412,VTSM,0.177,0.144,0.363,0.111,0.745,2.766,39.395,0.151,0.089
2026-08-15,12,2026081412,VTSP,0.114,0.153,0.261,0.256,1.235,0.493,3.185,0.151,0.0
2026-08-15,12,2026081412,VTSR,2.268,3.949,11.7,3.907,14.294,3.535,14.294,0.867,0.027
2026-08-15,12,2026081412,VTSS,0.088,0.034,0.088,0.049,0.293,0.23,3.061,0.062,0.0
2026-08-15,12,2026081412,VTST,0.524,0.459,0.774,0.521,1.334,1.016,9.426,0.276,0.0
2026-08-15,12,2026081412,VTSY,0.033,0.063,0.146,0.142,2.109,0.038,2.109,0.013,0.0
2026-08-15,12,2026081412,VTUD,0.054,0.367,0.666,3.334,14.827,4.549,25.306,0.591,0.182
2026-08-15,12,2026081412,VTUI,1.553,5.579,10.819,5.827,19.882,2.843,20.026,0.529,0.058
2026-08-15,12,2026081412,VTUK,0.002,0.009,0.047,0.012,0.158,0.067,2.362,0.022,0.0
2026-08-15,12,2026081412,VTUL,0.024,0.007,0.024,0.016,0.121,0.082,3.251,0.027,0.0
2026-08-15,12,2026081412,VTUO,0.017,0.069,0.316,0.098,0.571,1.576,12.021,0.271,0.04
2026-08-15,12,2026081412,VTUQ,0.018,0.277,1.333,0.265,2.974,0.916,10.428,0.258,0.004
2026-08-15,12,2026081412,VTUU,0.007,0.005,0.012,0.043,0.268,1.639,11.844,0.271,0.018
2026-08-15,12,2026081412,VTUV,4.411,3.038,4.52,1.412,5.063,1.485,12.43,0.36,0.018
2026-08-15,12,2026081412,VTUW,15.845,11.372,16.615,5.797,20.247,2.943,21.627,0.378,0.098
2026-08-15,18,2026081418,VTBD,1.946,6.209,14.248,12.875,28.96,14.211,55.57,0.964,0.551
2026-08-15,18,2026081418,VTBO,0.724,1.009,1.793,2.416,8.944,7.117,26.488,0.809,0.293
2026-08-15,18,2026081418,VTBS,1.212,2.267,5.376,3.003,15.906,7.093,32.508,0.72,0.311
2026-08-15,18,2026081418,VTCC,0.032,0.207,0.504,0.333,1.532,0.678,5.755,0.244,0.0
2026-08-15,18,2026081418,VTCH,22.023,19.639,24.504,17.427,35.481,13.234,36.227,0.982,0.604
2026-08-15,18,2026081418,VTCL,0.038,0.17,0.574,0.075,0.574,0.064,1.131,0.004,0.0
2026-08-15,18,2026081418,VTCN,1.013,1.075,1.675,1.366,7.764,3.008,31.38,0.573,0.049
2026-08-15,18,2026081418,VTCP,0.014,0.016,0.043,0.026,0.158,0.046,0.843,0.0,0.0
2026-08-15,18,2026081418,VTCT,3.074,2.536,3.408,3.699,16.781,4.363,35.996,0.618,0.138
2026-08-15,18,2026081418,VTPB,2.298,2.629,4.112,2.345,8.086,4.593,20.97,0.858,0.133
2026-08-15,18,2026081418,VTPH,0.0,0.046,0.105,0.174,2.478,0.327,8.543,0.053,0.0
2026-08-15,18,2026081418,VTPM,6.333,7.994,13.29,11.089,21.15,12.739,65.754,0.996,0.533
2026-08-15,18,2026081418,VTPO,0.002,0.013,0.089,0.042,0.382,0.177,1.065,0.018,0.0
2026-08-15,18,2026081418,VTPP,0.557,0.399,0.989,0.349,2.426,1.478,13.51,0.271,0.049
2026-08-15,18,2026081418,VTSB,0.0,0.0,0.0,0.005,0.152,0.051,0.943,0.0,0.0
2026-08-15,18,2026081418,VTSC,0.0,0.013,0.055,0.025,0.084,0.462,9.205,0.133,0.0
2026-08-15,18,2026081418,VTSE,0.708,0.861,2.212,0.988,4.162,2.136,20.487,0.516,0.018
2026-08-15,18,2026081418,VTSF,0.489,0.816,4.68,1.885,14.85,1.242,14.85,0.267,0.022
2026-08-15,18,2026081418,VTSG,0.587,0.868,1.671,1.475,6.154,2.696,23.032,0.458,0.102
2026-08-15,18,2026081418,VTSM,0.0,0.011,0.059,0.073,0.523,0.305,6.128,0.062,0.0
2026-08-15,18,2026081418,VTSP,0.151,0.379,1.151,1.471,5.469,1.331,5.792,0.418,0.0
2026-08-15,18,2026081418,VTSR,3.234,4.003,9.16,5.207,15.246,5.809,17.38,0.858,0.204
2026-08-15,18,2026081418,VTSS,0.004,0.012,0.045,0.199,2.623,0.579,13.546,0.12,0.009
2026-08-15,18,2026081418,VTST,0.51,1.142,3.679,2.515,10.865,2.598,21.002,0.551,0.044
2026-08-15,18,2026081418,VTSY,0.002,0.079,0.476,0.083,0.678,0.356,15.12,0.053,0.009
2026-08-15,18,2026081418,VTUD,0.185,0.166,0.382,0.332,1.664,2.913,16.782,0.462,0.098
2026-08-15,18,2026081418,VTUI,0.214,0.435,1.32,0.369,2.783,1.839,12.66,0.413,0.018
2026-08-15,18,2026081418,VTUK,0.001,0.001,0.004,0.002,0.038,0.015,1.068,0.004,0.0
2026-08-15,18,2026081418,VTUL,0.0,0.004,0.032,0.104,1.836,0.266,7.791,0.062,0.0
2026-08-15,18,2026081418,VTUO,0.067,0.06,0.219,0.32,2.356,1.105,8.835,0.253,0.0
2026-08-15,18,2026081418,VTUQ,0.03,0.154,0.301,0.192,0.733,2.259,19.974,0.333,0.053
2026-08-15,18,2026081418,VTUU,0.648,1.451,2.258,2.57,12.178,3.969,16.898,0.591,0.191
2026-08-15,18,2026081418,VTUV,0.001,0.006,0.04,0.022,0.216,0.051,0.598,0.0,0.0
2026-08-15,18,2026081418,VTUW,1.572,1.237,2.143,2.852,9.588,6.211,24.151,0.827,0.222
2026-08-16,12,2026081512,VTBD,7.545,8.268,10.505,8.607,18.313,7.786,41.373,0.827,0.293
2026-08-16,12,2026081512,VTBO,0.399,1.64,6.425,1.489,7.992,1.464,8.666,0.427,0.0
2026-08-16,12,2026081512,VTBS,1.017,1.529,3.636,1.427,6.926,3.603,23.293,0.52,0.12
2026-08-16,12,2026081512,VTCC,11.397,7.603,14.9,3.635,14.9,2.091,14.9,0.507,0.044
2026-08-16,12,2026081512,VTCH,34.493,26.037,40.449,15.94,40.449,8.958,40.449,0.964,0.373
2026-08-16,12,2026081512,VTCL,0.457,0.43,0.928,0.265,1.296,0.126,1.296,0.013,0.0
2026-08-16,12,2026081512,VTCN,0.724,0.822,1.857,0.518,2.258,0.732,8.447,0.142,0.0
2026-08-16,12,2026081512,VTCP,0.039,0.051,0.187,0.036,0.303,0.065,1.155,0.009,0.0
2026-08-16,12,2026081512,VTCT,0.097,0.134,0.23,0.136,0.708,0.607,12.771,0.164,0.004
2026-08-16,12,2026081512,VTPB,1.874,1.829,2.618,2.677,10.429,3.681,17.036,0.649,0.093
2026-08-16,12,2026081512,VTPH,0.0,0.003,0.03,0.036,0.701,0.09,1.451,0.027,0.0
2026-08-16,12,2026081512,VTPM,15.867,14.174,16.445,12.107,19.172,11.667,42.027,0.978,0.587
2026-08-16,12,2026081512,VTPO,0.0,0.004,0.019,0.006,0.052,0.299,6.491,0.071,0.0
2026-08-16,12,2026081512,VTPP,0.0,0.009,0.032,0.052,0.734,0.43,9.156,0.093,0.0
2026-08-16,12,2026081512,VTSB,7.808,8.219,17.153,7.149,19.265,5.294,27.109,0.573,0.227
2026-08-16,12,2026081512,VTSC,0.738,0.802,2.845,3.106,19.112,8.72,54.829,0.529,0.284
2026-08-16,12,2026081512,VTSE,0.262,0.542,1.542,0.468,2.066,0.423,6.099,0.129,0.0
2026-08-16,12,2026081512,VTSF,1.018,3.325,9.238,2.6,9.238,3.251,32.095,0.662,0.062
2026-08-16,12,2026081512,VTSG,1.628,1.928,3.695,4.355,30.959,5.217,33.413,0.538,0.209
2026-08-16,12,2026081512,VTSM,3.271,4.404,8.479,5.618,17.616,5.4,19.166,0.693,0.213
2026-08-16,12,2026081512,VTSP,0.981,2.142,5.654,1.958,5.654,2.198,8.999,0.733,0.0
2026-08-16,12,2026081512,VTSR,9.106,8.512,13.34,6.771,21.334,8.803,28.818,0.987,0.311
2026-08-16,12,2026081512,VTSS,0.219,0.17,0.628,0.98,10.935,2.402,19.748,0.324,0.089
2026-08-16,12,2026081512,VTST,0.818,1.616,4.024,1.344,10.716,2.283,27.162,0.427,0.058
2026-08-16,12,2026081512,VTSY,0.267,1.013,3.242,3.539,42.347,2.887,42.347,0.391,0.098
2026-08-16,12,2026081512,VTUD,0.006,0.012,0.037,0.719,3.808,0.469,3.808,0.147,0.0
2026-08-16,12,2026081512,VTUI,3.443,4.107,8.723,2.974,10.62,2.45,15.95,0.489,0.049
2026-08-16,12,2026081512,VTUK,0.015,0.024,0.078,0.023,0.078,0.021,0.401,0.0,0.0
2026-08-16,12,2026081512,VTUL,0.036,0.024,0.037,0.016,0.093,0.76,28.911,0.089,0.022
2026-08-16,12,2026081512,VTUO,2.81,3.76,4.608,3.887,7.149,2.001,7.548,0.596,0.0
2026-08-16,12,2026081512,VTUQ,2.344,2.453,6.346,2.892,6.941,6.033,24.049,0.862,0.218
2026-08-16,12,2026081512,VTUU,0.223,0.142,0.353,0.147,1.169,0.46,5.912,0.111,0.0
2026-08-16,12,2026081512,VTUV,0.025,0.033,0.099,0.026,0.129,0.024,0.129,0.0,0.0
2026-08-16,12,2026081512,VTUW,2.882,2.703,5.227,2.886,10.156,3.689,16.427,0.871,0.053
2026-08-16,18,2026081518,VTBD,10.904,11.039,13.553,11.991,35.486,8.834,42.183,0.978,0.302
2026-08-16,18,2026081518,VTBO,0.199,0.33,0.838,1.137,4.381,1.128,8.042,0.36,0.0
2026-08-16,18,2026081518,VTBS,1.523,1.907,4.206,2.382,10.358,2.371,16.147,0.462,0.04
2026-08-16,18,2026081518,VTCC,0.032,0.064,0.191,0.1,1.022,0.163,1.483,0.031,0.0
2026-08-16,18,2026081518,VTCH,19.297,15.817,31.793,11.246,31.793,7.782,31.793,0.898,0.316
2026-08-16,18,2026081518,VTCL,1.241,2.865,8.587,1.747,8.654,1.152,10.758,0.298,0.009
2026-08-16,18,2026081518,VTCN,0.641,1.028,2.781,2.342,10.925,3.602,28.605,0.538,0.129
2026-08-16,18,2026081518,VTCP,0.049,0.336,1.104,0.488,2.87,2.32,16.388,0.489,0.049
2026-08-16,18,2026081518,VTCT,0.09,0.785,2.568,2.429,12.558,1.813,12.602,0.369,0.031
2026-08-16,18,2026081518,VTPB,3.037,2.904,4.491,2.905,7.857,2.711,13.437,0.76,0.013
2026-08-16,18,2026081518,VTPH,0.011,0.018,0.044,0.16,2.971,0.53,19.009,0.116,0.009
2026-08-16,18,2026081518,VTPM,3.476,3.684,6.63,6.886,24.246,11.305,47.339,0.991,0.44
2026-08-16,18,2026081518,VTPO,0.5,0.487,1.61,1.11,5.901,2.513,29.297,0.378,0.098
2026-08-16,18,2026081518,VTPP,2.438,1.548,2.619,2.21,9.637,4.737,26.059,0.644,0.151
2026-08-16,18,2026081518,VTSB,0.446,0.415,0.656,0.837,4.87,2.806,16.312,0.587,0.049
2026-08-16,18,2026081518,VTSC,0.002,0.076,0.313,0.398,3.031,2.824,32.324,0.342,0.107
2026-08-16,18,2026081518,VTSE,1.771,1.305,3.037,0.825,5.719,0.741,7.84,0.209,0.0
2026-08-16,18,2026081518,VTSF,2.731,5.327,15.291,4.099,19.198,5.242,36.099,0.596,0.209
2026-08-16,18,2026081518,VTSG,9.121,7.708,15.508,6.053,23.246,6.791,23.855,0.951,0.227
2026-08-16,18,2026081518,VTSM,3.221,4.671,9.878,6.135,20.227,3.411,20.227,0.564,0.124
2026-08-16,18,2026081518,VTSP,2.025,1.8,2.735,3.308,13.554,4.185,15.838,0.751,0.102
2026-08-16,18,2026081518,VTSR,17.763,14.817,22.526,9.932,23.597,6.317,27.666,0.938,0.227
2026-08-16,18,2026081518,VTSS,1.21,1.991,4.315,3.424,19.13,2.853,33.159,0.467,0.098
2026-08-16,18,2026081518,VTST,1.065,0.603,1.098,1.117,12.728,3.669,20.539,0.538,0.129
2026-08-16,18,2026081518,VTSY,0.0,0.018,0.094,0.103,1.997,0.304,6.73,0.089,0.0
2026-08-16,18,2026081518,VTUD,2.948,2.847,3.542,3.105,6.865,3.981,13.067,0.889,0.058
2026-08-16,18,2026081518,VTUI,1.582,1.793,3.609,3.086,10.665,5.448,17.599,0.64,0.267
2026-08-16,18,2026081518,VTUK,0.179,0.159,0.247,0.311,1.137,2.27,16.826,0.369,0.067
2026-08-16,18,2026081518,VTUL,0.098,0.093,0.148,0.122,0.406,0.694,12.72,0.133,0.009
2026-08-16,18,2026081518,VTUO,3.282,3.947,9.679,5.066,16.705,6.326,27.719,0.76,0.244
2026-08-16,18,2026081518,VTUQ,7.998,7.509,10.409,7.407,21.1,7.112,42.774,0.693,0.24
2026-08-16,18,2026081518,VTUU,1.11,1.201,2.922,1.503,7.535,0.864,7.93,0.244,0.0
2026-08-16,18,2026081518,VTUV,0.666,0.642,1.296,0.717,1.769,0.81,3.376,0.356,0.0
2026-08-16,18,2026081518,VTUW,0.222,0.209,0.258,0.407,1.726,1.804,10.776,0.369,0.036
2026-08-17,12,2026081612,VTBD,1.054,1.641,5.369,2.159,8.109,2.095,16.933,0.387,0.053
2026-08-17,12,2026081612,VTBO,0.541,0.469,0.688,0.483,1.165,0.641,3.003,0.222,0.0
2026-08-17,12,2026081612,VTBS,0.121,0.111,0.197,0.171,1.773,0.732,8.875,0.178,0.0
2026-08-17,12,2026081612,VTCC,0.121,0.055,0.121,0.13,1.279,0.114,2.648,0.018,0.0
2026-08-17,12,2026081612,VTCH,0.595,1.047,2.823,2.653,13.164,7.259,41.149,0.751,0.231
2026-08-17,12,2026081612,VTCL,0.0,0.002,0.011,0.057,0.642,0.117,4.005,0.036,0.0
2026-08-17,12,2026081612,VTCN,9.493,5.099,11.515,6.028,26.373,8.04,26.373,0.969,0.293
2026-08-17,12,2026081612,VTCP,0.024,0.042,0.167,0.099,2.831,0.523,9.051,0.156,0.0
2026-08-17,12,2026081612,VTCT,0.095,0.04,0.137,0.067,0.611,0.337,7.122,0.102,0.0
2026-08-17,12,2026081612,VTPB,0.227,0.086,0.265,0.056,0.265,0.106,2.051,0.013,0.0
2026-08-17,12,2026081612,VTPH,0.137,0.132,0.29,0.149,2.119,0.55,10.545,0.178,0.004
2026-08-17,12,2026081612,VTPM,6.274,5.268,8.244,5.125,14.428,4.901,14.588,0.907,0.098
2026-08-17,12,2026081612,VTPO,0.0,0.007,0.03,0.002,0.03,0.003,0.064,0.0,0.0
2026-08-17,12,2026081612,VTPP,0.0,0.0,0.002,0.001,0.011,0.013,0.717,0.0,0.0
2026-08-17,12,2026081612,VTSB,0.0,0.016,0.144,0.009,0.144,0.016,0.325,0.0,0.0
2026-08-17,12,2026081612,VTSC,3.309,4.216,9.925,2.369,9.925,6.971,46.006,0.653,0.222
2026-08-17,12,2026081612,VTSE,0.448,0.826,2.102,2.291,6.887,2.864,11.637,0.702,0.022
2026-08-17,12,2026081612,VTSF,0.911,0.659,2.523,1.279,9.043,1.161,11.384,0.24,0.013
2026-08-17,12,2026081612,VTSG,0.154,0.411,0.885,0.48,1.886,1.024,9.484,0.222,0.0
2026-08-17,12,2026081612,VTSM,6.539,8.813,11.442,5.314,17.443,2.263,17.443,0.409,0.049
2026-08-17,12,2026081612,VTSP,0.069,0.083,0.128,0.184,1.644,0.287,3.14,0.071,0.0
2026-08-17,12,2026081612,VTSR,1.593,2.99,5.649,4.238,9.386,3.283,14.805,0.716,0.022
2026-08-17,12,2026081612,VTSS,0.546,1.312,5.665,3.717,19.566,3.567,25.023,0.502,0.12
2026-08-17,12,2026081612,VTST,0.344,0.54,2.057,0.599,2.813,1.73,24.397,0.391,0.031
2026-08-17,12,2026081612,VTSY,0.067,0.154,0.45,0.26,1.506,1.224,29.034,0.227,0.031
2026-08-17,12,2026081612,VTUD,0.009,0.005,0.016,0.088,1.401,0.147,3.334,0.044,0.0
2026-08-17,12,2026081612,VTUI,0.453,0.558,2.137,0.418,2.748,1.194,13.698,0.227,0.036
2026-08-17,12,2026081612,VTUK,0.005,0.003,0.017,0.029,0.282,0.083,1.78,0.018,0.0
2026-08-17,12,2026081612,VTUL,0.0,0.0,0.0,0.0,0.003,0.009,1.132,0.004,0.0
2026-08-17,12,2026081612,VTUO,0.012,0.019,0.042,0.016,0.049,0.157,3.07,0.053,0.0
2026-08-17,12,2026081612,VTUQ,2.334,1.712,3.552,3.117,18.819,2.272,18.819,0.493,0.044
2026-08-17,12,2026081612,VTUU,0.109,0.109,0.267,0.197,1.955,0.208,4.274,0.058,0.0
2026-08-17,12,2026081612,VTUV,0.031,0.091,0.419,0.088,0.58,0.104,1.146,0.009,0.0
2026-08-17,12,2026081612,VTUW,9.195,8.476,12.01,8.143,17.035,5.633,25.042,0.822,0.191
2026-08-17,18,2026081618,VTBD,0.1,0.331,1.058,0.803,5.964,2.374,12.832,0.52,0.027
2026-08-17,18,2026081618,VTBO,0.348,0.504,1.263,0.659,4.285,1.968,17.77,0.409,0.022
2026-08-17,18,2026081618,VTBS,0.211,0.218,0.49,1.417,9.998,1.093,10.252,0.249,0.004
2026-08-17,18,2026081618,VTCC,0.0,0.0,0.0,0.0,0.0,0.003,0.164,0.0,0.0
2026-08-17,18,2026081618,VTCH,45.78,41.757,62.152,29.6,62.152,13.884,62.152,0.987,0.476
2026-08-17,18,2026081618,VTCL,0.0,0.0,0.0,0.0,0.007,0.064,3.133,0.018,0.0
2026-08-17,18,2026081618,VTCN,0.306,0.199,0.306,0.995,7.677,2.085,21.566,0.293,0.062
2026-08-17,18,2026081618,VTCP,0.289,0.279,0.522,0.676,5.028,0.591,10.323,0.12,0.004
2026-08-17,18,2026081618,VTCT,0.139,0.023,0.139,0.115,1.063,0.358,5.584,0.098,0.0
2026-08-17,18,2026081618,VTPB,0.003,0.049,0.169,0.085,0.364,0.938,14.784,0.178,0.013
2026-08-17,18,2026081618,VTPH,0.142,0.141,0.353,0.964,4.347,0.926,7.207,0.284,0.0
2026-08-17,18,2026081618,VTPM,1.933,2.715,4.116,3.059,7.834,3.613,11.528,0.862,0.013
2026-08-17,18,2026081618,VTPO,0.0,0.002,0.01,0.017,0.235,0.059,1.362,0.018,0.0
2026-08-17,18,2026081618,VTPP,0.0,0.027,0.083,0.335,3.142,0.791,16.787,0.156,0.018
2026-08-17,18,2026081618,VTSB,0.0,0.026,0.101,0.941,9.077,1.135,24.267,0.187,0.036
2026-08-17,18,2026081618,VTSC,0.093,0.34,1.522,0.559,2.228,4.324,31.357,0.476,0.164
2026-08-17,18,2026081618,VTSE,0.621,2.24,5.712,1.881,6.409,2.462,10.032,0.636,0.004
2026-08-17,18,2026081618,VTSF,0.0,0.09,0.807,0.205,4.394,0.286,5.346,0.084,0.0
2026-08-17,18,2026081618,VTSG,2.877,0.968,4.053,0.293,4.053,0.16,4.053,0.027,0.0
2026-08-17,18,2026081618,VTSM,0.005,0.067,0.223,0.08,0.34,0.165,1.973,0.009,0.0
2026-08-17,18,2026081618,VTSP,0.286,0.234,0.761,0.128,1.004,0.075,1.004,0.004,0.0
2026-08-17,18,2026081618,VTSR,3.571,8.409,17.122,14.007,40.124,11.93,40.2,1.0,0.462
2026-08-17,18,2026081618,VTSS,3.164,1.981,7.576,2.062,13.363,2.476,15.408,0.427,0.062
2026-08-17,18,2026081618,VTST,7.725,5.592,9.541,2.712,11.712,2.018,14.256,0.431,0.018
2026-08-17,18,2026081618,VTSY,0.317,0.268,0.695,2.054,23.338,1.313,23.338,0.307,0.022
2026-08-17,18,2026081618,VTUD,0.0,0.0,0.0,0.0,0.0,0.0,0.012,0.0,0.0
2026-08-17,18,2026081618,VTUI,0.0,0.0,0.0,0.002,0.084,0.003,0.132,0.0,0.0
2026-08-17,18,2026081618,VTUK,0.081,0.088,0.19,0.386,4.055,1.505,16.349,0.302,0.022
2026-08-17,18,2026081618,VTUL,0.0,0.0,0.0,0.0,0.0,0.011,0.886,0.0,0.0
2026-08-17,18,2026081618,VTUO,0.034,0.019,0.035,0.012,0.093,0.144,3.155,0.049,0.0
2026-08-17,18,2026081618,VTUQ,2.37,1.622,3.911,0.943,5.637,0.825,5.637,0.253,0.0
2026-08-17,18,2026081618,VTUU,0.029,0.038,0.057,0.025,0.145,0.026,0.302,0.0,0.0
2026-08-17,18,2026081618,VTUV,0.414,0.684,1.079,2.03,12.152,1.217,16.264,0.227,0.027
2026-08-17,18,2026081618,VTUW,0.017,0.017,0.037,0.055,0.47,0.077,1.37,0.004,0.0
2026-08-18,12,2026081712,VTBD,0.0,0.014,0.069,0.038,0.462,0.553,16.2,0.089,0.013
2026-08-18,12,2026081712,VTBO,2.123,1.483,3.987,2.178,11.604,2.331,24.028,0.547,0.027
2026-08-18,12,2026081712,VTBS,0.036,0.317,1.818,1.696,12.312,3.99,25.432,0.373,0.196
2026-08-18,12,2026081712,VTCC,0.044,0.037,0.255,0.019,0.271,0.008,0.271,0.0,0.0
2026-08-18,12,2026081712,VTCH,0.076,0.353,1.051,1.249,11.653,0.971,11.653,0.236,0.009
2026-08-18,12,2026081712,VTCL,0.0,0.0,0.001,0.001,0.013,0.003,0.179,0.0,0.0
2026-08-18,12,2026081712,VTCN,7.224,4.856,8.766,2.443,8.766,1.236,8.766,0.329,0.0
2026-08-18,12,2026081712,VTCP,0.0,0.0,0.0,0.001,0.031,0.015,0.378,0.0,0.0
2026-08-18,12,2026081712,VTCT,0.128,0.21,0.614,0.691,3.18,0.858,6.115,0.267,0.0
2026-08-18,12,2026081712,VTPB,0.413,0.3,0.718,0.299,1.446,0.482,5.224,0.142,0.0
2026-08-18,12,2026081712,VTPH,0.017,0.011,0.04,0.031,0.437,0.027,0.437,0.0,0.0
2026-08-18,12,2026081712,VTPM,4.018,6.327,9.924,8.525,20.35,7.458,32.535,0.929,0.253
2026-08-18,12,2026081712,VTPO,1.039,0.758,2.735,0.713,6.37,1.111,17.704,0.298,0.004
2026-08-18,12,2026081712,VTPP,0.0,0.0,0.0,0.006,0.169,0.592,13.109,0.133,0.009
2026-08-18,12,2026081712,VTSB,0.018,0.1,0.421,0.206,2.777,0.579,6.894,0.142,0.0
2026-08-18,12,2026081712,VTSC,0.349,0.736,2.003,0.275,2.003,0.478,10.277,0.111,0.004
2026-08-18,12,2026081712,VTSE,0.157,0.566,1.449,1.733,7.652,4.003,30.337,0.484,0.147
2026-08-18,12,2026081712,VTSF,0.0,0.007,0.027,0.357,6.099,2.791,25.698,0.36,0.102
2026-08-18,12,2026081712,VTSG,0.396,0.612,1.649,1.377,9.552,3.36,18.963,0.591,0.089
2026-08-18,12,2026081712,VTSM,0.127,0.089,0.158,0.109,0.581,0.1,1.142,0.009,0.0
2026-08-18,12,2026081712,VTSP,0.748,3.096,8.842,1.66,8.842,1.434,8.842,0.489,0.0
2026-08-18,12,2026081712,VTSR,0.381,0.374,1.024,0.683,2.718,1.518,7.347,0.529,0.0
2026-08-18,12,2026081712,VTSS,0.0,0.0,0.0,0.0,0.0,0.023,0.639,0.0,0.0
2026-08-18,12,2026081712,VTST,2.789,2.499,4.17,2.764,13.101,3.148,23.573,0.533,0.107
2026-08-18,12,2026081712,VTSY,0.015,1.087,4.153,2.002,33.183,2.392,33.183,0.453,0.04
2026-08-18,12,2026081712,VTUD,0.103,0.028,0.103,0.022,0.156,0.033,0.193,0.0,0.0
2026-08-18,12,2026081712,VTUI,7.581,7.451,16.884,7.53,33.605,6.848,46.26,0.831,0.178
2026-08-18,12,2026081712,VTUK,5.156,4.829,8.17,2.775,9.619,2.171,18.506,0.347,0.062
2026-08-18,12,2026081712,VTUL,0.072,0.035,0.072,0.019,0.072,0.052,1.078,0.009,0.0
2026-08-18,12,2026081712,VTUO,0.003,0.003,0.013,0.002,0.022,0.018,0.859,0.0,0.0
2026-08-18,12,2026081712,VTUQ,0.016,0.03,0.208,0.021,0.208,0.015,0.208,0.0,0.0
2026-08-18,12,2026081712,VTUU,0.337,0.525,1.637,0.888,5.936,1.824,11.854,0.444,0.009
2026-08-18,12,2026081712,VTUV,3.37,4.559,9.571,5.557,14.795,5.1,29.358,0.756,0.182
2026-08-18,12,2026081712,VTUW,48.834,48.977,61.105,46.717,71.551,39.51,80.02,1.0,1.0
2026-08-18,18,2026081718,VTBD,0.0,0.0,0.0,0.0,0.0,0.217,15.087,0.027,0.009
2026-08-18,18,2026081718,VTBO,0.254,0.445,0.895,1.599,14.664,2.251,27.807,0.436,0.04
2026-08-18,18,2026081718,VTBS,0.225,0.328,0.628,0.729,7.23,2.004,30.883,0.324,0.036
2026-08-18,18,2026081718,VTCC,0.0,0.0,0.0,0.0,0.001,0.032,0.904,0.0,0.0
2026-08-18,18,2026081718,VTCH,1.477,1.658,2.996,2.519,16.158,2.074,16.158,0.618,0.013
2026-08-18,18,2026081718,VTCL,0.0,0.0,0.0,0.002,0.04,0.002,0.048,0.0,0.0
2026-08-18,18,2026081718,VTCN,0.091,0.077,0.251,0.216,1.209,0.308,6.443,0.062,0.0
2026-08-18,18,2026081718,VTCP,0.029,0.033,0.101,0.008,0.101,0.521,11.803,0.098,0.009
2026-08-18,18,2026081718,VTCT,2.438,2.77,4.369,2.596,5.729,2.772,15.376,0.8,0.027
2026-08-18,18,2026081718,VTPB,0.0,0.104,0.455,0.108,0.666,0.131,1.678,0.027,0.0
2026-08-18,18,2026081718,VTPH,0.0,0.044,0.197,0.038,0.197,0.039,0.335,0.0,0.0
2026-08-18,18,2026081718,VTPM,2.696,3.623,6.588,6.478,17.033,8.179,32.629,0.996,0.236
2026-08-18,18,2026081718,VTPO,0.362,0.753,1.615,1.704,5.058,2.018,12.368,0.564,0.004
2026-08-18,18,2026081718,VTPP,0.0,0.002,0.014,0.107,1.325,0.537,7.613,0.178,0.0
2026-08-18,18,2026081718,VTSB,0.0,0.005,0.028,0.029,0.188,0.27,6.179,0.053,0.0
2026-08-18,18,2026081718,VTSC,6.778,3.671,11.227,2.426,11.227,2.599,18.0,0.507,0.071
2026-08-18,18,2026081718,VTSE,0.672,1.018,2.321,0.663,2.793,0.384,3.266,0.076,0.0
2026-08-18,18,2026081718,VTSF,0.051,0.029,0.102,0.041,0.544,0.576,14.13,0.124,0.004
2026-08-18,18,2026081718,VTSG,3.983,3.839,7.62,3.062,9.469,2.814,16.29,0.698,0.013
2026-08-18,18,2026081718,VTSM,0.004,0.021,0.116,0.051,0.6,0.04,0.668,0.0,0.0
2026-08-18,18,2026081718,VTSP,2.563,2.38,3.259,1.877,3.764,1.654,4.441,0.631,0.0
2026-08-18,18,2026081718,VTSR,0.412,0.368,0.747,1.696,8.952,2.209,17.028,0.507,0.018
2026-08-18,18,2026081718,VTSS,0.0,0.0,0.0,0.0,0.0,0.056,2.429,0.018,0.0
2026-08-18,18,2026081718,VTST,13.652,7.815,13.652,4.406,17.605,3.077,17.605,0.804,0.071
2026-08-18,18,2026081718,VTSY,9.401,9.178,18.553,6.219,36.086,6.094,67.437,0.764,0.156
2026-08-18,18,2026081718,VTUD,0.011,0.011,0.045,0.01,0.063,0.018,0.237,0.0,0.0
2026-08-18,18,2026081718,VTUI,0.035,0.044,0.068,0.051,0.145,0.09,0.767,0.0,0.0
2026-08-18,18,2026081718,VTUK,0.631,0.643,1.518,0.849,4.658,0.597,7.136,0.178,0.0
2026-08-18,18,2026081718,VTUL,0.0,0.0,0.0,0.0,0.008,0.008,0.459,0.0,0.0
2026-08-18,18,2026081718,VTUO,0.0,0.008,0.029,0.007,0.029,0.004,0.031,0.0,0.0
2026-08-18,18,2026081718,VTUQ,0.0,0.0,0.0,0.875,15.102,0.767,15.102,0.142,0.018
2026-08-18,18,2026081718,VTUU,3.898,5.13,9.922,8.471,15.08,10.753,69.127,0.947,0.444
2026-08-18,18,2026081718,VTUV,0.127,0.274,0.982,1.311,8.117,1.839,16.341,0.373,0.04
2026-08-18,18,2026081718,VTUW,8.24,9.383,14.68,14.005,42.076,15.393,49.448,0.978,0.56
2026-08-19,12,2026081812,VTBD,0.138,0.285,0.918,0.438,1.648,0.446,6.373,0.142,0.0
2026-08-19,12,2026081812,VTBO,1.133,1.552,4.552,1.291,7.721,1.386,11.632,0.382,0.004
2026-08-19,12,2026081812,VTBS,0.0,0.014,0.056,0.192,1.308,1.984,17.591,0.311,0.067
2026-08-19,12,2026081812,VTCC,1.158,1.25,2.011,1.619,5.069,1.572,5.069,0.622,0.0
2026-08-19,12,2026081812,VTCH,5.082,5.856,8.29,6.819,18.022,8.959,38.147,1.0,0.249
2026-08-19,12,2026081812,VTCL,0.3,0.352,0.574,0.681,2.339,1.078,5.937,0.36,0.0
2026-08-19,12,2026081812,VTCN,38.885,34.379,38.885,28.784,38.885,25.614,58.248,1.0,1.0
2026-08-19,12,2026081812,VTCP,5.733,6.241,9.132,6.333,12.615,7.215,18.34,0.996,0.258
2026-08-19,12,2026081812,VTCT,44.874,40.98,56.525,37.536,88.41,33.919,106.339,1.0,0.889
2026-08-19,12,2026081812,VTPB,3.698,4.263,6.712,4.476,11.072,4.996,26.108,0.969,0.102
2026-08-19,12,2026081812,VTPH,0.0,0.001,0.006,0.016,0.331,0.047,0.893,0.0,0.0
2026-08-19,12,2026081812,VTPM,10.44,11.194,13.854,14.008,36.158,20.212,80.492,1.0,0.871
2026-08-19,12,2026081812,VTPO,6.33,5.905,8.215,7.126,20.32,6.062,25.223,0.84,0.2
2026-08-19,12,2026081812,VTPP,0.177,0.219,0.483,0.307,1.207,0.833,7.779,0.236,0.0
2026-08-19,12,2026081812,VTSB,0.341,0.419,0.973,0.242,1.983,0.373,2.973,0.111,0.0
2026-08-19,12,2026081812,VTSC,0.58,2.777,11.038,3.548,13.784,2.676,13.784,0.489,0.049
2026-08-19,12,2026081812,VTSE,1.356,0.754,1.562,1.589,5.405,2.571,11.218,0.769,0.004
2026-08-19,12,2026081812,VTSF,0.0,0.0,0.0,0.0,0.002,0.032,2.158,0.009,0.0
2026-08-19,12,2026081812,VTSG,0.415,0.255,0.415,0.284,1.093,0.686,7.557,0.169,0.0
2026-08-19,12,2026081812,VTSM,0.754,1.584,3.585,1.048,4.214,0.474,4.214,0.138,0.0
2026-08-19,12,2026081812,VTSP,0.803,0.935,1.237,0.477,1.417,0.736,6.095,0.209,0.0
2026-08-19,12,2026081812,VTSR,2.73,4.057,7.411,7.879,23.009,9.624,31.581,0.969,0.387
2026-08-19,12,2026081812,VTSS,0.0,0.0,0.0,0.007,0.166,0.077,1.89,0.022,0.0
2026-08-19,12,2026081812,VTST,0.18,0.766,2.669,0.58,3.748,0.61,4.74,0.129,0.0
2026-08-19,12,2026081812,VTSY,2.161,4.961,11.52,4.015,12.756,5.399,27.157,0.858,0.187
2026-08-19,12,2026081812,VTUD,28.79,28.904,33.803,26.06,41.89,22.319,53.493,1.0,0.836
2026-08-19,12,2026081812,VTUI,7.856,7.691,8.784,7.967,14.195,11.412,32.69,1.0,0.52
2026-08-19,12,2026081812,VTUK,2.071,1.832,2.451,1.647,4.605,2.407,9.662,0.902,0.0
2026-08-19,12,2026081812,VTUL,3.07,4.061,8.849,6.653,23.866,10.556,29.695,1.0,0.458
2026-08-19,12,2026081812,VTUO,0.077,0.081,0.153,0.099,0.338,0.236,2.709,0.031,0.0
2026-08-19,12,2026081812,VTUQ,11.824,9.426,13.068,6.667,18.296,3.915,21.089,0.671,0.098
2026-08-19,12,2026081812,VTUU,2.111,2.2,3.822,3.358,10.809,3.761,18.454,0.738,0.107
2026-08-19,12,2026081812,VTUV,29.331,29.709,36.371,25.758,36.371,22.411,43.755,1.0,1.0
2026-08-19,12,2026081812,VTUW,39.838,46.415,64.121,53.443,108.113,49.793,134.822,1.0,1.0
2026-08-19,18,2026081818,VTBD,5.689,5.322,11.603,3.663,14.517,4.35,21.018,0.769,0.116
2026-08-19,18,2026081818,VTBO,4.263,3.809,7.851,4.144,12.939,4.95,18.893,0.782,0.222
2026-08-19,18,2026081818,VTBS,36.114,32.606,53.582,21.053,57.077,10.347,57.763,0.782,0.289
2026-08-19,18,2026081818,VTCC,6.533,4.435,6.533,3.58,7.263,3.349,7.282,1.0,0.0
2026-08-19,18,2026081818,VTCH,1.173,1.509,2.876,3.485,17.635,4.49,52.442,0.867,0.093
2026-08-19,18,2026081818,VTCL,0.291,0.411,0.688,0.716,2.123,1.245,5.215,0.524,0.0
2026-08-19,18,2026081818,VTCN,29.068,27.074,32.7,27.053,38.779,30.568,81.063,1.0,0.924
2026-08-19,18,2026081818,VTCP,16.324,14.471,18.818,10.258,18.818,7.996,23.35,0.991,0.32
2026-08-19,18,2026081818,VTCT,33.405,32.266,38.137,29.304,90.069,24.653,93.873,1.0,0.84
2026-08-19,18,2026081818,VTPB,6.215,7.509,11.264,10.776,18.385,14.158,55.711,1.0,0.631
2026-08-19,18,2026081818,VTPH,0.015,0.007,0.017,0.016,0.152,0.331,8.868,0.067,0.0
2026-08-19,18,2026081818,VTPM,30.257,25.928,31.431,27.795,53.748,31.907,119.228,1.0,0.871
2026-08-19,18,2026081818,VTPO,1.679,1.874,2.742,3.263,8.45,5.667,20.787,0.982,0.138
2026-08-19,18,2026081818,VTPP,3.627,3.851,5.957,4.361,12.869,5.839,27.704,1.0,0.129
2026-08-19,18,2026081818,VTSB,0.002,0.016,0.073,0.044,0.414,0.205,3.172,0.049,0.0
2026-08-19,18,2026081818,VTSC,1.38,1.271,2.917,1.352,8.476,1.932,11.087,0.48,0.009
2026-08-19,18,2026081818,VTSE,0.617,1.116,2.209,4.253,18.515,3.745,26.834,0.698,0.062
2026-08-19,18,2026081818,VTSF,0.0,0.0,0.0,0.0,0.0,0.02,1.303,0.009,0.0
2026-08-19,18,2026081818,VTSG,0.144,0.074,0.173,0.199,0.935,0.196,1.602,0.018,0.0
2026-08-19,18,2026081818,VTSM,1.267,0.608,1.622,0.544,1.972,0.296,2.108,0.089,0.0
2026-08-19,18,2026081818,VTSP,0.041,0.166,0.485,0.308,0.86,0.341,2.212,0.053,0.0
2026-08-19,18,2026081818,VTSR,32.88,32.287,47.688,30.323,57.957,22.445,57.957,1.0,0.778
2026-08-19,18,2026081818,VTSS,0.013,0.096,0.58,0.093,0.863,0.18,3.221,0.053,0.0
2026-08-19,18,2026081818,VTST,2.007,1.018,2.189,0.826,2.189,0.809,5.224,0.28,0.0
2026-08-19,18,2026081818,VTSY,0.155,0.962,2.571,3.656,23.155,4.032,23.16,0.68,0.12
2026-08-19,18,2026081818,VTUD,8.172,8.361,10.654,8.329,11.876,6.543,13.492,1.0,0.098
2026-08-19,18,2026081818,VTUI,25.276,30.107,56.376,34.009,62.217,42.873,132.353,1.0,0.947
2026-08-19,18,2026081818,VTUK,54.359,53.198,58.08,50.91,61.978,46.189,77.417,1.0,1.0
2026-08-19,18,2026081818,VTUL,2.444,2.863,4.393,3.952,7.659,7.989,59.126,1.0,0.271
2026-08-19,18,2026081818,VTUO,12.223,12.036,13.671,11.077,14.331,8.848,15.303,1.0,0.36
2026-08-19,18,2026081818,VTUQ,1.187,1.019,1.278,0.888,1.981,4.828,25.715,0.591,0.204
2026-08-19,18,2026081818,VTUU,3.747,4.026,4.934,4.124,6.29,4.71,13.936,1.0,0.013
2026-08-19,18,2026081818,VTUV,95.992,93.417,98.59,91.205,109.05,67.737,117.653,1.0,1.0
2026-08-19,18,2026081818,VTUW,27.077,24.165,27.441,23.815,52.905,31.844,120.757,1.0,0.996
2026-08-20,12,2026081912,VTBD,0.019,0.017,0.026,0.011,0.05,0.04,0.476,0.0,0.0
2026-08-20,12,2026081912,VTBO,10.64,11.971,19.827,11.415,19.827,10.007,29.254,1.0,0.471
2026-08-20,12,2026081912,VTBS,0.084,0.048,0.084,0.052,0.148,0.096,0.468,0.0,0.0
2026-08-20,12,2026081912,VTCC,10.177,10.752,16.41,13.426,28.159,11.76,31.702,1.0,0.427
2026-08-20,12,2026081912,VTCH,3.71,5.126,10.088,5.764,14.82,10.22,51.192,0.991,0.427
2026-08-20,12,2026081912,VTCL,11.876,10.932,13.151,10.82,24.758,10.399,33.312,1.0,0.44
2026-08-20,12,2026081912,VTCN,1.738,1.713,2.46,2.35,8.553,3.482,14.017,0.893,0.009
2026-08-20,12,2026081912,VTCP,7.568,7.447,8.577,6.57,11.295,6.664,21.489,1.0,0.133
2026-08-20,12,2026081912,VTCT,0.569,0.892,1.838,0.971,2.626,1.063,4.979,0.502,0.0
2026-08-20,12,2026081912,VTPB,12.702,13.273,20.887,13.574,44.168,21.508,90.475,1.0,0.787
2026-08-20,12,2026081912,VTPH,6.178,5.277,9.069,4.176,9.984,3.208,13.485,0.698,0.049
2026-08-20,12,2026081912,VTPM,20.189,22.719,30.007,30.266,51.159,38.189,91.205,1.0,0.978
2026-08-20,12,2026081912,VTPO,39.594,36.972,51.942,30.934,60.095,24.844,60.095,1.0,0.836
2026-08-20,12,2026081912,VTPP,19.091,20.392,29.537,23.18,48.146,22.52,58.212,1.0,0.84
2026-08-20,12,2026081912,VTSB,0.003,0.007,0.022,0.531,4.789,0.842,10.21,0.191,0.004
2026-08-20,12,2026081912,VTSC,2.296,1.72,3.375,1.165,5.88,2.142,28.04,0.404,0.058
2026-08-20,12,2026081912,VTSE,7.791,8.196,11.824,8.256,19.476,6.491,22.778,0.84,0.231
2026-08-20,12,2026081912,VTSF,1.053,1.159,2.725,1.037,4.697,1.336,8.451,0.378,0.0
2026-08-20,12,2026081912,VTSG,1.897,1.724,3.295,1.221,3.841,1.255,5.811,0.489,0.0
2026-08-20,12,2026081912,VTSM,0.021,0.011,0.078,0.002,0.078,0.339,8.743,0.084,0.0
2026-08-20,12,2026081912,VTSP,0.426,0.671,1.656,0.477,2.822,0.315,5.318,0.08,0.0
2026-08-20,12,2026081912,VTSR,2.134,2.37,4.099,2.832,7.764,2.258,9.658,0.729,0.0
2026-08-20,12,2026081912,VTSS,0.381,0.161,0.714,0.337,2.774,1.055,12.084,0.213,0.013
2026-08-20,12,2026081912,VTST,0.003,0.069,0.212,0.043,0.35,0.14,1.258,0.013,0.0
2026-08-20,12,2026081912,VTSY,0.0,0.003,0.018,0.055,0.864,0.12,2.255,0.031,0.0
2026-08-20,12,2026081912,VTUD,4.043,4.064,4.307,4.467,6.076,5.866,18.401,1.0,0.058
2026-08-20,12,2026081912,VTUI,5.258,5.809,8.427,7.417,20.341,7.717,27.857,1.0,0.244
2026-08-20,12,2026081912,VTUK,21.614,21.699,24.371,20.122,34.646,20.507,54.032,0.982,0.782
2026-08-20,12,2026081912,VTUL,7.818,4.631,13.341,2.123,13.341,1.967,13.341,0.693,0.004
2026-08-20,12,2026081912,VTUO,15.288,14.917,21.028,13.059,21.028,9.651,21.028,1.0,0.467
2026-08-20,12,2026081912,VTUQ,0.874,0.946,1.22,1.385,2.653,2.324,8.244,0.818,0.0
2026-08-20,12,2026081912,VTUU,0.664,0.863,1.37,1.266,2.612,1.767,4.885,0.684,0.0
2026-08-20,12,2026081912,VTUV,5.475,6.373,8.666,10.471,25.622,13.411,27.811,1.0,0.542
2026-08-20,12,2026081912,VTUW,9.064,9.693,11.513,10.033,15.662,13.497,39.858,1.0,0.724
2026-08-20,18,2026081918,VTBD,4.985,6.016,12.526,6.057,14.978,5.294,18.563,0.564,0.253
2026-08-20,18,2026081918,VTBO,16.672,16.276,24.011,13.139,27.33,14.045,32.217,1.0,0.64
2026-08-20,18,2026081918,VTBS,11.056,10.33,11.705,11.576,20.03,9.831,23.027,1.0,0.489
2026-08-20,18,2026081918,VTCC,0.887,0.922,1.3,1.227,3.647,1.572,13.499,0.569,0.013
2026-08-20,18,2026081918,VTCH,6.539,5.962,7.846,7.895,20.651,12.977,48.909,1.0,0.533
2026-08-20,18,2026081918,VTCL,2.115,2.285,7.254,2.289,7.781,2.491,12.573,0.622,0.018
2026-08-20,18,2026081918,VTCN,1.074,0.889,1.751,0.822,4.93,1.384,17.254,0.311,0.018
2026-08-20,18,2026081918,VTCP,8.253,9.195,14.631,8.839,22.699,12.991,40.3,0.996,0.569
2026-08-20,18,2026081918,VTCT,0.177,0.18,0.207,0.502,2.109,0.655,3.605,0.196,0.0
2026-08-20,18,2026081918,VTPB,14.789,14.173,23.22,11.181,26.284,13.499,64.74,1.0,0.467
2026-08-20,18,2026081918,VTPH,0.193,0.171,0.491,0.269,1.27,0.434,9.194,0.098,0.0
2026-08-20,18,2026081918,VTPM,12.137,14.842,19.733,24.099,60.992,33.606,104.384,1.0,0.973
2026-08-20,18,2026081918,VTPO,36.027,40.137,56.761,40.248,70.141,30.917,70.141,1.0,0.92
2026-08-20,18,2026081918,VTPP,15.956,16.42,24.694,18.057,41.202,26.858,88.96,1.0,0.711
2026-08-20,18,2026081918,VTSB,0.035,0.098,0.37,0.116,0.95,0.18,1.391,0.036,0.0
2026-08-20,18,2026081918,VTSC,22.963,13.87,26.165,10.763,33.539,8.061,50.12,0.804,0.329
2026-08-20,18,2026081918,VTSE,13.392,7.662,13.857,6.729,14.571,8.471,24.555,0.991,0.36
2026-08-20,18,2026081918,VTSF,0.002,0.01,0.062,0.031,0.821,0.144,5.569,0.036,0.0
2026-08-20,18,2026081918,VTSG,0.077,0.15,0.58,0.275,0.98,0.213,0.985,0.0,0.0
2026-08-20,18,2026081918,VTSM,0.0,0.028,0.151,0.045,0.352,0.021,0.352,0.0,0.0
2026-08-20,18,2026081918,VTSP,0.738,0.36,0.738,0.173,0.738,0.358,5.133,0.076,0.0
2026-08-20,18,2026081918,VTSR,2.777,2.121,4.211,2.969,10.362,2.568,10.362,0.684,0.009
2026-08-20,18,2026081918,VTSS,0.0,0.0,0.0,0.009,0.119,0.074,2.274,0.022,0.0
2026-08-20,18,2026081918,VTST,0.045,0.133,0.246,0.362,1.203,0.611,4.082,0.164,0.0
2026-08-20,18,2026081918,VTSY,0.017,0.023,0.062,0.057,0.535,0.338,5.796,0.111,0.0
2026-08-20,18,2026081918,VTUD,1.554,1.567,2.117,1.799,4.232,2.116,5.374,0.818,0.0
2026-08-20,18,2026081918,VTUI,16.957,13.72,18.74,10.804,20.073,12.52,23.452,1.0,0.622
2026-08-20,18,2026081918,VTUK,6.328,7.075,12.531,8.3,19.586,8.515,25.969,1.0,0.351
2026-08-20,18,2026081918,VTUL,0.609,0.687,0.964,0.765,1.197,1.491,10.914,0.627,0.004
2026-08-20,18,2026081918,VTUO,7.37,7.299,8.745,7.814,9.667,6.963,10.391,1.0,0.018
2026-08-20,18,2026081918,VTUQ,5.012,5.048,5.681,5.467,9.467,5.153,9.467,1.0,0.0
2026-08-20,18,2026081918,VTUU,10.237,9.534,11.579,8.264,11.888,8.899,23.799,1.0,0.356
2026-08-20,18,2026081918,VTUV,1.608,1.854,3.601,3.495,14.718,4.726,15.528,0.831,0.16
2026-08-20,18,2026081918,VTUW,17.166,17.896,21.802,20.026,30.869,27.574,71.205,1.0,1.0
2026-08-21,12,2026082012,VTBD,0.961,1.308,1.935,4.81,20.346,11.025,44.185,0.978,0.427
2026-08-21,12,2026082012,VTBO,3.088,3.75,7.477,5.524,14.101,4.484,20.437,0.929,0.111
2026-08-21,12,2026082012,VTBS,7.645,7.764,11.411,7.449,16.5,5.562,19.635,0.911,0.204
2026-08-21,12,2026082012,VTCC,0.0,0.01,0.061,1.041,15.341,1.138,30.168,0.173,0.031
2026-08-21,12,2026082012,VTCH,0.768,2.807,7.464,5.24,37.598,3.312,37.598,0.591,0.071
2026-08-21,12,2026082012,VTCL,13.664,8.626,13.664,3.66,13.664,5.241,47.056,0.587,0.164
2026-08-21,12,2026082012,VTCN,0.085,0.095,0.322,0.189,1.143,0.362,6.293,0.111,0.0
2026-08-21,12,2026082012,VTCP,1.563,1.103,2.089,1.299,7.432,0.708,7.432,0.227,0.0
2026-08-21,12,2026082012,VTCT,0.0,0.015,0.073,0.353,4.548,0.307,4.548,0.062,0.0
2026-08-21,12,2026082012,VTPB,4.651,4.65,7.972,3.312,7.972,3.475,15.121,0.84,0.031
2026-08-21,12,2026082012,VTPH,19.748,20.542,31.545,19.186,31.545,15.396,31.545,1.0,0.804
2026-08-21,12,2026082012,VTPM,15.04,14.854,20.2,16.47,27.751,18.159,40.76,1.0,0.836
2026-08-21,12,2026082012,VTPO,0.438,0.452,0.606,0.479,1.203,0.653,2.448,0.267,0.0
2026-08-21,12,2026082012,VTPP,3.931,3.676,4.097,3.253,4.797,3.721,8.952,0.942,0.0
2026-08-21,12,2026082012,VTSB,4.763,6.535,14.356,5.449,17.727,4.322,19.02,0.898,0.107
2026-08-21,12,2026082012,VTSC,0.017,0.067,0.284,0.454,4.096,1.872,15.398,0.369,0.036
2026-08-21,12,2026082012,VTSE,5.941,6.458,12.634,7.143,16.85,5.004,20.321,0.942,0.098
2026-08-21,12,2026082012,VTSF,0.213,0.239,0.566,0.165,1.075,0.131,1.617,0.013,0.0
2026-08-21,12,2026082012,VTSG,2.673,5.256,15.65,5.728,17.312,3.433,17.312,0.547,0.107
2026-08-21,12,2026082012,VTSM,0.357,0.322,0.921,0.374,1.164,1.581,21.496,0.311,0.04
2026-08-21,12,2026082012,VTSP,0.431,0.351,0.489,0.423,2.303,0.491,2.638,0.191,0.0
2026-08-21,12,2026082012,VTSR,5.549,6.809,13.332,8.865,19.236,11.318,28.069,0.982,0.538
2026-08-21,12,2026082012,VTSS,0.046,0.24,0.974,0.093,0.984,0.029,0.984,0.0,0.0
2026-08-21,12,2026082012,VTST,0.008,0.113,0.365,0.374,2.378,0.197,3.631,0.067,0.0
2026-08-21,12,2026082012,VTSY,0.876,1.1,6.348,1.293,12.045,2.061,24.718,0.364,0.067
2026-08-21,12,2026082012,VTUD,3.008,4.917,12.505,5.254,19.83,3.3,22.226,0.524,0.133
2026-08-21,12,2026082012,VTUI,0.065,0.225,0.75,0.422,1.945,1.86,12.042,0.462,0.027
2026-08-21,12,2026082012,VTUK,0.012,0.048,0.184,0.194,0.815,0.383,2.529,0.102,0.0
2026-08-21,12,2026082012,VTUL,0.014,0.036,0.188,0.039,0.299,0.19,7.237,0.049,0.0
2026-08-21,12,2026082012,VTUO,3.846,4.097,8.114,3.808,9.812,2.78,11.225,0.738,0.009
2026-08-21,12,2026082012,VTUQ,8.581,7.491,13.611,5.886,14.425,3.727,16.311,0.538,0.142
2026-08-21,12,2026082012,VTUU,0.156,0.153,0.182,0.219,0.671,0.43,1.384,0.058,0.0
2026-08-21,12,2026082012,VTUV,1.042,0.768,1.093,0.645,1.142,0.662,2.184,0.2,0.0
2026-08-21,12,2026082012,VTUW,5.677,6.373,10.883,6.436,14.422,6.876,18.668,0.982,0.227
2026-08-21,18,2026082018,VTBD,19.568,21.596,39.533,16.295,39.533,11.211,40.049,1.0,0.333
2026-08-21,18,2026082018,VTBO,5.535,6.858,14.384,8.606,25.548,9.951,31.593,1.0,0.453
2026-08-21,18,2026082018,VTBS,1.944,4.078,8.838,5.537,14.243,8.147,24.787,1.0,0.338
2026-08-21,18,2026082018,VTCC,0.0,0.024,0.201,0.257,2.156,0.297,9.121,0.084,0.0
2026-08-21,18,2026082018,VTCH,1.742,2.471,7.717,4.833,21.949,4.489,30.054,0.738,0.129
2026-08-21,18,2026082018,VTCL,0.041,0.521,3.582,0.251,3.582,1.473,26.619,0.213,0.044
2026-08-21,18,2026082018,VTCN,0.153,0.278,0.617,0.214,0.748,0.986,48.228,0.102,0.022
2026-08-21,18,2026082018,VTCP,0.014,0.094,0.59,0.368,4.3,0.783,18.721,0.178,0.009
2026-08-21,18,2026082018,VTCT,0.034,0.305,1.272,0.507,1.753,0.34,5.312,0.102,0.0
2026-08-21,18,2026082018,VTPB,8.107,8.294,10.949,9.36,20.317,13.327,54.174,1.0,0.613
2026-08-21,18,2026082018,VTPH,1.256,1.729,2.672,2.491,6.237,2.487,15.458,0.649,0.04
2026-08-21,18,2026082018,VTPM,15.19,18.029,30.385,25.267,61.695,27.612,68.969,1.0,0.938
2026-08-21,18,2026082018,VTPO,0.936,0.912,1.209,0.857,1.759,1.39,7.878,0.498,0.0
2026-08-21,18,2026082018,VTPP,16.065,16.479,21.736,17.959,38.091,20.165,46.629,1.0,0.693
2026-08-21,18,2026082018,VTSB,3.704,5.12,12.071,5.587,29.958,5.207,29.958,0.773,0.164
2026-08-21,18,2026082018,VTSC,1.569,1.571,3.312,1.84,12.993,1.537,15.32,0.378,0.027
2026-08-21,18,2026082018,VTSE,0.494,0.488,0.82,0.322,1.385,0.595,4.35,0.178,0.0
2026-08-21,18,2026082018,VTSF,0.001,0.027,0.142,0.216,1.308,0.426,4.786,0.12,0.0
2026-08-21,18,2026082018,VTSG,0.251,0.359,1.022,0.746,3.355,1.692,14.139,0.373,0.022
2026-08-21,18,2026082018,VTSM,1.523,1.435,3.55,1.451,6.352,1.965,13.438,0.409,0.027
2026-08-21,18,2026082018,VTSP,0.278,0.496,1.637,1.385,9.806,1.361,16.817,0.307,0.013
2026-08-21,18,2026082018,VTSR,13.062,10.794,14.516,7.033,14.955,3.499,14.955,0.738,0.058
2026-08-21,18,2026082018,VTSS,0.0,0.004,0.027,0.022,0.606,0.019,1.099,0.004,0.0
2026-08-21,18,2026082018,VTST,0.036,0.036,0.104,0.052,0.252,0.038,0.561,0.0,0.0
2026-08-21,18,2026082018,VTSY,0.041,0.088,0.219,0.221,2.676,2.776,82.125,0.258,0.071
2026-08-21,18,2026082018,VTUD,0.036,0.073,0.184,0.473,6.194,1.152,14.367,0.267,0.018
2026-08-21,18,2026082018,VTUI,3.494,3.465,4.487,4.377,9.522,6.286,18.049,1.0,0.107
2026-08-21,18,2026082018,VTUK,2.815,3.351,4.926,3.248,6.023,2.695,8.293,0.898,0.0
2026-08-21,18,2026082018,VTUL,1.269,2.567,7.571,2.079,7.837,0.929,7.837,0.258,0.0
2026-08-21,18,2026082018,VTUO,2.268,2.12,2.824,2.344,6.291,2.969,11.57,0.56,0.071
2026-08-21,18,2026082018,VTUQ,0.545,0.921,1.88,2.379,5.509,1.939,7.789,0.547,0.0
2026-08-21,18,2026082018,VTUU,0.051,0.045,0.065,0.08,1.094,0.307,2.876,0.12,0.0
2026-08-21,18,2026082018,VTUV,3.46,2.606,3.568,1.816,4.219,1.338,5.011,0.547,0.0
2026-08-21,18,2026082018,VTUW,2.108,2.318,3.671,2.534,4.034,4.365,17.554,0.978,0.08
2026-08-22,12,2026082112,VTBD,2.046,2.069,3.088,3.337,9.342,6.142,23.3,0.969,0.222
2026-08-22,12,2026082112,VTBO,3.616,2.316,3.766,2.09,9.367,3.504,15.94,0.836,0.053
2026-08-22,12,2026082112,VTBS,1.781,1.773,2.329,3.289,12.327,3.936,13.209,0.778,0.124
2026-08-22,12,2026082112,VTCC,0.003,0.018,0.105,0.275,3.673,0.977,9.603,0.276,0.0
2026-08-22,12,2026082112,VTCH,1.892,2.031,4.281,2.592,8.804,3.922,33.631,0.751,0.071
2026-08-22,12,2026082112,VTCL,0.005,0.002,0.01,0.011,0.213,1.734,16.968,0.24,0.076
2026-08-22,12,2026082112,VTCN,4.376,3.531,5.527,2.019,5.527,0.907,5.63,0.311,0.0
2026-08-22,12,2026082112,VTCP,0.033,0.208,0.789,0.684,2.682,0.686,3.114,0.284,0.0
2026-08-22,12,2026082112,VTCT,0.493,1.13,2.967,3.562,30.02,3.963,30.02,0.64,0.102
2026-08-22,12,2026082112,VTPB,0.104,0.352,1.108,1.029,3.902,2.142,11.742,0.551,0.004
2026-08-22,12,2026082112,VTPH,7.879,7.778,12.63,6.896,15.468,5.33,15.941,0.876,0.129
2026-08-22,12,2026082112,VTPM,4.647,6.438,12.605,8.218,22.065,10.983,35.626,1.0,0.44
2026-08-22,12,2026082112,VTPO,0.059,0.057,0.09,0.045,0.152,0.058,0.664,0.0,0.0
2026-08-22,12,2026082112,VTPP,0.128,0.118,0.179,0.117,0.723,0.245,2.369,0.053,0.0
2026-08-22,12,2026082112,VTSB,1.929,2.197,6.382,1.794,10.385,1.133,10.555,0.258,0.013
2026-08-22,12,2026082112,VTSC,2.059,2.901,9.482,3.221,21.459,3.218,36.562,0.453,0.098
2026-08-22,12,2026082112,VTSE,1.069,1.928,3.689,5.366,19.808,5.924,19.83,0.973,0.151
2026-08-22,12,2026082112,VTSF,2.889,1.96,4.045,1.141,8.382,0.628,10.437,0.142,0.004
2026-08-22,12,2026082112,VTSG,0.0,0.003,0.021,0.011,0.137,0.047,0.552,0.0,0.0
2026-08-22,12,2026082112,VTSM,0.124,0.174,0.537,0.287,2.272,0.375,6.27,0.102,0.0
2026-08-22,12,2026082112,VTSP,1.595,0.529,1.857,0.212,1.857,0.202,2.147,0.058,0.0
2026-08-22,12,2026082112,VTSR,4.112,3.181,5.24,2.245,6.12,1.858,15.543,0.529,0.027
2026-08-22,12,2026082112,VTSS,0.017,0.129,0.447,0.044,0.447,0.166,3.735,0.058,0.0
2026-08-22,12,2026082112,VTST,0.065,0.218,0.667,0.267,2.554,0.23,2.893,0.049,0.0
2026-08-22,12,2026082112,VTSY,0.062,0.038,0.086,0.057,0.644,0.272,5.513,0.089,0.0
2026-08-22,12,2026082112,VTUD,0.0,0.0,0.0,0.003,0.034,0.042,0.747,0.0,0.0
2026-08-22,12,2026082112,VTUI,0.146,1.175,3.452,0.763,3.452,0.712,5.741,0.218,0.0
2026-08-22,12,2026082112,VTUK,0.151,0.124,0.226,0.369,1.562,0.493,2.32,0.187,0.0
2026-08-22,12,2026082112,VTUL,0.004,0.101,0.586,0.19,1.686,0.294,4.741,0.107,0.0
2026-08-22,12,2026082112,VTUO,4.44,3.353,6.136,3.62,10.666,6.665,25.571,0.951,0.249
2026-08-22,12,2026082112,VTUQ,0.024,0.658,2.021,0.622,2.041,1.353,9.812,0.356,0.0
2026-08-22,12,2026082112,VTUU,5.266,5.932,8.213,9.784,23.85,9.219,29.583,0.973,0.356
2026-08-22,12,2026082112,VTUV,0.021,0.02,0.052,0.168,0.965,0.182,1.806,0.013,0.0
2026-08-22,12,2026082112,VTUW,0.658,0.451,0.741,1.495,9.135,4.153,26.751,0.409,0.164
2026-08-22,18,2026082118,VTBD,11.859,10.44,16.288,7.464,19.615,8.201,35.769,1.0,0.284
2026-08-22,18,2026082118,VTBO,0.08,0.167,0.271,0.229,0.66,1.082,11.116,0.191,0.013
2026-08-22,18,2026082118,VTBS,5.026,7.536,18.478,9.874,21.298,8.002,23.933,0.938,0.307
2026-08-22,18,2026082118,VTCC,0.003,0.008,0.03,0.554,3.482,3.438,28.302,0.444,0.138
2026-08-22,18,2026082118,VTCH,1.905,1.881,2.822,1.803,5.864,9.346,86.025,0.658,0.164
2026-08-22,18,2026082118,VTCL,7.939,4.153,7.939,1.848,10.567,1.159,19.589,0.187,0.036
2026-08-22,18,2026082118,VTCN,0.733,0.456,1.176,0.362,2.049,0.555,9.803,0.156,0.0
2026-08-22,18,2026082118,VTCP,0.026,0.075,0.502,2.135,16.376,5.291,50.477,0.511,0.16
2026-08-22,18,2026082118,VTCT,0.44,0.702,1.595,1.461,8.274,2.017,18.246,0.356,0.049
2026-08-22,18,2026082118,VTPB,9.982,8.363,10.114,4.329,10.114,2.685,10.114,0.716,0.009
2026-08-22,18,2026082118,VTPH,1.418,1.819,2.428,2.242,5.996,2.826,10.003,0.64,0.004
2026-08-22,18,2026082118,VTPM,9.763,8.815,12.448,9.47,18.784,12.216,40.962,0.991,0.56
2026-08-22,18,2026082118,VTPO,0.617,0.597,1.09,0.586,3.736,0.3,3.772,0.098,0.0
2026-08-22,18,2026082118,VTPP,4.337,4.328,6.673,3.755,11.876,3.704,23.015,0.618,0.12
2026-08-22,18,2026082118,VTSB,0.51,2.399,4.891,3.161,12.948,1.114,12.948,0.276,0.009
2026-08-22,18,2026082118,VTSC,0.002,0.022,0.094,0.279,2.933,1.497,20.045,0.271,0.036
2026-08-22,18,2026082118,VTSE,2.002,2.417,5.414,3.624,10.831,3.054,15.668,0.542,0.089
2026-08-22,18,2026082118,VTSF,0.161,2.087,6.363,1.863,6.456,1.337,11.34,0.307,0.013
2026-08-22,18,2026082118,VTSG,0.0,0.0,0.0,0.001,0.015,0.015,0.581,0.0,0.0
2026-08-22,18,2026082118,VTSM,0.014,0.03,0.214,0.055,0.38,0.114,1.529,0.027,0.0
2026-08-22,18,2026082118,VTSP,0.001,0.004,0.022,0.014,0.148,0.038,1.019,0.004,0.0
2026-08-22,18,2026082118,VTSR,1.356,0.449,1.356,0.908,3.334,1.014,3.599,0.431,0.0
2026-08-22,18,2026082118,VTSS,0.0,0.0,0.0,0.037,0.848,0.073,3.137,0.013,0.0
2026-08-22,18,2026082118,VTST,0.051,0.097,0.515,0.087,0.554,0.211,3.402,0.053,0.0
2026-08-22,18,2026082118,VTSY,0.008,0.086,0.402,0.133,1.941,0.528,18.253,0.124,0.009
2026-08-22,18,2026082118,VTUD,0.285,0.252,0.542,0.18,0.542,0.182,0.966,0.0,0.0
2026-08-22,18,2026082118,VTUI,0.099,0.103,0.197,0.23,1.455,0.386,1.698,0.084,0.0
2026-08-22,18,2026082118,VTUK,0.015,0.171,0.513,0.578,2.07,0.444,2.204,0.124,0.0
2026-08-22,18,2026082118,VTUL,1.809,1.627,5.764,1.773,14.997,0.837,14.997,0.169,0.013
2026-08-22,18,2026082118,VTUO,8.196,6.176,8.196,3.441,8.196,2.798,9.158,0.769,0.0
2026-08-22,18,2026082118,VTUQ,1.39,0.847,1.625,0.562,2.055,0.681,4.123,0.196,0.0
2026-08-22,18,2026082118,VTUU,5.989,7.63,11.297,6.44,14.511,9.997,23.232,0.987,0.476
2026-08-22,18,2026082118,VTUV,0.0,0.042,0.092,0.128,0.638,0.162,2.089,0.022,0.0
2026-08-22,18,2026082118,VTUW,0.081,0.119,0.199,0.234,0.619,1.114,6.483,0.244,0.0
2026-08-23,12,2026082212,VTBD,3.419,6.606,14.069,5.265,14.069,3.101,14.682,0.609,0.089
2026-08-23,12,2026082212,VTBO,3.625,4.09,9.466,2.304,9.466,1.679,14.22,0.422,0.027
2026-08-23,12,2026082212,VTBS,1.319,2.542,7.029,4.607,13.55,3.922,14.069,0.653,0.156
2026-08-23,12,2026082212,VTCC,0.0,0.03,0.135,0.118,0.652,0.405,8.4,0.089,0.0
2026-08-23,12,2026082212,VTCH,0.066,0.602,2.898,0.978,5.535,2.241,11.547,0.551,0.013
2026-08-23,12,2026082212,VTCL,0.118,0.256,0.594,0.164,0.711,0.09,0.92,0.0,0.0
2026-08-23,12,2026082212,VTCN,0.105,0.476,2.292,0.865,3.489,0.911,6.413,0.276,0.0
2026-08-23,12,2026082212,VTCP,0.0,0.008,0.071,0.114,1.044,0.954,13.998,0.253,0.009
2026-08-23,12,2026082212,VTCT,0.0,0.027,0.096,0.153,2.749,0.66,12.701,0.151,0.013
2026-08-23,12,2026082212,VTPB,0.102,0.138,0.497,0.244,1.343,0.377,2.741,0.111,0.0
2026-08-23,12,2026082212,VTPH,3.589,2.909,4.452,3.239,11.274,2.84,12.525,0.662,0.022
2026-08-23,12,2026082212,VTPM,3.684,4.328,7.333,6.523,19.44,11.591,61.61,0.996,0.476
2026-08-23,12,2026082212,VTPO,0.0,0.001,0.009,0.003,0.06,0.006,0.112,0.0,0.0
2026-08-23,12,2026082212,VTPP,0.095,0.128,0.305,0.128,1.013,0.17,5.15,0.04,0.0
2026-08-23,12,2026082212,VTSB,0.009,0.006,0.021,0.019,0.372,1.184,13.651,0.227,0.027
2026-08-23,12,2026082212,VTSC,15.447,14.48,22.266,13.608,26.556,14.678,55.736,0.978,0.604
2026-08-23,12,2026082212,VTSE,5.458,5.092,7.059,3.713,11.567,2.463,11.567,0.613,0.018
2026-08-23,12,2026082212,VTSF,7.806,7.345,22.396,5.105,22.396,4.311,25.818,0.662,0.124
2026-08-23,12,2026082212,VTSG,1.571,0.902,2.849,0.571,4.964,2.345,22.667,0.373,0.067
2026-08-23,12,2026082212,VTSM,8.388,5.219,9.836,3.087,13.738,2.188,13.738,0.467,0.049
2026-08-23,12,2026082212,VTSP,1.698,1.387,3.295,1.083,3.876,0.822,7.19,0.293,0.0
2026-08-23,12,2026082212,VTSR,1.843,2.353,3.954,2.896,8.09,4.816,17.319,0.831,0.084
2026-08-23,12,2026082212,VTSS,0.068,0.109,0.684,0.194,2.943,0.498,19.853,0.102,0.009
2026-08-23,12,2026082212,VTST,1.399,3.552,8.946,4.311,14.157,6.92,42.176,0.791,0.2
2026-08-23,12,2026082212,VTSY,0.034,0.047,0.092,0.504,3.341,1.329,19.562,0.333,0.013
2026-08-23,12,2026082212,VTUD,0.058,0.057,0.124,0.083,0.518,0.229,3.886,0.08,0.0
2026-08-23,12,2026082212,VTUI,0.077,0.432,1.591,0.508,2.768,0.549,4.87,0.151,0.0
2026-08-23,12,2026082212,VTUK,0.0,0.001,0.005,0.001,0.012,0.001,0.016,0.0,0.0
2026-08-23,12,2026082212,VTUL,0.0,0.0,0.0,0.0,0.0,0.089,9.088,0.018,0.0
2026-08-23,12,2026082212,VTUO,0.181,0.61,2.168,0.514,2.431,1.729,17.366,0.342,0.036
2026-08-23,12,2026082212,VTUQ,0.133,0.119,0.194,0.122,0.574,0.446,7.886,0.076,0.0
2026-08-23,12,2026082212,VTUU,9.731,7.448,10.02,4.313,10.02,5.749,36.275,0.787,0.111
2026-08-23,12,2026082212,VTUV,0.009,0.018,0.074,0.018,0.153,0.25,5.272,0.071,0.0
2026-08-23,12,2026082212,VTUW,0.252,0.339,0.963,0.478,2.498,2.536,14.916,0.56,0.08
2026-08-23,18,2026082218,VTBD,5.336,10.778,23.607,12.088,28.943,6.223,29.137,0.796,0.187
2026-08-23,18,2026082218,VTBO,0.021,0.073,0.302,0.706,6.223,1.021,9.311,0.236,0.0
2026-08-23,18,2026082218,VTBS,2.388,3.086,4.889,3.862,9.792,4.685,28.761,0.813,0.093
2026-08-23,18,2026082218,VTCC,0.327,0.957,5.239,0.452,5.239,0.168,5.239,0.049,0.0
2026-08-23,18,2026082218,VTCH,13.44,10.952,20.67,13.392,44.655,9.486,44.655,0.987,0.347
2026-08-23,18,2026082218,VTCL,0.0,0.032,0.117,0.03,0.593,0.036,1.489,0.009,0.0
2026-08-23,18,2026082218,VTCN,0.043,0.802,3.657,0.769,4.479,1.118,14.214,0.204,0.018
2026-08-23,18,2026082218,VTCP,0.028,0.025,0.121,0.06,0.825,0.142,3.267,0.04,0.0
2026-08-23,18,2026082218,VTCT,0.0,0.026,0.095,0.143,1.139,1.165,12.42,0.249,0.022
2026-08-23,18,2026082218,VTPB,0.199,0.36,0.839,0.649,3.065,1.093,18.202,0.284,0.009
2026-08-23,18,2026082218,VTPH,0.0,0.004,0.01,0.017,0.2,0.042,0.763,0.0,0.0
2026-08-23,18,2026082218,VTPM,29.141,26.693,30.595,29.106,49.807,26.046,78.067,1.0,0.818
2026-08-23,18,2026082218,VTPO,0.008,0.015,0.053,0.039,0.288,0.362,2.528,0.16,0.0
2026-08-23,18,2026082218,VTPP,0.818,0.859,1.388,0.999,3.334,0.934,3.877,0.356,0.0
2026-08-23,18,2026082218,VTSB,0.043,0.079,0.199,0.259,1.268,0.772,8.153,0.249,0.0
2026-08-23,18,2026082218,VTSC,2.974,3.486,6.888,5.142,33.744,9.207,59.937,0.893,0.329
2026-08-23,18,2026082218,VTSE,0.69,0.682,1.293,1.059,6.059,0.951,6.059,0.373,0.0
2026-08-23,18,2026082218,VTSF,6.802,5.699,9.696,3.934,12.702,3.303,38.466,0.613,0.076
2026-08-23,18,2026082218,VTSG,0.207,0.345,1.068,0.184,1.587,0.154,1.957,0.044,0.0
2026-08-23,18,2026082218,VTSM,0.125,0.109,0.201,0.242,0.821,0.227,3.444,0.044,0.0
2026-08-23,18,2026082218,VTSP,1.253,1.294,4.329,2.513,8.068,1.123,8.068,0.338,0.0
2026-08-23,18,2026082218,VTSR,3.406,3.294,8.593,5.31,13.586,5.047,16.183,0.902,0.089
2026-08-23,18,2026082218,VTSS,0.0,0.042,0.308,0.117,1.594,0.181,3.587,0.062,0.0
2026-08-23,18,2026082218,VTST,1.722,1.373,4.436,1.196,9.575,0.605,9.737,0.133,0.0
2026-08-23,18,2026082218,VTSY,0.0,0.038,0.261,0.076,0.527,0.231,3.831,0.071,0.0
2026-08-23,18,2026082218,VTUD,0.182,0.126,0.244,0.09,0.252,0.117,1.674,0.027,0.0
2026-08-23,18,2026082218,VTUI,0.476,1.011,3.843,2.742,9.266,3.712,18.919,0.6,0.098
2026-08-23,18,2026082218,VTUK,0.029,0.026,0.085,0.015,0.085,0.022,0.413,0.0,0.0
2026-08-23,18,2026082218,VTUL,0.0,0.0,0.0,0.0,0.0,0.102,9.269,0.018,0.0
2026-08-23,18,2026082218,VTUO,0.05,0.121,0.322,0.23,1.202,1.29,9.585,0.32,0.0
2026-08-23,18,2026082218,VTUQ,0.127,0.056,0.127,0.061,0.147,0.357,3.947,0.102,0.0
2026-08-23,18,2026082218,VTUU,0.569,1.104,5.975,4.664,15.845,5.879,19.567,0.702,0.267
2026-08-23,18,2026082218,VTUV,0.0,0.004,0.016,0.005,0.037,0.029,0.642,0.0,0.0
2026-08-23,18,2026082218,VTUW,1.402,0.984,1.745,1.025,2.944,1.39,4.975,0.489,0.0
2026-08-24,12,2026082312,VTBD,0.075,0.339,1.418,0.359,1.821,0.443,3.334,0.156,0.0
2026-08-24,12,2026082312,VTBO,0.787,1.541,2.89,1.109,3.044,0.882,3.622,0.338,0.0
2026-08-24,12,2026082312,VTBS,0.232,0.457,1.362,1.129,5.092,1.361,7.579,0.378,0.0
2026-08-24,12,2026082312,VTCC,0.0,0.0,0.0,0.001,0.028,0.007,0.318,0.0,0.0
2026-08-24,12,2026082312,VTCH,0.182,0.402,0.838,0.654,2.551,0.335,4.587,0.076,0.0
2026-08-24,12,2026082312,VTCL,0.0,0.0,0.0,0.0,0.001,0.0,0.004,0.0,0.0
2026-08-24,12,2026082312,VTCN,0.054,0.372,1.897,1.053,4.641,1.236,10.277,0.369,0.004
2026-08-24,12,2026082312,VTCP,0.0,0.0,0.0,0.0,0.0,0.001,0.021,0.0,0.0
2026-08-24,12,2026082312,VTCT,0.0,0.001,0.006,0.017,0.18,0.019,0.201,0.0,0.0
2026-08-24,12,2026082312,VTPB,0.007,0.117,0.39,0.078,0.532,0.361,6.895,0.093,0.0
2026-08-24,12,2026082312,VTPH,0.004,0.002,0.013,0.001,0.019,0.008,0.205,0.0,0.0
2026-08-24,12,2026082312,VTPM,5.953,6.064,9.414,6.229,15.516,8.168,61.08,0.951,0.231
2026-08-24,12,2026082312,VTPO,0.0,0.0,0.0,0.0,0.0,0.008,0.743,0.0,0.0
2026-08-24,12,2026082312,VTPP,0.0,0.0,0.004,0.001,0.048,0.005,0.208,0.0,0.0
2026-08-24,12,2026082312,VTSB,13.882,13.552,15.398,10.909,22.583,9.915,42.377,0.929,0.449
2026-08-24,12,2026082312,VTSC,2.438,3.664,6.411,4.405,14.558,6.632,52.067,0.627,0.213
2026-08-24,12,2026082312,VTSE,4.213,2.898,4.738,1.739,4.743,3.225,14.026,0.782,0.076
2026-08-24,12,2026082312,VTSF,0.548,1.078,4.233,2.425,12.764,3.474,19.284,0.6,0.107
2026-08-24,12,2026082312,VTSG,0.366,0.373,0.675,0.697,2.269,1.417,8.758,0.409,0.0
2026-08-24,12,2026082312,VTSM,0.897,0.992,1.885,2.553,7.734,6.081,23.708,0.778,0.191
2026-08-24,12,2026082312,VTSP,51.492,53.683,68.713,46.409,68.713,33.82,68.713,1.0,0.964
2026-08-24,12,2026082312,VTSR,16.561,16.182,19.055,11.478,22.827,9.442,33.311,0.947,0.378
2026-08-24,12,2026082312,VTSS,5.606,8.907,22.928,5.525,22.928,10.457,75.231,0.596,0.324
2026-08-24,12,2026082312,VTST,3.616,1.688,3.616,2.259,10.66,3.981,36.112,0.578,0.116
2026-08-24,12,2026082312,VTSY,0.144,0.248,0.666,1.623,12.081,3.653,50.359,0.516,0.107
2026-08-24,12,2026082312,VTUD,0.0,0.011,0.03,0.006,0.055,0.021,0.552,0.0,0.0
2026-08-24,12,2026082312,VTUI,0.051,0.031,0.058,0.036,0.094,0.283,2.272,0.071,0.0
2026-08-24,12,2026082312,VTUK,0.006,0.001,0.007,0.007,0.16,0.002,0.16,0.0,0.0
2026-08-24,12,2026082312,VTUL,0.0,0.0,0.0,0.004,0.091,0.082,7.472,0.013,0.0
2026-08-24,12,2026082312,VTUO,0.018,0.454,2.446,2.641,13.895,1.544,13.895,0.253,0.04
2026-08-24,12,2026082312,VTUQ,4.354,4.774,7.396,3.345,7.426,3.588,14.365,0.747,0.067
2026-08-24,12,2026082312,VTUU,0.162,0.166,0.51,0.109,0.789,0.177,1.713,0.044,0.0
2026-08-24,12,2026082312,VTUV,0.0,0.001,0.004,0.002,0.02,0.474,14.941,0.053,0.027
2026-08-24,12,2026082312,VTUW,0.176,0.423,0.966,1.302,6.733,2.33,7.273,0.676,0.0
2026-08-24,18,2026082318,VTBD,0.162,0.16,0.698,0.182,1.38,0.262,3.679,0.062,0.0
2026-08-24,18,2026082318,VTBO,0.573,0.291,0.668,0.318,0.83,0.737,7.579,0.218,0.0
2026-08-24,18,2026082318,VTBS,0.348,0.631,1.024,0.602,2.527,0.888,7.229,0.293,0.0
2026-08-24,18,2026082318,VTCC,0.009,0.052,0.279,0.066,0.67,0.041,1.055,0.004,0.0
2026-08-24,18,2026082318,VTCH,0.026,0.086,0.23,0.505,4.15,0.765,6.931,0.24,0.0
2026-08-24,18,2026082318,VTCL,0.0,0.0,0.0,0.0,0.0,0.0,0.017,0.0,0.0
2026-08-24,18,2026082318,VTCN,0.03,0.025,0.063,0.012,0.063,0.042,0.856,0.0,0.0
2026-08-24,18,2026082318,VTCP,0.0,0.0,0.0,0.0,0.0,0.002,0.062,0.0,0.0
2026-08-24,18,2026082318,VTCT,0.0,0.0,0.0,0.023,0.361,0.052,2.243,0.009,0.0
2026-08-24,18,2026082318,VTPB,0.04,0.16,0.617,0.173,0.841,0.277,7.173,0.062,0.0
2026-08-24,18,2026082318,VTPH,0.05,0.12,0.333,0.115,0.612,0.198,4.576,0.053,0.0
2026-08-24,18,2026082318,VTPM,3.927,7.664,11.847,8.484,20.577,8.713,42.517,0.924,0.311
2026-08-24,18,2026082318,VTPO,0.0,0.0,0.0,0.0,0.0,0.0,0.0,0.0,0.0
2026-08-24,18,2026082318,VTPP,0.0,0.002,0.006,0.007,0.068,0.008,0.171,0.0,0.0
2026-08-24,18,2026082318,VTSB,2.644,4.408,9.267,4.855,14.681,8.751,29.107,0.991,0.347
2026-08-24,18,2026082318,VTSC,2.923,2.518,6.069,2.929,22.636,5.388,47.728,0.64,0.169
2026-08-24,18,2026082318,VTSE,0.577,0.602,1.009,0.757,3.723,1.288,6.849,0.387,0.0
2026-08-24,18,2026082318,VTSF,2.396,2.68,6.666,5.44,25.48,6.581,35.699,0.751,0.218
2026-08-24,18,2026082318,VTSG,4.388,4.377,5.934,5.364,14.119,8.011,27.833,0.964,0.293
2026-08-24,18,2026082318,VTSM,0.574,1.7,5.811,3.107,12.271,6.422,29.385,0.684,0.262
2026-08-24,18,2026082318,VTSP,9.21,10.053,11.843,12.142,23.759,20.844,61.764,1.0,0.667
2026-08-24,18,2026082318,VTSR,12.87,13.707,18.849,14.178,26.169,14.058,47.778,1.0,0.671
2026-08-24,18,2026082318,VTSS,2.501,1.676,9.453,2.081,10.707,2.166,22.564,0.378,0.058
2026-08-24,18,2026082318,VTST,0.564,0.963,2.544,0.497,2.544,2.643,34.691,0.52,0.067
2026-08-24,18,2026082318,VTSY,19.804,26.704,65.429,17.439,65.429,8.632,65.429,0.836,0.284
2026-08-24,18,2026082318,VTUD,0.0,0.0,0.001,0.002,0.024,0.003,0.063,0.0,0.0
2026-08-24,18,2026082318,VTUI,0.655,0.688,1.134,0.767,4.715,1.352,8.722,0.373,0.0
2026-08-24,18,2026082318,VTUK,0.0,0.0,0.0,0.0,0.0,0.0,0.091,0.0,0.0
2026-08-24,18,2026082318,VTUL,0.0,0.0,0.0,0.0,0.0,0.051,4.932,0.013,0.0
2026-08-24,18,2026082318,VTUO,0.483,0.439,0.876,0.474,1.062,0.298,1.062,0.027,0.0
2026-08-24,18,2026082318,VTUQ,0.91,0.836,1.108,0.464,1.206,0.46,3.703,0.142,0.0
2026-08-24,18,2026082318,VTUU,0.0,0.009,0.061,0.007,0.1,0.014,0.145,0.0,0.0
2026-08-24,18,2026082318,VTUV,0.0,0.0,0.0,0.0,0.0,0.001,0.049,0.0,0.0
2026-08-24,18,2026082318,VTUW,1.38,1.684,2.446,1.601,3.416,1.643,6.98,0.68,0.0
2026-08-25,12,2026082412,VTBD,0.119,0.167,0.469,0.15,2.475,0.221,8.229,0.053,0.0
2026-08-25,12,2026082412,VTBO,0.468,0.667,1.382,0.74,1.984,0.972,7.223,0.324,0.0
2026-08-25,12,2026082412,VTBS,0.029,0.025,0.053,0.116,1.634,1.734,18.711,0.382,0.022
2026-08-25,12,2026082412,VTCC,0.0,0.0,0.0,0.002,0.03,0.019,0.352,0.0,0.0
2026-08-25,12,2026082412,VTCH,0.306,0.555,1.246,0.896,2.949,1.272,8.694,0.444,0.0
2026-08-25,12,2026082412,VTCL,0.036,0.015,0.062,0.004,0.062,0.002,0.062,0.0,0.0
2026-08-25,12,2026082412,VTCN,2.37,3.187,7.641,3.806,9.688,3.619,17.781,0.596,0.076
2026-08-25,12,2026082412,VTCP,0.146,0.18,0.561,0.099,0.561,0.064,0.561,0.0,0.0
2026-08-25,12,2026082412,VTCT,0.013,0.041,0.164,0.054,0.395,0.618,16.822,0.129,0.013
2026-08-25,12,2026082412,VTPB,1.23,1.246,3.501,1.359,7.526,1.799,15.367,0.418,0.022
2026-08-25,12,2026082412,VTPH,0.977,1.365,3.586,0.821,3.586,0.463,5.218,0.124,0.0
2026-08-25,12,2026082412,VTPM,18.98,17.737,24.075,21.291,46.743,23.006,99.554,1.0,0.889
2026-08-25,12,2026082412,VTPO,0.048,0.007,0.048,0.027,0.357,0.044,1.657,0.009,0.0
2026-08-25,12,2026082412,VTPP,0.0,0.007,0.029,0.029,0.223,0.283,5.053,0.098,0.0
2026-08-25,12,2026082412,VTSB,0.001,0.024,0.103,0.015,0.153,0.228,4.157,0.067,0.0
2026-08-25,12,2026082412,VTSC,5.87,9.66,18.65,11.399,25.921,11.07,40.355,0.787,0.404
2026-08-25,12,2026082412,VTSE,0.012,0.082,0.241,0.324,2.287,0.274,2.287,0.084,0.0
2026-08-25,12,2026082412,VTSF,0.02,0.085,0.242,0.534,2.809,3.485,14.116,0.644,0.098
2026-08-25,12,2026082412,VTSG,0.728,0.645,0.956,1.133,3.667,1.883,10.981,0.573,0.013
2026-08-25,12,2026082412,VTSM,0.0,0.023,0.111,0.024,0.314,0.027,0.4,0.0,0.0
2026-08-25,12,2026082412,VTSP,15.683,9.945,15.683,7.63,17.973,6.465,24.164,0.942,0.204
2026-08-25,12,2026082412,VTSR,1.085,2.787,9.029,4.274,20.955,3.351,20.955,0.644,0.058
2026-08-25,12,2026082412,VTSS,0.048,0.147,0.479,0.568,3.944,1.747,15.785,0.347,0.044
2026-08-25,12,2026082412,VTST,12.36,8.343,13.259,5.061,13.259,9.913,40.71,0.991,0.382
2026-08-25,12,2026082412,VTSY,23.37,20.2,29.252,13.373,43.154,10.63,49.25,0.987,0.387
2026-08-25,12,2026082412,VTUD,0.055,0.016,0.055,0.106,0.929,0.274,5.494,0.071,0.0
2026-08-25,12,2026082412,VTUI,0.038,0.057,0.169,0.06,0.255,0.139,2.305,0.013,0.0
2026-08-25,12,2026082412,VTUK,0.0,0.002,0.018,0.076,0.704,0.957,10.196,0.236,0.004
2026-08-25,12,2026082412,VTUL,0.0,0.0,0.0,0.0,0.002,0.054,7.195,0.009,0.0
2026-08-25,12,2026082412,VTUO,0.206,0.098,0.292,0.61,2.353,0.315,2.472,0.116,0.0
2026-08-25,12,2026082412,VTUQ,0.108,0.094,0.305,0.088,0.735,0.175,4.746,0.036,0.0
2026-08-25,12,2026082412,VTUU,0.351,0.749,1.858,1.156,5.272,1.077,7.406,0.347,0.0
2026-08-25,12,2026082412,VTUV,9.663,7.165,10.908,3.203,11.793,3.116,22.805,0.427,0.111
2026-08-25,12,2026082412,VTUW,0.144,0.109,0.171,0.354,3.466,0.913,6.696,0.262,0.0
2026-08-25,18,2026082418,VTBD,0.036,0.46,1.677,0.587,2.115,0.925,8.99,0.244,0.0
2026-08-25,18,2026082418,VTBO,2.333,2.156,5.919,1.034,6.045,1.56,12.749,0.32,0.022
2026-08-25,18,2026082418,VTBS,0.11,0.357,1.013,1.043,3.654,2.034,14.312,0.52,0.018
2026-08-25,18,2026082418,VTCC,0.172,0.251,0.482,0.273,1.134,0.31,2.952,0.093,0.0
2026-08-25,18,2026082418,VTCH,0.373,0.332,0.778,2.356,16.59,4.02,38.16,0.631,0.107
2026-08-25,18,2026082418,VTCL,0.0,0.005,0.021,0.011,0.066,0.068,1.593,0.013,0.0
2026-08-25,18,2026082418,VTCN,3.39,2.181,4.387,1.05,4.387,1.748,25.279,0.418,0.022
2026-08-25,18,2026082418,VTCP,0.0,0.001,0.003,0.008,0.09,0.226,5.812,0.08,0.0
2026-08-25,18,2026082418,VTCT,0.412,0.394,0.917,0.427,2.036,0.83,6.904,0.249,0.0
2026-08-25,18,2026082418,VTPB,0.104,0.187,0.929,1.35,13.991,0.994,17.032,0.231,0.018
2026-08-25,18,2026082418,VTPH,0.461,0.454,1.221,0.741,7.595,0.597,11.356,0.116,0.009
2026-08-25,18,2026082418,VTPM,6.197,5.998,8.523,9.471,29.848,16.18,56.756,1.0,0.591
2026-08-25,18,2026082418,VTPO,0.033,0.048,0.131,0.05,0.511,0.039,0.511,0.0,0.0
2026-08-25,18,2026082418,VTPP,0.0,0.011,0.044,0.042,0.258,0.074,0.586,0.0,0.0
2026-08-25,18,2026082418,VTSB,0.053,0.472,1.709,1.611,7.852,0.808,9.7,0.178,0.0
2026-08-25,18,2026082418,VTSC,0.968,1.737,3.936,3.399,11.732,5.593,28.194,0.676,0.218
2026-08-25,18,2026082418,VTSE,0.236,0.593,1.795,0.26,1.808,0.219,2.636,0.067,0.0
2026-08-25,18,2026082418,VTSF,0.148,0.804,2.45,3.377,12.163,6.775,29.093,0.787,0.253
2026-08-25,18,2026082418,VTSG,4.91,5.308,7.802,2.955,9.843,2.407,9.843,0.604,0.0
2026-08-25,18,2026082418,VTSM,0.0,0.016,0.134,0.02,0.35,0.029,0.44,0.0,0.0
2026-08-25,18,2026082418,VTSP,3.496,5.584,12.899,7.171,22.35,5.364,22.35,0.933,0.133
2026-08-25,18,2026082418,VTSR,2.107,2.097,3.645,3.898,10.672,3.856,14.609,0.849,0.044
2026-08-25,18,2026082418,VTSS,2.57,1.049,4.854,1.228,7.372,3.069,32.256,0.382,0.111
2026-08-25,18,2026082418,VTST,15.492,13.89,18.61,12.132,22.568,11.786,33.823,0.982,0.476
2026-08-25,18,2026082418,VTSY,14.231,12.441,23.469,11.095,25.478,5.768,27.058,0.76,0.2
2026-08-25,18,2026082418,VTUD,0.0,0.001,0.007,0.004,0.047,0.021,0.874,0.0,0.0
2026-08-25,18,2026082418,VTUI,0.339,0.371,0.949,0.429,1.627,0.526,2.715,0.213,0.0
2026-08-25,18,2026082418,VTUK,0.001,0.02,0.113,0.01,0.158,0.263,5.596,0.058,0.0
2026-08-25,18,2026082418,VTUL,0.0,0.0,0.002,0.001,0.017,0.106,8.748,0.022,0.0
2026-08-25,18,2026082418,VTUO,2.414,3.089,7.069,1.904,7.069,0.928,7.069,0.227,0.0
2026-08-25,18,2026082418,VTUQ,0.0,0.001,0.005,0.002,0.022,0.026,0.986,0.0,0.0
2026-08-25,18,2026082418,VTUU,0.41,0.7,2.412,0.999,6.254,1.198,6.886,0.356,0.0
2026-08-25,18,2026082418,VTUV,8.406,4.539,9.041,2.296,10.921,1.342,10.921,0.249,0.036
2026-08-25,18,2026082418,VTUW,2.308,2.418,4.947,2.471,5.849,1.956,6.66,0.676,0.0
2026-08-26,12,2026082512,VTBD,1.307,0.594,1.307,0.287,1.307,0.473,5.96,0.164,0.0
2026-08-26,12,2026082512,VTBO,4.885,4.521,6.541,5.311,13.088,5.137,24.97,0.773,0.178
2026-08-26,12,2026082512,VTBS,8.377,5.312,8.757,2.813,9.458,2.09,9.826,0.573,0.0
2026-08-26,12,2026082512,VTCC,0.657,0.38,0.726,0.301,2.627,0.636,7.938,0.2,0.0
2026-08-26,12,2026082512,VTCH,17.934,14.117,42.908,11.438,46.334,8.043,46.334,0.902,0.262
2026-08-26,12,2026082512,VTCL,0.0,0.121,0.35,1.647,7.192,1.291,8.424,0.338,0.0
2026-08-26,12,2026082512,VTCN,4.104,4.068,6.025,4.472,15.995,3.644,19.405,0.756,0.08
2026-08-26,12,2026082512,VTCP,0.004,0.015,0.077,0.027,0.271,0.305,3.128,0.089,0.0
2026-08-26,12,2026082512,VTCT,2.949,1.676,2.949,0.914,4.034,1.719,24.853,0.369,0.044
2026-08-26,12,2026082512,VTPB,20.034,21.538,23.061,12.292,24.781,7.837,30.27,0.804,0.316
2026-08-26,12,2026082512,VTPH,2.388,2.433,5.107,2.089,6.883,1.605,6.883,0.573,0.0
2026-08-26,12,2026082512,VTPM,9.948,11.894,15.517,15.849,40.552,22.011,75.895,0.996,0.778
2026-08-26,12,2026082512,VTPO,0.58,1.613,4.803,0.874,5.022,1.133,7.858,0.404,0.0
2026-08-26,12,2026082512,VTPP,0.426,0.094,0.426,0.553,6.034,2.866,37.512,0.364,0.098
2026-08-26,12,2026082512,VTSB,0.0,0.004,0.022,0.025,0.303,0.131,2.098,0.031,0.0
2026-08-26,12,2026082512,VTSC,0.124,0.443,1.199,1.208,4.273,3.046,26.054,0.524,0.067
2026-08-26,12,2026082512,VTSE,5.636,4.167,6.564,1.842,6.564,0.951,6.564,0.311,0.0
2026-08-26,12,2026082512,VTSF,0.0,0.0,0.0,0.077,1.952,0.558,9.385,0.142,0.0
2026-08-26,12,2026082512,VTSG,0.926,0.881,1.509,1.275,4.051,1.04,10.56,0.32,0.004
2026-08-26,12,2026082512,VTSM,0.053,0.074,0.24,0.093,0.354,0.076,1.301,0.004,0.0
2026-08-26,12,2026082512,VTSP,0.643,0.693,2.194,1.422,5.127,0.912,5.763,0.267,0.0
2026-08-26,12,2026082512,VTSR,3.781,3.34,5.573,3.769,11.249,4.099,18.947,0.849,0.067
2026-08-26,12,2026082512,VTSS,0.003,0.037,0.151,0.354,4.516,0.532,8.67,0.138,0.0
2026-08-26,12,2026082512,VTST,0.394,0.675,1.13,2.198,7.414,3.355,14.771,0.769,0.036
2026-08-26,12,2026082512,VTSY,0.502,0.259,1.419,0.28,2.324,0.735,7.822,0.204,0.0
2026-08-26,12,2026082512,VTUD,0.293,0.235,0.909,0.267,1.351,0.782,6.65,0.231,0.0
2026-08-26,12,2026082512,VTUI,0.952,0.958,2.807,0.54,3.978,0.401,5.342,0.098,0.0
2026-08-26,12,2026082512,VTUK,2.41,4.17,12.279,2.702,12.279,1.829,12.279,0.404,0.031
2026-08-26,12,2026082512,VTUL,0.0,0.0,0.0,0.011,0.241,0.358,4.836,0.129,0.0
2026-08-26,12,2026082512,VTUO,0.19,0.213,0.371,0.133,0.403,0.314,2.584,0.098,0.0
2026-08-26,12,2026082512,VTUQ,0.028,0.279,0.706,1.096,3.714,0.908,8.589,0.298,0.0
2026-08-26,12,2026082512,VTUU,18.097,19.638,24.893,13.125,25.42,8.718,25.42,0.92,0.342
2026-08-26,12,2026082512,VTUV,1.395,3.241,8.358,2.082,8.455,1.502,10.78,0.427,0.004
2026-08-26,12,2026082512,VTUW,0.923,1.93,5.192,4.788,14.873,4.254,15.52,0.724,0.107
2026-08-26,18,2026082518,VTBD,0.267,0.271,0.478,0.54,3.028,0.655,7.824,0.147,0.0
2026-08-26,18,2026082518,VTBO,0.817,1.06,1.656,1.257,2.386,1.718,7.429,0.702,0.0
2026-08-26,18,2026082518,VTBS,0.251,0.166,0.258,1.171,7.824,0.981,9.24,0.209,0.0
2026-08-26,18,2026082518,VTCC,21.15,19.534,43.711,9.933,43.711,3.038,43.711,0.258,0.084
2026-08-26,18,2026082518,VTCH,14.939,16.057,30.284,9.419,45.749,3.926,45.749,0.587,0.098
2026-08-26,18,2026082518,VTCL,0.001,0.011,0.027,0.012,0.077,0.616,12.892,0.16,0.013
2026-08-26,18,2026082518,VTCN,1.309,1.652,4.192,3.986,22.283,4.286,42.083,0.533,0.133
2026-08-26,18,2026082518,VTCP,0.919,0.928,2.323,0.344,2.323,0.989,14.672,0.218,0.031
2026-08-26,18,2026082518,VTCT,5.627,4.914,10.043,4.666,15.069,4.697,23.58,0.787,0.111
2026-08-26,18,2026082518,VTPB,0.175,0.474,1.432,0.738,8.494,2.773,40.192,0.382,0.08
2026-08-26,18,2026082518,VTPH,0.882,0.838,1.625,0.929,3.358,0.883,3.435,0.351,0.0
2026-08-26,18,2026082518,VTPM,46.082,52.887,58.216,53.069,84.642,50.89,112.09,1.0,0.956
2026-08-26,18,2026082518,VTPO,21.3,17.689,29.646,19.6,44.855,15.112,58.572,0.871,0.493
2026-08-26,18,2026082518,VTPP,8.075,3.612,11.801,1.441,13.938,1.783,18.851,0.227,0.067
2026-08-26,18,2026082518,VTSB,0.008,0.014,0.045,0.079,0.544,0.431,4.686,0.147,0.0
2026-08-26,18,2026082518,VTSC,0.329,1.413,4.404,3.99,22.165,3.086,22.165,0.507,0.089
2026-08-26,18,2026082518,VTSE,0.5,0.996,1.857,0.979,2.626,1.414,11.861,0.431,0.013
2026-08-26,18,2026082518,VTSF,0.059,0.174,0.912,0.068,0.912,0.183,8.261,0.04,0.0
2026-08-26,18,2026082518,VTSG,0.005,0.187,0.521,0.224,1.398,0.346,3.015,0.098,0.0
2026-08-26,18,2026082518,VTSM,0.0,0.003,0.012,0.009,0.167,0.022,0.327,0.0,0.0
2026-08-26,18,2026082518,VTSP,0.193,0.131,0.193,0.216,1.26,0.309,2.182,0.093,0.0
2026-08-26,18,2026082518,VTSR,2.088,2.603,5.768,3.251,11.321,4.143,14.68,0.831,0.076
2026-08-26,18,2026082518,VTSS,0.0,0.019,0.125,0.01,0.125,0.435,6.601,0.111,0.0
2026-08-26,18,2026082518,VTST,2.619,3.894,9.222,3.149,9.222,2.243,10.404,0.556,0.004
2026-08-26,18,2026082518,VTSY,0.105,0.158,0.422,0.513,3.349,0.954,11.136,0.276,0.004
2026-08-26,18,2026082518,VTUD,0.324,1.155,3.365,1.17,6.305,1.418,8.931,0.338,0.0
2026-08-26,18,2026082518,VTUI,0.626,0.82,1.698,0.478,1.698,0.645,5.506,0.231,0.0
2026-08-26,18,2026082518,VTUK,0.224,0.842,2.167,2.129,7.909,1.715,11.358,0.422,0.009
2026-08-26,18,2026082518,VTUL,0.38,0.141,0.38,0.096,0.927,0.562,10.599,0.151,0.004
2026-08-26,18,2026082518,VTUO,1.145,2.499,6.198,3.784,13.313,4.875,19.987,0.796,0.133
2026-08-26,18,2026082518,VTUQ,2.452,1.625,2.477,1.076,3.898,1.623,7.487,0.524,0.0
2026-08-26,18,2026082518,VTUU,5.131,5.765,11.119,3.841,12.272,6.064,35.148,0.733,0.209
2026-08-26,18,2026082518,VTUV,0.001,0.017,0.064,0.114,0.765,0.305,3.88,0.076,0.0
2026-08-26,18,2026082518,VTUW,0.541,1.174,2.837,1.544,3.778,1.959,11.759,0.667,0.004
2026-08-27,12,2026082612,VTBD,15.763,12.719,20.963,6.866,20.963,5.649,23.327,0.831,0.227
2026-08-27,12,2026082612,VTBO,0.581,0.651,0.892,1.322,6.194,3.285,16.342,0.809,0.049
2026-08-27,12,2026082612,VTBS,10.565,8.97,14.118,8.376,17.404,6.968,22.634,0.924,0.276
2026-08-27,12,2026082612,VTCC,1.096,0.974,1.847,2.303,7.5,2.882,14.336,0.858,0.009
2026-08-27,12,2026082612,VTCH,2.004,3.53,11.939,4.138,18.777,8.28,79.559,0.618,0.236
2026-08-27,12,2026082612,VTCL,0.194,0.209,0.579,0.41,2.248,3.285,28.0,0.404,0.116
2026-08-27,12,2026082612,VTCN,0.477,0.835,2.294,5.574,36.499,6.616,36.499,0.764,0.262
2026-08-27,12,2026082612,VTCP,8.912,7.088,10.673,5.057,12.107,5.935,27.698,0.671,0.253
2026-08-27,12,2026082612,VTCT,35.161,24.219,42.68,15.316,71.8,14.761,133.751,0.72,0.316
2026-08-27,12,2026082612,VTPB,1.551,1.174,2.993,0.733,4.166,2.336,20.906,0.564,0.022
2026-08-27,12,2026082612,VTPH,2.367,2.597,3.717,1.748,3.717,1.199,4.745,0.471,0.0
2026-08-27,12,2026082612,VTPM,8.674,9.776,12.963,15.221,32.688,19.18,63.95,1.0,0.849
2026-08-27,12,2026082612,VTPO,0.6,0.716,1.411,0.887,2.777,1.129,8.303,0.338,0.0
2026-08-27,12,2026082612,VTPP,0.627,0.709,1.052,0.749,3.283,1.291,5.641,0.449,0.0
2026-08-27,12,2026082612,VTSB,0.571,0.799,1.859,1.608,5.83,3.055,16.304,0.542,0.049
2026-08-27,12,2026082612,VTSC,1.737,2.152,4.436,2.653,10.985,3.23,34.241,0.591,0.076
2026-08-27,12,2026082612,VTSE,0.182,0.366,0.864,1.079,4.976,2.115,9.227,0.52,0.0
2026-08-27,12,2026082612,VTSF,0.085,0.097,0.246,0.394,2.854,2.151,15.55,0.436,0.036
2026-08-27,12,2026082612,VTSG,0.108,0.063,0.183,0.173,1.622,0.549,3.377,0.173,0.0
2026-08-27,12,2026082612,VTSM,1.72,2.452,5.652,2.539,8.807,3.22,23.069,0.702,0.053
2026-08-27,12,2026082612,VTSP,0.574,0.302,0.686,0.234,0.759,1.087,10.293,0.236,0.004
2026-08-27,12,2026082612,VTSR,10.15,8.578,16.393,9.93,25.873,10.045,25.873,0.996,0.444
2026-08-27,12,2026082612,VTSS,0.0,0.0,0.001,0.042,0.352,0.104,1.742,0.018,0.0
2026-08-27,12,2026082612,VTST,0.027,0.039,0.111,0.04,0.441,0.273,5.14,0.076,0.0
2026-08-27,12,2026082612,VTSY,0.0,0.016,0.105,0.329,3.627,0.633,10.765,0.169,0.004
2026-08-27,12,2026082612,VTUD,8.177,7.583,11.595,9.122,21.393,8.777,30.86,0.982,0.32
2026-08-27,12,2026082612,VTUI,0.0,0.059,0.303,0.108,1.267,0.986,14.463,0.249,0.022
2026-08-27,12,2026082612,VTUK,0.0,0.008,0.067,0.053,1.37,0.059,2.16,0.022,0.0
2026-08-27,12,2026082612,VTUL,0.947,0.763,1.533,0.376,1.533,0.193,5.526,0.04,0.0
2026-08-27,12,2026082612,VTUO,8.79,8.247,11.772,6.944,12.947,5.93,19.636,0.769,0.231
2026-08-27,12,2026082612,VTUQ,0.176,0.52,1.865,1.379,6.845,1.721,13.294,0.444,0.018
2026-08-27,12,2026082612,VTUU,6.52,5.156,7.4,4.845,15.463,5.647,23.927,0.907,0.156
2026-08-27,12,2026082612,VTUV,0.978,1.878,6.195,2.132,7.976,1.534,8.913,0.391,0.0
2026-08-27,12,2026082612,VTUW,2.143,1.162,2.34,1.719,4.91,2.122,7.492,0.729,0.0
2026-08-27,18,2026082618,VTBD,0.635,1.168,2.254,4.111,10.87,3.674,10.87,0.756,0.022
2026-08-27,18,2026082618,VTBO,2.194,4.127,6.428,6.34,21.99,9.52,32.52,0.911,0.404
2026-08-27,18,2026082618,VTBS,3.505,4.546,8.573,4.781,10.338,3.751,10.87,0.702,0.036
2026-08-27,18,2026082618,VTCC,0.596,0.998,3.5,0.864,4.819,1.046,21.936,0.218,0.018
2026-08-27,18,2026082618,VTCH,8.064,4.014,8.504,5.172,24.465,12.755,63.235,0.849,0.453
2026-08-27,18,2026082618,VTCL,13.354,12.183,20.922,7.148,25.379,4.477,25.379,0.511,0.182
2026-08-27,18,2026082618,VTCN,0.266,0.193,0.449,0.142,0.683,0.313,8.683,0.04,0.0
2026-08-27,18,2026082618,VTCP,0.0,0.001,0.002,0.016,0.431,0.204,5.671,0.044,0.0
2026-08-27,18,2026082618,VTCT,71.699,57.632,77.049,53.897,109.506,39.651,109.591,1.0,0.947
2026-08-27,18,2026082618,VTPB,1.822,1.956,2.867,2.161,6.359,2.963,16.758,0.724,0.027
2026-08-27,18,2026082618,VTPH,5.326,6.362,13.057,5.641,17.594,2.875,17.594,0.631,0.076
2026-08-27,18,2026082618,VTPM,21.332,22.028,27.337,27.463,70.733,40.92,138.03,1.0,0.978
2026-08-27,18,2026082618,VTPO,19.428,18.648,20.691,16.211,22.731,12.86,28.195,1.0,0.658
2026-08-27,18,2026082618,VTPP,0.035,0.096,0.264,0.597,4.348,0.59,5.298,0.209,0.0
2026-08-27,18,2026082618,VTSB,0.504,0.497,0.888,0.682,2.59,2.806,14.202,0.556,0.076
2026-08-27,18,2026082618,VTSC,0.08,0.198,0.746,0.888,10.263,1.02,15.122,0.187,0.031
2026-08-27,18,2026082618,VTSE,7.1,7.173,12.808,6.699,17.035,8.884,32.858,0.969,0.316
2026-08-27,18,2026082618,VTSF,0.0,0.12,0.446,0.047,0.446,0.404,8.119,0.08,0.0
2026-08-27,18,2026082618,VTSG,0.229,0.368,0.572,0.375,1.559,0.328,2.997,0.053,0.0
2026-08-27,18,2026082618,VTSM,2.985,3.727,6.333,10.481,36.989,10.26,37.23,0.969,0.391
2026-08-27,18,2026082618,VTSP,0.363,0.213,0.363,0.125,0.363,0.115,1.666,0.022,0.0
2026-08-27,18,2026082618,VTSR,7.574,8.111,17.804,10.66,45.996,14.6,48.587,1.0,0.547
2026-08-27,18,2026082618,VTSS,0.0,0.0,0.0,0.015,0.32,0.076,2.233,0.013,0.0
2026-08-27,18,2026082618,VTST,0.026,0.059,0.171,0.394,1.991,0.354,2.015,0.102,0.0
2026-08-27,18,2026082618,VTSY,0.0,0.004,0.034,0.033,0.724,0.106,2.907,0.022,0.0
2026-08-27,18,2026082618,VTUD,4.051,6.347,18.877,6.398,22.825,4.756,22.825,0.778,0.133
2026-08-27,18,2026082618,VTUI,1.48,1.626,2.071,1.3,3.683,1.548,14.959,0.462,0.018
2026-08-27,18,2026082618,VTUK,0.578,0.248,1.027,0.423,1.397,0.336,3.239,0.151,0.0
2026-08-27,18,2026082618,VTUL,2.238,3.282,8.741,3.326,11.261,1.258,11.261,0.32,0.013
2026-08-27,18,2026082618,VTUO,7.776,10.359,12.491,14.007,28.257,15.652,36.382,1.0,0.831
2026-08-27,18,2026082618,VTUQ,2.143,1.628,2.79,1.299,3.799,2.344,17.32,0.636,0.031
2026-08-27,18,2026082618,VTUU,19.073,17.124,22.563,13.651,27.129,16.842,54.291,1.0,0.707
2026-08-27,18,2026082618,VTUV,0.734,0.342,0.734,0.221,0.852,0.913,4.931,0.316,0.0
2026-08-27,18,2026082618,VTUW,5.407,3.0,5.407,3.748,20.381,2.652,20.381,0.698,0.031
2026-08-28,12,2026082712,VTBD,7.965,9.071,11.395,15.704,35.392,14.008,49.693,1.0,0.6
2026-08-28,12,2026082712,VTBO,6.06,7.722,15.511,7.365,20.748,7.632,22.805,0.996,0.267
2026-08-28,12,2026082712,VTBS,11.608,8.37,11.814,9.477,20.497,13.494,53.394,0.982,0.458
2026-08-28,12,2026082712,VTCC,0.024,0.028,0.212,0.131,1.54,0.409,7.19,0.076,0.0
2026-08-28,12,2026082712,VTCH,16.672,14.392,16.672,13.852,23.947,9.325,31.196,0.889,0.387
2026-08-28,12,2026082712,VTCL,0.22,1.104,1.833,1.523,3.559,1.262,13.477,0.471,0.004
2026-08-28,12,2026082712,VTCN,5.838,5.544,13.902,4.111,20.438,3.526,31.306,0.48,0.129
2026-08-28,12,2026082712,VTCP,0.004,0.007,0.031,0.036,0.235,0.372,6.36,0.111,0.0
2026-08-28,12,2026082712,VTCT,1.801,1.195,1.801,1.504,11.473,4.792,39.249,0.502,0.173
2026-08-28,12,2026082712,VTPB,0.492,0.699,1.664,0.762,1.975,1.189,8.19,0.436,0.0
2026-08-28,12,2026082712,VTPH,1.163,0.891,1.96,0.617,3.223,0.978,6.321,0.311,0.0
2026-08-28,12,2026082712,VTPM,12.734,13.474,18.444,13.645,28.254,18.633,76.375,1.0,0.738
2026-08-28,12,2026082712,VTPO,0.099,0.146,0.348,0.212,0.454,0.253,2.473,0.031,0.0
2026-08-28,12,2026082712,VTPP,0.038,0.063,0.199,0.187,1.484,0.483,8.94,0.124,0.0
2026-08-28,12,2026082712,VTSB,0.0,0.003,0.012,0.037,0.361,0.696,14.678,0.173,0.009
2026-08-28,12,2026082712,VTSC,0.791,1.145,2.505,1.251,8.836,1.695,18.7,0.373,0.027
2026-08-28,12,2026082712,VTSE,2.872,4.788,10.631,9.165,20.024,10.347,30.098,0.987,0.449
2026-08-28,12,2026082712,VTSF,0.009,0.06,0.144,0.27,1.673,1.404,22.097,0.271,0.036
2026-08-28,12,2026082712,VTSG,4.741,4.28,6.875,2.38,7.941,1.288,7.941,0.404,0.0
2026-08-28,12,2026082712,VTSM,2.327,6.193,21.248,9.789,30.075,7.613,30.075,0.693,0.364
2026-08-28,12,2026082712,VTSP,0.144,0.084,0.16,0.073,0.312,0.206,2.352,0.04,0.0
2026-08-28,12,2026082712,VTSR,16.757,20.163,29.441,17.89,36.627,12.578,36.627,1.0,0.6
2026-08-28,12,2026082712,VTSS,2.598,1.409,2.715,0.414,2.715,0.272,3.73,0.093,0.0
2026-08-28,12,2026082712,VTST,0.0,0.002,0.007,0.03,0.239,0.278,3.704,0.08,0.0
2026-08-28,12,2026082712,VTSY,0.58,1.214,5.825,1.005,9.235,0.628,9.235,0.138,0.0
2026-08-28,12,2026082712,VTUD,0.011,0.152,0.41,0.797,8.622,0.91,8.622,0.258,0.0
2026-08-28,12,2026082712,VTUI,4.198,2.763,4.844,1.613,4.878,1.34,5.82,0.436,0.0
2026-08-28,12,2026082712,VTUK,0.004,0.004,0.024,0.006,0.075,0.011,0.412,0.0,0.0
2026-08-28,12,2026082712,VTUL,0.0,0.003,0.012,0.049,0.595,0.076,5.506,0.022,0.0
2026-08-28,12,2026082712,VTUO,2.306,3.401,8.885,4.005,15.637,3.464,15.637,0.698,0.049
2026-08-28,12,2026082712,VTUQ,1.557,1.3,2.278,2.44,6.592,2.372,11.32,0.751,0.004
2026-08-28,12,2026082712,VTUU,1.668,1.194,1.668,1.048,2.092,2.68,12.241,0.707,0.022
2026-08-28,12,2026082712,VTUV,0.092,0.301,0.719,0.534,1.513,0.65,5.449,0.218,0.0
2026-08-28,12,2026082712,VTUW,0.23,0.815,2.72,1.661,5.836,1.596,8.086,0.418,0.0
2026-08-28,18,2026082718,VTBD,7.905,8.435,9.406,7.16,11.761,5.911,14.658,0.893,0.129
2026-08-28,18,2026082718,VTBO,3.65,7.021,19.688,11.04,34.784,10.878,35.654,1.0,0.431
2026-08-28,18,2026082718,VTBS,1.761,1.677,3.553,1.246,3.553,2.242,9.592,0.458,0.0
2026-08-28,18,2026082718,VTCC,0.035,0.031,0.097,0.091,0.639,0.836,7.516,0.24,0.0
2026-08-28,18,2026082718,VTCH,3.787,3.383,6.366,4.68,22.041,6.606,45.378,0.849,0.227
2026-08-28,18,2026082718,VTCL,0.028,0.092,0.304,0.172,0.472,0.669,9.527,0.16,0.0
2026-08-28,18,2026082718,VTCN,2.726,3.197,3.789,4.739,8.402,4.232,11.195,0.996,0.027
2026-08-28,18,2026082718,VTCP,0.001,0.007,0.025,0.032,0.329,0.515,10.309,0.12,0.004
2026-08-28,18,2026082718,VTCT,1.598,2.022,4.698,1.454,6.463,2.257,15.061,0.507,0.049
2026-08-28,18,2026082718,VTPB,2.874,2.157,3.231,1.394,3.64,1.044,8.96,0.364,0.0
2026-08-28,18,2026082718,VTPH,0.312,0.281,0.473,0.17,0.473,0.576,6.709,0.138,0.0
2026-08-28,18,2026082718,VTPM,6.935,7.471,13.052,11.283,55.495,18.409,73.82,1.0,0.702
2026-08-28,18,2026082718,VTPO,0.276,0.375,0.727,1.219,4.724,2.269,8.765,0.689,0.0
2026-08-28,18,2026082718,VTPP,0.41,0.454,0.954,0.346,0.968,0.285,2.104,0.031,0.0
2026-08-28,18,2026082718,VTSB,0.861,0.37,1.02,0.767,6.624,1.068,13.966,0.267,0.013
2026-08-28,18,2026082718,VTSC,0.211,0.884,3.085,2.067,7.161,3.048,27.553,0.524,0.084
2026-08-28,18,2026082718,VTSE,1.835,1.734,2.325,2.501,7.396,4.347,13.711,1.0,0.031
2026-08-28,18,2026082718,VTSF,0.005,0.12,0.495,0.829,3.474,1.238,11.175,0.356,0.004
2026-08-28,18,2026082718,VTSG,0.131,0.847,2.916,0.832,2.916,0.681,4.372,0.231,0.0
2026-08-28,18,2026082718,VTSM,0.136,0.128,0.429,0.087,0.568,1.426,17.709,0.24,0.027
2026-08-28,18,2026082718,VTSP,0.144,0.152,0.34,0.083,0.34,0.073,0.654,0.0,0.0
2026-08-28,18,2026082718,VTSR,2.598,4.61,12.172,5.534,15.393,6.926,24.076,0.996,0.236
2026-08-28,18,2026082718,VTSS,0.004,0.008,0.035,0.016,0.252,0.065,1.587,0.013,0.0
2026-08-28,18,2026082718,VTST,1.85,0.738,2.194,0.444,2.49,0.487,8.45,0.129,0.0
2026-08-28,18,2026082718,VTSY,0.005,0.337,1.377,1.291,12.565,0.741,15.498,0.138,0.013
2026-08-28,18,2026082718,VTUD,0.367,0.498,1.099,0.456,1.667,0.82,6.371,0.253,0.0
2026-08-28,18,2026082718,VTUI,4.132,2.544,4.643,1.72,5.29,2.409,10.249,0.804,0.004
2026-08-28,18,2026082718,VTUK,0.007,0.008,0.018,0.009,0.068,0.016,0.34,0.0,0.0
2026-08-28,18,2026082718,VTUL,0.109,0.104,0.236,0.076,0.567,0.591,14.106,0.124,0.013
2026-08-28,18,2026082718,VTUO,1.157,1.244,1.888,1.15,2.16,1.684,8.214,0.596,0.0
2026-08-28,18,2026082718,VTUQ,0.705,0.624,1.069,2.204,13.639,2.89,19.131,0.498,0.08
2026-08-28,18,2026082718,VTUU,9.823,9.719,12.477,9.477,14.781,7.574,21.812,0.956,0.316
2026-08-28,18,2026082718,VTUV,0.007,0.046,0.349,0.048,0.416,0.134,2.256,0.036,0.0
2026-08-28,18,2026082718,VTUW,7.496,5.72,7.603,5.955,8.762,10.505,47.764,0.996,0.267
2026-08-29,12,2026082812,VTBD,0.79,0.754,1.267,0.568,1.813,2.388,14.715,0.529,0.036
2026-08-29,12,2026082812,VTBO,4.069,6.308,10.891,7.109,17.345,5.281,23.006,0.88,0.129
2026-08-29,12,2026082812,VTBS,3.816,3.853,4.673,5.846,8.927,4.167,15.51,0.827,0.04
2026-08-29,12,2026082812,VTCC,0.345,0.249,0.564,0.462,3.569,1.267,14.485,0.276,0.013
2026-08-29,12,2026082812,VTCH,22.42,22.129,29.391,23.202,58.62,23.265,80.258,0.996,0.827
2026-08-29,12,2026082812,VTCL,0.022,0.018,0.061,0.288,3.977,0.797,7.772,0.204,0.0
2026-08-29,12,2026082812,VTCN,1.307,2.072,5.955,2.984,9.813,3.132,14.646,0.524,0.053
2026-08-29,12,2026082812,VTCP,0.039,0.066,0.237,4.037,31.095,2.334,31.095,0.387,0.058
2026-08-29,12,2026082812,VTCT,1.46,2.056,4.419,3.863,21.618,8.1,32.748,0.827,0.347
2026-08-29,12,2026082812,VTPB,2.336,2.051,3.936,1.15,3.936,1.671,13.821,0.471,0.009
2026-08-29,12,2026082812,VTPH,8.944,9.371,14.785,7.648,17.376,8.143,22.614,0.978,0.342
2026-08-29,12,2026082812,VTPM,1.679,1.948,2.491,2.925,7.739,7.735,27.33,0.987,0.298
2026-08-29,12,2026082812,VTPO,0.007,0.008,0.02,0.02,0.199,0.063,0.687,0.0,0.0
2026-08-29,12,2026082812,VTPP,0.0,0.002,0.015,0.015,0.21,0.183,8.145,0.018,0.0
2026-08-29,12,2026082812,VTSB,0.05,0.196,0.93,0.298,1.897,2.171,16.337,0.364,0.067
2026-08-29,12,2026082812,VTSC,0.351,1.025,2.614,5.453,32.559,17.78,96.287,0.88,0.538
2026-08-29,12,2026082812,VTSE,3.283,2.476,3.804,2.581,6.335,2.205,10.773,0.738,0.004
2026-08-29,12,2026082812,VTSF,0.0,0.021,0.144,0.358,2.895,0.962,9.367,0.204,0.0
2026-08-29,12,2026082812,VTSG,0.004,0.043,0.138,0.443,3.74,0.465,5.841,0.124,0.0
2026-08-29,12,2026082812,VTSM,0.056,0.042,0.151,0.11,0.984,0.102,1.543,0.009,0.0
2026-08-29,12,2026082812,VTSP,0.011,0.083,0.258,0.054,0.313,0.04,0.328,0.0,0.0
2026-08-29,12,2026082812,VTSR,11.92,13.725,17.552,13.627,24.697,9.87,24.697,1.0,0.476
2026-08-29,12,2026082812,VTSS,0.014,0.026,0.072,0.113,0.756,0.727,17.955,0.151,0.013
2026-08-29,12,2026082812,VTST,0.005,0.012,0.043,0.152,2.509,0.748,14.313,0.142,0.013
2026-08-29,12,2026082812,VTSY,0.406,0.408,0.649,2.903,36.095,4.821,65.169,0.551,0.133
2026-08-29,12,2026082812,VTUD,0.16,0.084,0.171,0.532,6.242,0.73,11.512,0.164,0.009
2026-08-29,12,2026082812,VTUI,1.67,1.527,3.16,2.707,16.27,2.8,19.325,0.547,0.04
2026-08-29,12,2026082812,VTUK,0.002,0.017,0.144,0.031,0.186,0.191,1.764,0.053,0.0
2026-08-29,12,2026082812,VTUL,1.112,2.357,5.672,2.596,9.09,1.047,9.09,0.271,0.0
2026-08-29,12,2026082812,VTUO,0.688,2.103,5.36,3.305,10.61,2.781,24.03,0.507,0.031
2026-08-29,12,2026082812,VTUQ,1.783,1.459,2.034,1.047,2.034,2.489,18.807,0.6,0.071
2026-08-29,12,2026082812,VTUU,20.906,25.166,40.331,29.161,44.164,26.007,49.571,1.0,0.893
2026-08-29,12,2026082812,VTUV,0.043,0.043,0.233,0.026,0.233,0.073,0.571,0.0,0.0
2026-08-29,12,2026082812,VTUW,13.498,11.255,14.911,6.794,15.079,6.109,15.95,0.853,0.244
2026-08-29,18,2026082818,VTBD,1.5,4.766,10.767,3.885,11.161,6.459,34.013,0.827,0.236
2026-08-29,18,2026082818,VTBO,6.469,6.398,8.674,6.307,13.677,6.447,21.041,0.938,0.187
2026-08-29,18,2026082818,VTBS,7.353,9.903,14.127,10.885,32.147,10.253,35.915,0.796,0.422
2026-08-29,18,2026082818,VTCC,0.0,0.014,0.054,0.143,2.861,0.834,6.54,0.24,0.0
2026-08-29,18,2026082818,VTCH,67.8,62.083,80.335,41.016,80.335,20.609,80.335,0.996,0.64
2026-08-29,18,2026082818,VTCL,0.007,0.042,0.117,0.053,0.38,0.114,1.422,0.009,0.0
2026-08-29,18,2026082818,VTCN,1.465,1.357,2.369,1.589,8.28,3.044,25.685,0.449,0.107
2026-08-29,18,2026082818,VTCP,0.109,0.156,0.586,0.123,0.992,0.152,1.684,0.04,0.0
2026-08-29,18,2026082818,VTCT,10.611,11.503,22.071,19.111,104.246,13.038,104.246,0.884,0.382
2026-08-29,18,2026082818,VTPB,10.757,9.939,11.813,8.0,14.269,8.786,39.961,0.996,0.32
2026-08-29,18,2026082818,VTPH,1.519,1.506,2.784,1.01,4.27,1.004,4.821,0.324,0.0
2026-08-29,18,2026082818,VTPM,18.289,16.981,22.439,16.648,29.061,18.496,51.832,1.0,0.707
2026-08-29,18,2026082818,VTPO,20.054,15.995,20.054,10.557,20.054,6.928,30.127,0.836,0.284
2026-08-29,18,2026082818,VTPP,9.039,5.366,9.331,3.264,11.853,4.643,26.368,0.716,0.16
2026-08-29,18,2026082818,VTSB,0.005,0.103,0.473,1.147,9.746,3.228,22.473,0.48,0.089
2026-08-29,18,2026082818,VTSC,23.767,24.061,40.375,18.651,43.701,22.09,65.712,1.0,0.747
2026-08-29,18,2026082818,VTSE,13.109,11.957,15.665,10.454,19.765,8.813,24.679,0.978,0.44
2026-08-29,18,2026082818,VTSF,0.0,0.0,0.0,0.06,0.99,0.162,2.725,0.049,0.0
2026-08-29,18,2026082818,VTSG,0.509,0.257,1.334,1.325,10.303,1.6,15.931,0.329,0.036
2026-08-29,18,2026082818,VTSM,0.291,0.159,0.366,0.399,4.598,5.028,18.895,0.533,0.267
2026-08-29,18,2026082818,VTSP,0.235,0.23,0.474,0.829,7.096,1.347,15.081,0.244,0.018
2026-08-29,18,2026082818,VTSR,11.09,15.693,41.053,14.828,46.821,10.095,46.821,1.0,0.369
2026-08-29,18,2026082818,VTSS,0.002,0.01,0.044,0.037,0.242,0.858,13.168,0.169,0.013
2026-08-29,18,2026082818,VTST,0.004,0.096,0.342,0.064,0.358,0.211,3.713,0.053,0.0
2026-08-29,18,2026082818,VTSY,0.311,1.932,4.664,2.965,18.366,3.377,33.789,0.622,0.076
2026-08-29,18,2026082818,VTUD,0.316,0.5,0.904,1.289,3.152,1.843,7.793,0.693,0.0
2026-08-29,18,2026082818,VTUI,3.388,2.961,4.865,2.566,8.856,2.363,10.671,0.587,0.009
2026-08-29,18,2026082818,VTUK,0.169,0.243,0.558,0.409,1.631,0.941,4.511,0.333,0.0
2026-08-29,18,2026082818,VTUL,3.391,3.643,9.807,3.979,31.603,4.373,88.783,0.364,0.107
2026-08-29,18,2026082818,VTUO,1.052,1.224,2.087,1.282,2.466,3.594,18.872,0.778,0.102
2026-08-29,18,2026082818,VTUQ,0.301,0.684,1.437,1.182,3.168,3.292,26.34,0.689,0.044
2026-08-29,18,2026082818,VTUU,16.186,18.448,28.575,15.472,30.69,11.731,33.499,0.982,0.533
2026-08-29,18,2026082818,VTUV,1.591,1.825,2.49,3.19,6.561,4.253,10.778,0.969,0.018
2026-08-29,18,2026082818,VTUW,2.332,2.654,5.63,2.953,9.876,2.189,12.912,0.551,0.018
2026-08-30,12,2026082912,VTBD,0.066,0.611,1.878,0.544,2.142,1.862,12.182,0.387,0.036
2026-08-30,12,2026082912,VTBO,0.243,0.356,0.549,1.342,5.231,1.575,9.595,0.529,0.0
2026-08-30,12,2026082912,VTBS,11.819,10.469,14.434,5.755,16.215,4.417,16.784,0.631,0.178
2026-08-30,12,2026082912,VTCC,0.049,0.037,0.078,0.092,0.655,0.191,2.356,0.062,0.0
2026-08-30,12,2026082912,VTCH,13.292,14.019,21.076,15.445,32.839,11.889,38.033,0.982,0.453
2026-08-30,12,2026082912,VTCL,0.0,0.056,0.362,0.041,0.362,0.049,0.869,0.0,0.0
2026-08-30,12,2026082912,VTCN,15.761,17.336,34.306,20.198,45.732,20.822,99.932,0.996,0.644
2026-08-30,12,2026082912,VTCP,0.048,0.062,0.121,0.246,0.767,0.448,9.161,0.084,0.0
2026-08-30,12,2026082912,VTCT,10.778,12.51,20.235,23.416,68.13,22.603,97.307,0.933,0.711
2026-08-30,12,2026082912,VTPB,0.843,0.703,1.217,0.874,3.868,1.012,7.924,0.302,0.0
2026-08-30,12,2026082912,VTPH,0.554,1.498,3.898,0.756,4.749,0.463,4.749,0.142,0.0
2026-08-30,12,2026082912,VTPM,7.647,7.294,9.756,9.953,23.244,10.714,35.773,1.0,0.44
2026-08-30,12,2026082912,VTPO,0.0,0.031,0.221,0.219,1.821,0.146,1.821,0.027,0.0
2026-08-30,12,2026082912,VTPP,0.814,0.382,1.756,0.249,3.432,0.213,3.432,0.053,0.0
2026-08-30,12,2026082912,VTSB,0.0,0.003,0.025,0.006,0.108,0.057,0.986,0.0,0.0
2026-08-30,12,2026082912,VTSC,1.646,4.319,12.341,3.272,12.341,3.642,25.086,0.622,0.08
2026-08-30,12,2026082912,VTSE,5.913,5.717,7.73,6.894,12.706,7.998,22.495,1.0,0.276
2026-08-30,12,2026082912,VTSF,0.0,0.0,0.0,0.0,0.0,0.024,1.465,0.004,0.0
2026-08-30,12,2026082912,VTSG,0.05,0.019,0.071,0.021,0.177,0.039,0.8,0.0,0.0
2026-08-30,12,2026082912,VTSM,0.215,0.558,1.64,0.309,2.383,0.16,2.383,0.067,0.0
2026-08-30,12,2026082912,VTSP,0.142,0.14,0.239,0.183,1.558,0.137,1.677,0.044,0.0
2026-08-30,12,2026082912,VTSR,9.531,7.073,17.485,10.005,27.638,8.701,30.092,0.964,0.351
2026-08-30,12,2026082912,VTSS,0.0,0.0,0.0,0.002,0.053,0.057,1.299,0.013,0.0
2026-08-30,12,2026082912,VTST,0.594,0.211,0.602,0.107,0.715,0.339,10.758,0.044,0.009
2026-08-30,12,2026082912,VTSY,0.121,0.106,0.239,1.847,27.588,2.017,37.226,0.169,0.08
2026-08-30,12,2026082912,VTUD,0.924,1.19,2.024,0.765,2.024,0.794,6.449,0.258,0.0
2026-08-30,12,2026082912,VTUI,2.106,2.574,3.739,2.741,5.024,2.799,8.545,0.796,0.0
2026-08-30,12,2026082912,VTUK,0.635,0.718,2.567,0.576,2.567,0.542,5.611,0.187,0.0
2026-08-30,12,2026082912,VTUL,0.0,0.0,0.003,0.005,0.098,0.149,2.297,0.04,0.0
2026-08-30,12,2026082912,VTUO,0.054,0.206,0.47,0.123,0.476,0.143,2.655,0.031,0.0
2026-08-30,12,2026082912,VTUQ,0.437,1.692,6.373,2.946,11.929,1.547,11.929,0.382,0.027
2026-08-30,12,2026082912,VTUU,0.775,0.553,1.088,0.792,2.356,1.627,9.776,0.391,0.0
2026-08-30,12,2026082912,VTUV,9.687,6.53,10.757,4.732,15.235,3.279,15.715,0.524,0.124
2026-08-30,12,2026082912,VTUW,11.632,12.195,26.04,10.051,30.489,10.003,41.008,0.782,0.409
2026-08-31,12,2026083012,VTBD,0.963,2.203,6.445,1.679,6.445,2.694,18.178,0.502,0.071
2026-08-31,12,2026083012,VTBO,0.788,1.218,2.181,5.49,20.065,7.719,23.677,0.876,0.356
2026-08-31,12,2026083012,VTBS,18.493,22.597,45.854,25.928,60.243,17.708,60.243,0.942,0.551
2026-08-31,12,2026083012,VTCC,4.3,4.393,10.151,2.886,14.201,2.665,14.201,0.778,0.013
2026-08-31,12,2026083012,VTCH,1.499,1.449,2.655,2.148,6.77,3.771,37.009,0.68,0.08
2026-08-31,12,2026083012,VTCL,10.519,10.605,11.94,9.566,14.836,10.459,33.804,0.991,0.373
2026-08-31,12,2026083012,VTCN,4.253,3.513,4.999,2.91,7.135,2.274,12.38,0.653,0.013
2026-08-31,12,2026083012,VTCP,9.668,10.288,11.946,10.564,14.763,11.004,22.089,1.0,0.6
2026-08-31,12,2026083012,VTCT,0.628,0.634,3.834,1.327,27.256,1.648,39.614,0.182,0.04
2026-08-31,12,2026083012,VTPB,12.099,12.45,17.69,11.219,25.096,7.591,38.134,0.982,0.191
2026-08-31,12,2026083012,VTPH,0.369,0.793,2.08,3.346,15.041,2.462,16.687,0.467,0.062
2026-08-31,12,2026083012,VTPM,1.16,1.494,3.595,2.444,6.815,4.94,21.995,0.92,0.084
2026-08-31,12,2026083012,VTPO,1.587,1.59,2.014,1.556,2.545,1.69,4.36,0.742,0.0
2026-08-31,12,2026083012,VTPP,5.829,5.229,8.359,3.743,8.991,2.549,9.361,0.893,0.0
2026-08-31,12,2026083012,VTSB,0.028,0.017,0.038,0.133,0.648,0.227,3.533,0.044,0.0
2026-08-31,12,2026083012,VTSC,2.998,6.645,12.82,16.751,39.403,20.187,64.516,0.973,0.68
2026-08-31,12,2026083012,VTSE,0.734,0.567,0.943,0.25,0.943,0.217,1.403,0.022,0.0
2026-08-31,12,2026083012,VTSF,0.082,0.031,0.093,0.064,1.353,0.795,9.032,0.196,0.0
2026-08-31,12,2026083012,VTSG,0.0,0.0,0.002,0.002,0.017,0.056,1.086,0.009,0.0
2026-08-31,12,2026083012,VTSM,0.0,0.003,0.017,0.015,0.294,0.243,5.397,0.067,0.0
2026-08-31,12,2026083012,VTSP,2.491,0.986,2.491,0.361,2.491,0.442,5.669,0.107,0.0
2026-08-31,12,2026083012,VTSR,0.714,1.261,3.722,1.598,5.957,2.072,11.845,0.582,0.013
2026-08-31,12,2026083012,VTSS,0.008,0.206,1.111,1.098,7.846,0.856,13.037,0.169,0.013
2026-08-31,12,2026083012,VTST,1.985,1.282,2.997,0.754,3.687,1.092,13.832,0.311,0.009
2026-08-31,12,2026083012,VTSY,0.066,1.249,4.592,5.824,29.511,5.957,33.303,0.658,0.231
2026-08-31,12,2026083012,VTUD,0.388,0.592,2.191,0.447,4.413,0.183,4.413,0.036,0.0
2026-08-31,12,2026083012,VTUI,0.026,0.037,0.074,0.15,0.815,0.244,1.789,0.009,0.0
2026-08-31,12,2026083012,VTUK,0.957,1.165,2.673,2.12,7.687,3.154,13.35,0.6,0.067
2026-08-31,12,2026083012,VTUL,0.0,0.0,0.0,0.001,0.013,0.162,7.316,0.053,0.0
2026-08-31,12,2026083012,VTUO,0.964,1.999,5.451,1.487,5.798,2.537,9.737,0.631,0.0
2026-08-31,12,2026083012,VTUQ,1.431,4.532,8.197,3.964,20.645,3.196,20.645,0.467,0.12
2026-08-31,12,2026083012,VTUU,0.154,0.137,0.257,0.248,1.295,1.619,16.916,0.369,0.049
2026-08-31,12,2026083012,VTUV,9.451,8.738,11.598,10.328,20.228,9.42,25.889,1.0,0.378
2026-08-31,12,2026083012,VTUW,2.808,3.259,4.437,4.827,13.129,8.542,54.008,0.831,0.24
2026-08-31,18,2026083018,VTBD,1.215,2.308,5.608,6.438,20.147,5.816,21.336,0.796,0.182
2026-08-31,18,2026083018,VTBO,2.029,6.043,16.313,8.948,28.774,6.409,28.774,0.764,0.222
2026-08-31,18,2026083018,VTBS,6.759,4.073,8.468,4.003,16.032,8.194,30.527,0.969,0.267
2026-08-31,18,2026083018,VTCC,8.168,6.22,12.191,4.829,12.191,5.25,12.191,1.0,0.036
2026-08-31,18,2026083018,VTCH,28.718,21.456,28.718,16.313,30.439,16.335,57.713,0.996,0.733
2026-08-31,18,2026083018,VTCL,15.133,13.663,15.583,12.994,18.952,14.563,37.085,1.0,0.782
2026-08-31,18,2026083018,VTCN,0.139,0.121,0.168,0.313,1.58,1.055,49.836,0.2,0.013
2026-08-31,18,2026083018,VTCP,45.867,48.05,50.283,49.204,58.918,38.852,67.433,1.0,0.996
2026-08-31,18,2026083018,VTCT,21.076,20.208,44.17,8.694,44.17,5.842,68.074,0.609,0.173
2026-08-31,18,2026083018,VTPB,17.515,16.429,22.911,14.635,49.133,11.165,108.881,1.0,0.267
2026-08-31,18,2026083018,VTPH,0.912,1.066,2.184,1.675,7.434,1.621,11.848,0.409,0.004
2026-08-31,18,2026083018,VTPM,5.404,5.139,6.453,4.821,8.496,5.403,18.755,1.0,0.098
2026-08-31,18,2026083018,VTPO,6.053,6.233,8.545,6.621,9.433,6.919,10.24,1.0,0.027
2026-08-31,18,2026083018,VTPP,4.821,4.623,5.676,4.452,6.795,5.423,15.271,1.0,0.071
2026-08-31,18,2026083018,VTSB,0.476,0.623,1.38,0.468,1.893,0.55,6.799,0.187,0.0
2026-08-31,18,2026083018,VTSC,25.483,24.739,36.978,22.001,46.69,14.701,55.31,0.964,0.564
2026-08-31,18,2026083018,VTSE,0.624,0.91,2.389,1.307,5.83,1.446,8.568,0.391,0.0
2026-08-31,18,2026083018,VTSF,15.519,11.858,18.837,6.929,18.837,3.361,18.837,0.538,0.124
2026-08-31,18,2026083018,VTSG,0.005,0.14,0.42,2.038,13.028,1.458,13.028,0.298,0.036
2026-08-31,18,2026083018,VTSM,0.279,0.195,0.447,0.176,1.508,0.741,9.866,0.138,0.0
2026-08-31,18,2026083018,VTSP,0.019,0.086,0.287,0.157,1.41,0.984,12.156,0.2,0.022
2026-08-31,18,2026083018,VTSR,2.667,2.952,6.243,5.191,19.175,3.657,19.175,0.818,0.067
2026-08-31,18,2026083018,VTSS,0.002,0.012,0.057,0.055,0.854,0.178,3.958,0.062,0.0
2026-08-31,18,2026083018,VTST,0.07,0.101,0.266,0.111,0.791,0.234,3.894,0.04,0.0
2026-08-31,18,2026083018,VTSY,0.037,0.233,0.836,0.291,3.526,1.964,14.82,0.458,0.022
2026-08-31,18,2026083018,VTUD,0.244,0.249,0.317,0.318,0.684,0.545,3.397,0.102,0.0
2026-08-31,18,2026083018,VTUI,1.424,1.366,2.024,1.102,2.11,1.355,4.441,0.671,0.0
2026-08-31,18,2026083018,VTUK,9.98,9.807,10.662,10.247,13.161,9.865,15.897,1.0,0.507
2026-08-31,18,2026083018,VTUL,0.0,0.001,0.011,0.089,1.406,1.13,26.022,0.333,0.009
2026-08-31,18,2026083018,VTUO,0.436,0.61,1.314,0.636,2.76,0.855,3.622,0.253,0.0
2026-08-31,18,2026083018,VTUQ,1.062,3.259,7.486,6.443,16.858,5.541,21.469,0.747,0.222
2026-08-31,18,2026083018,VTUU,5.902,5.756,7.585,5.317,8.284,7.535,22.507,1.0,0.231
2026-08-31,18,2026083018,VTUV,45.282,44.52,47.322,39.157,49.349,29.986,51.067,1.0,0.853
2026-08-31,18,2026083018,VTUW,7.76,9.473,14.716,11.08,16.887,12.194,48.043,1.0,0.48
2026-09-01,12,2026083112,VTBD,36.713,37.022,41.504,33.325,52.333,23.029,52.333,1.0,0.68
2026-09-01,12,2026083112,VTBO,1.521,1.071,2.058,0.592,2.978,1.25,7.1,0.382,0.0
2026-09-01,12,2026083112,VTBS,5.867,8.908,14.873,16.608,49.359,20.284,55.472,0.982,0.604
2026-09-01,12,2026083112,VTCC,0.024,0.205,0.708,0.208,1.172,0.285,7.345,0.053,0.0
2026-09-01,12,2026083112,VTCH,1.103,1.019,1.819,0.97,3.618,1.731,13.394,0.52,0.027
2026-09-01,12,2026083112,VTCL,0.001,0.061,0.466,0.15,1.501,0.757,9.397,0.178,0.0
2026-09-01,12,2026083112,VTCN,2.859,3.222,9.013,3.49,11.161,4.392,48.485,0.644,0.116
2026-09-01,12,2026083112,VTCP,0.502,0.643,1.411,1.713,12.837,4.976,24.84,0.702,0.164
2026-09-01,12,2026083112,VTCT,0.393,0.587,2.922,0.297,2.922,1.607,49.498,0.267,0.044
2026-09-01,12,2026083112,VTPB,9.163,10.756,17.514,10.684,36.867,9.257,38.42,0.862,0.324
2026-09-01,12,2026083112,VTPH,0.0,0.0,0.0,0.025,1.044,0.155,2.579,0.036,0.0
2026-09-01,12,2026083112,VTPM,0.245,0.645,1.406,0.716,3.416,2.156,18.112,0.542,0.036
2026-09-01,12,2026083112,VTPO,0.0,0.0,0.0,0.001,0.026,0.007,0.346,0.0,0.0
2026-09-01,12,2026083112,VTPP,0.0,0.113,0.946,0.189,2.429,0.157,3.416,0.044,0.0
2026-09-01,12,2026083112,VTSB,0.0,0.0,0.0,0.043,1.026,0.059,1.692,0.018,0.0
2026-09-01,12,2026083112,VTSC,0.338,0.576,2.593,1.234,9.536,3.746,37.065,0.418,0.129
2026-09-01,12,2026083112,VTSE,0.052,0.192,0.521,0.253,1.62,0.169,2.091,0.04,0.0
2026-09-01,12,2026083112,VTSF,2.586,3.978,9.039,3.797,27.219,2.907,28.741,0.48,0.076
2026-09-01,12,2026083112,VTSG,0.196,0.571,1.172,1.069,6.082,0.851,6.83,0.236,0.0
2026-09-01,12,2026083112,VTSM,0.217,0.301,1.042,0.426,2.667,0.482,8.002,0.147,0.0
2026-09-01,12,2026083112,VTSP,0.294,0.181,0.314,0.166,0.866,0.459,5.696,0.124,0.0
2026-09-01,12,2026083112,VTSR,4.326,3.033,5.801,2.661,9.653,2.191,9.653,0.604,0.0
2026-09-01,12,2026083112,VTSS,1.289,0.817,2.711,3.006,21.534,2.051,23.606,0.364,0.053
2026-09-01,12,2026083112,VTST,0.916,3.854,12.482,1.466,12.482,0.881,12.482,0.222,0.009
2026-09-01,12,2026083112,VTSY,0.467,0.178,0.467,0.682,7.439,2.237,26.306,0.413,0.053
2026-09-01,12,2026083112,VTUD,0.029,0.612,3.1,0.441,8.711,0.649,22.865,0.151,0.009
2026-09-01,12,2026083112,VTUI,18.699,19.951,23.525,24.683,47.87,27.082,61.286,1.0,0.92
2026-09-01,12,2026083112,VTUK,0.203,0.096,0.374,0.095,0.7,0.208,2.215,0.058,0.0
2026-09-01,12,2026083112,VTUL,0.063,0.079,0.143,0.19,0.682,0.599,14.44,0.182,0.009
2026-09-01,12,2026083112,VTUO,0.041,0.043,0.088,0.022,0.088,0.015,0.142,0.0,0.0
2026-09-01,12,2026083112,VTUQ,1.652,0.975,1.652,0.383,1.652,0.785,14.291,0.12,0.022
2026-09-01,12,2026083112,VTUU,8.357,7.492,10.345,8.002,20.694,10.649,38.083,0.769,0.418
2026-09-01,12,2026083112,VTUV,0.02,0.035,0.072,0.085,0.82,0.329,8.896,0.089,0.0
2026-09-01,12,2026083112,VTUW,110.665,110.583,126.773,102.552,158.232,80.394,221.166,1.0,0.996
2026-09-01,18,2026083118,VTBD,0.816,2.346,6.603,2.991,10.574,3.49,24.224,0.578,0.071
2026-09-01,18,2026083118,VTBO,1.348,3.787,7.044,3.75,9.968,2.428,9.968,0.636,0.0
2026-09-01,18,2026083118,VTBS,10.109,9.193,11.25,5.845,12.064,5.084,24.224,0.738,0.173
2026-09-01,18,2026083118,VTCC,0.014,0.027,0.094,0.447,11.784,0.494,20.544,0.076,0.013
2026-09-01,18,2026083118,VTCH,5.151,3.727,5.151,2.38,6.277,2.247,12.148,0.613,0.022
2026-09-01,18,2026083118,VTCL,0.005,0.009,0.015,0.029,0.536,0.035,0.578,0.0,0.0
2026-09-01,18,2026083118,VTCN,60.309,56.3,100.928,33.729,100.928,21.022,100.928,0.907,0.582
2026-09-01,18,2026083118,VTCP,0.015,0.014,0.03,0.024,0.151,0.908,37.943,0.133,0.013
2026-09-01,18,2026083118,VTCT,2.419,7.273,26.062,4.655,29.063,5.255,45.948,0.587,0.187
2026-09-01,18,2026083118,VTPB,2.504,1.837,3.992,1.262,3.992,1.456,11.738,0.516,0.004
2026-09-01,18,2026083118,VTPH,0.239,0.349,0.734,0.361,1.934,0.65,8.033,0.178,0.0
2026-09-01,18,2026083118,VTPM,3.87,2.293,4.422,2.18,6.103,3.509,22.469,0.849,0.058
2026-09-01,18,2026083118,VTPO,0.064,0.244,0.757,0.395,1.419,0.304,1.913,0.062,0.0
2026-09-01,18,2026083118,VTPP,2.7,2.718,3.273,2.451,5.395,1.644,6.219,0.533,0.0
2026-09-01,18,2026083118,VTSB,0.0,0.006,0.029,0.08,0.782,0.357,6.917,0.089,0.0
2026-09-01,18,2026083118,VTSC,16.338,19.175,35.302,18.561,42.601,24.73,109.621,0.982,0.756
2026-09-01,18,2026083118,VTSE,0.305,0.612,1.421,0.437,1.885,0.406,4.586,0.124,0.0
2026-09-01,18,2026083118,VTSF,7.186,5.147,12.474,4.414,18.038,3.394,22.873,0.64,0.067
2026-09-01,18,2026083118,VTSG,3.292,1.225,3.292,0.471,3.292,0.342,3.292,0.089,0.0
2026-09-01,18,2026083118,VTSM,0.0,0.014,0.106,0.147,1.906,0.248,4.38,0.08,0.0
2026-09-01,18,2026083118,VTSP,0.14,0.372,1.024,0.343,1.056,0.374,4.61,0.071,0.0
2026-09-01,18,2026083118,VTSR,4.449,4.031,8.922,2.099,11.995,2.015,11.995,0.613,0.004
2026-09-01,18,2026083118,VTSS,2.933,1.33,5.447,2.545,20.145,1.805,20.145,0.324,0.044
2026-09-01,18,2026083118,VTST,0.012,0.303,1.391,0.192,1.49,0.766,9.073,0.178,0.0
2026-09-01,18,2026083118,VTSY,24.006,20.304,42.571,15.287,84.928,9.788,84.928,0.733,0.32
2026-09-01,18,2026083118,VTUD,0.035,0.027,0.046,0.026,0.1,0.134,5.7,0.018,0.0
2026-09-01,18,2026083118,VTUI,0.561,0.842,2.074,1.922,13.709,1.827,13.709,0.493,0.013
2026-09-01,18,2026083118,VTUK,0.94,0.987,1.811,1.141,4.16,2.169,18.387,0.449,0.049
2026-09-01,18,2026083118,VTUL,19.52,17.829,26.593,12.67,26.593,8.027,38.635,0.996,0.28
2026-09-01,18,2026083118,VTUO,1.292,2.621,5.915,1.47,5.915,0.758,5.915,0.209,0.0
2026-09-01,18,2026083118,VTUQ,0.054,0.043,0.082,0.028,0.112,0.037,0.323,0.0,0.0
2026-09-01,18,2026083118,VTUU,0.307,0.375,0.806,0.526,1.777,0.529,3.083,0.196,0.0
2026-09-01,18,2026083118,VTUV,18.087,20.261,30.363,19.436,32.545,17.408,33.573,1.0,0.871
2026-09-01,18,2026083118,VTUW,10.676,11.834,20.983,13.679,71.939,10.506,71.939,0.858,0.333
2026-09-02,00,2026090100,VTBD,0.069,0.285,0.525,0.828,3.698,2.059,18.855,0.422,0.036
2026-09-02,00,2026090100,VTBO,3.774,3.364,7.207,2.091,9.409,1.339,11.846,0.329,0.013
2026-09-02,00,2026090100,VTBS,3.353,4.02,7.213,2.933,7.213,1.534,8.152,0.422,0.0
2026-09-02,00,2026090100,VTCC,0.085,0.148,0.505,0.378,2.765,0.357,5.879,0.102,0.0
2026-09-02,00,2026090100,VTCH,4.345,4.538,6.547,3.648,11.598,4.672,22.125,0.88,0.133
2026-09-02,00,2026090100,VTCL,0.002,0.039,0.272,0.045,0.272,2.302,21.711,0.24,0.107
2026-09-02,00,2026090100,VTCN,3.611,6.875,16.969,9.775,49.915,10.744,56.475,0.911,0.413
2026-09-02,00,2026090100,VTCP,0.022,0.013,0.037,0.076,0.844,2.259,31.125,0.218,0.098
2026-09-02,00,2026090100,VTCT,9.908,18.166,42.21,12.775,42.21,10.59,43.978,0.933,0.404
2026-09-02,00,2026090100,VTPB,0.071,0.135,0.395,0.052,0.395,0.125,2.062,0.027,0.0
2026-09-02,00,2026090100,VTPH,0.0,0.0,0.0,0.0,0.0,0.0,0.03,0.0,0.0
2026-09-02,00,2026090100,VTPM,12.818,11.165,13.385,9.888,17.476,7.823,30.715,0.982,0.32
2026-09-02,00,2026090100,VTPO,0.0,0.0,0.0,0.235,2.876,0.436,4.438,0.164,0.0
2026-09-02,00,2026090100,VTPP,0.136,0.909,3.505,1.209,9.991,0.923,16.636,0.182,0.018
2026-09-02,00,2026090100,VTSB,0.0,0.012,0.057,0.214,1.688,1.507,11.775,0.289,0.027
2026-09-02,00,2026090100,VTSC,8.941,9.761,15.694,15.498,46.305,29.212,122.425,1.0,0.644
2026-09-02,00,2026090100,VTSE,0.862,0.478,0.998,0.302,0.998,0.274,2.039,0.04,0.0
2026-09-02,00,2026090100,VTSF,1.21,2.069,3.632,3.209,7.314,5.807,15.586,0.969,0.169
2026-09-02,00,2026090100,VTSG,0.06,0.058,0.116,0.24,1.388,0.695,4.749,0.244,0.0
2026-09-02,00,2026090100,VTSM,0.0,0.002,0.014,0.027,0.235,0.065,2.646,0.013,0.0
2026-09-02,00,2026090100,VTSP,4.902,4.363,6.84,3.419,8.564,2.892,14.405,0.622,0.044
2026-09-02,00,2026090100,VTSR,0.933,1.913,4.334,1.351,5.678,3.348,21.416,0.533,0.093
2026-09-02,00,2026090100,VTSS,2.183,6.752,23.662,6.341,26.905,6.979,39.686,0.698,0.284
2026-09-02,00,2026090100,VTST,6.076,4.615,11.341,4.424,25.927,4.572,28.494,0.702,0.147
2026-09-02,00,2026090100,VTSY,22.035,23.304,45.521,16.766,45.521,15.552,54.897,0.96,0.578
2026-09-02,00,2026090100,VTUD,18.193,16.427,27.997,12.442,49.766,8.569,51.128,0.804,0.289
2026-09-02,00,2026090100,VTUI,37.678,31.835,59.344,30.685,71.08,21.603,71.08,0.996,0.764
2026-09-02,00,2026090100,VTUK,0.095,0.129,0.551,0.307,1.775,1.342,18.221,0.351,0.013
2026-09-02,00,2026090100,VTUL,0.043,0.057,0.203,0.488,4.191,1.159,12.957,0.249,0.009
2026-09-02,00,2026090100,VTUO,0.0,0.0,0.0,0.0,0.002,0.003,0.063,0.0,0.0
2026-09-02,00,2026090100,VTUQ,0.0,0.016,0.139,0.005,0.139,0.003,0.156,0.0,0.0
2026-09-02,00,2026090100,VTUU,0.356,1.491,5.23,4.808,21.73,3.111,21.73,0.529,0.049
2026-09-02,00,2026090100,VTUV,0.653,1.276,2.82,1.086,3.589,1.636,20.814,0.391,0.022
2026-09-02,00,2026090100,VTUW,13.554,12.965,18.646,17.52,45.44,25.807,92.153,0.978,0.658
2026-09-02,06,2026090106,VTBD,0.039,0.193,0.776,0.386,2.799,0.891,14.075,0.24,0.009
2026-09-02,06,2026090106,VTBO,0.645,0.889,2.746,0.593,2.969,0.544,10.977,0.12,0.004
2026-09-02,06,2026090106,VTBS,7.618,8.581,20.065,6.501,23.3,3.002,23.943,0.467,0.098
2026-09-02,06,2026090106,VTCC,0.428,2.224,7.794,2.574,18.21,0.907,18.21,0.169,0.022
2026-09-02,06,2026090106,VTCH,7.423,4.604,7.423,2.554,7.423,3.047,26.958,0.636,0.067
2026-09-02,06,2026090106,VTCL,0.017,0.007,0.039,0.007,0.073,0.054,5.12,0.009,0.0
2026-09-02,06,2026090106,VTCN,7.554,8.586,15.957,14.735,53.047,14.838,93.825,0.796,0.422
2026-09-02,06,2026090106,VTCP,0.0,0.009,0.026,0.105,1.239,2.068,25.179,0.276,0.08
2026-09-02,06,2026090106,VTCT,0.292,0.386,0.817,2.191,14.59,5.853,31.038,0.693,0.222
2026-09-02,06,2026090106,VTPB,2.963,2.763,7.943,2.05,11.904,3.544,29.233,0.631,0.084
2026-09-02,06,2026090106,VTPH,0.0,0.0,0.0,0.0,0.001,0.002,0.173,0.0,0.0
2026-09-02,06,2026090106,VTPM,1.597,1.93,3.93,2.527,6.737,5.839,21.146,0.92,0.173
2026-09-02,06,2026090106,VTPO,0.085,0.631,2.225,0.942,3.92,1.672,14.046,0.333,0.027
2026-09-02,06,2026090106,VTPP,0.0,0.022,0.196,0.006,0.196,0.774,17.029,0.138,0.013
2026-09-02,06,2026090106,VTSB,0.106,0.412,1.292,0.728,4.966,1.242,12.168,0.289,0.013
2026-09-02,06,2026090106,VTSC,9.837,11.692,24.621,18.224,75.567,19.168,80.179,0.836,0.56
2026-09-02,06,2026090106,VTSE,0.023,0.149,0.617,0.128,1.657,0.924,8.863,0.218,0.0
2026-09-02,06,2026090106,VTSF,3.018,4.882,10.819,3.285,10.819,5.053,51.444,0.791,0.107
2026-09-02,06,2026090106,VTSG,1.11,1.243,3.252,1.278,6.765,2.159,12.447,0.493,0.013
2026-09-02,06,2026090106,VTSM,0.036,0.034,0.099,0.052,0.711,0.098,2.35,0.018,0.0
2026-09-02,06,2026090106,VTSP,0.223,1.057,2.817,3.335,12.539,3.022,12.539,0.773,0.027
2026-09-02,06,2026090106,VTSR,8.047,9.503,17.05,5.533,19.758,3.679,19.758,0.764,0.067
2026-09-02,06,2026090106,VTSS,0.534,3.251,13.022,3.944,22.202,3.102,24.21,0.582,0.08
2026-09-02,06,2026090106,VTST,0.084,0.36,0.757,1.965,14.051,4.234,29.35,0.653,0.129
2026-09-02,06,2026090106,VTSY,20.009,18.423,36.805,18.113,41.768,19.745,88.55,0.924,0.649
2026-09-02,06,2026090106,VTUD,13.489,13.853,18.533,17.133,34.445,22.201,54.233,1.0,0.898
2026-09-02,06,2026090106,VTUI,6.157,9.612,16.214,11.546,22.556,10.553,41.656,0.938,0.427
2026-09-02,06,2026090106,VTUK,0.953,1.881,6.698,1.406,8.223,3.957,62.948,0.471,0.084
2026-09-02,06,2026090106,VTUL,0.046,0.382,1.921,2.592,12.389,2.693,33.885,0.431,0.08
2026-09-02,06,2026090106,VTUO,0.012,0.014,0.043,0.005,0.043,0.009,0.412,0.0,0.0
2026-09-02,06,2026090106,VTUQ,0.0,0.0,0.001,0.017,0.22,0.013,0.364,0.0,0.0
2026-09-02,06,2026090106,VTUU,5.288,3.997,8.125,2.985,11.943,2.275,11.943,0.578,0.022
2026-09-02,06,2026090106,VTUV,0.523,0.682,1.828,1.475,10.393,4.833,29.012,0.613,0.187
2026-09-02,06,2026090106,VTUW,1.98,4.567,16.595,9.963,51.824,16.007,86.443,0.804,0.444
2026-09-02,12,2026090112,VTBD,0.007,0.023,0.083,0.195,3.939,2.945,30.565,0.373,0.098
2026-09-02,12,2026090112,VTBO,0.481,0.918,2.926,0.553,5.057,0.556,9.589,0.102,0.0
2026-09-02,12,2026090112,VTBS,4.531,7.604,23.669,7.898,35.502,4.712,37.927,0.444,0.164
2026-09-02,12,2026090112,VTCC,0.045,0.086,0.216,0.437,3.045,0.643,8.399,0.156,0.0
2026-09-02,12,2026090112,VTCH,2.372,2.829,6.432,4.726,18.517,5.602,27.076,0.756,0.169
2026-09-02,12,2026090112,VTCL,0.003,0.009,0.037,0.006,0.047,0.743,13.665,0.129,0.013
2026-09-02,12,2026090112,VTCN,14.276,11.485,19.482,9.248,23.994,8.134,37.382,0.907,0.302
2026-09-02,12,2026090112,VTCP,0.014,0.04,0.149,0.213,1.261,1.456,13.27,0.258,0.036
2026-09-02,12,2026090112,VTCT,1.485,4.617,16.754,7.612,40.182,5.531,59.133,0.511,0.173
2026-09-02,12,2026090112,VTPB,0.003,0.008,0.055,0.042,0.451,0.841,18.151,0.138,0.022
2026-09-02,12,2026090112,VTPH,0.0,0.0,0.0,0.0,0.002,0.028,2.101,0.009,0.0
2026-09-02,12,2026090112,VTPM,3.614,3.806,5.024,4.138,12.566,5.335,36.183,0.818,0.111
2026-09-02,12,2026090112,VTPO,11.062,8.835,11.705,4.666,14.71,3.077,19.209,0.484,0.124
2026-09-02,12,2026090112,VTPP,0.163,0.444,1.434,0.971,5.307,3.524,35.298,0.427,0.107
2026-09-02,12,2026090112,VTSB,0.374,0.444,1.592,0.275,2.827,0.898,15.969,0.169,0.022
2026-09-02,12,2026090112,VTSC,14.907,20.942,35.007,19.05,37.365,20.157,101.654,0.933,0.68
2026-09-02,12,2026090112,VTSE,0.472,0.189,0.472,0.14,1.356,0.311,3.374,0.129,0.0
2026-09-02,12,2026090112,VTSF,21.861,26.416,38.3,22.884,38.3,16.677,43.399,1.0,0.702
2026-09-02,12,2026090112,VTSG,0.031,0.06,0.167,0.279,3.166,0.93,8.971,0.218,0.0
2026-09-02,12,2026090112,VTSM,0.027,0.127,0.524,0.181,1.607,0.249,3.903,0.08,0.0
2026-09-02,12,2026090112,VTSP,0.556,0.681,1.286,0.787,3.908,1.803,15.272,0.467,0.018
2026-09-02,12,2026090112,VTSR,5.496,5.942,11.447,6.69,16.261,5.062,19.943,0.844,0.111
2026-09-02,12,2026090112,VTSS,3.87,3.238,8.443,4.024,12.883,3.695,19.206,0.658,0.089
2026-09-02,12,2026090112,VTST,1.755,2.715,7.475,1.533,7.475,3.132,34.611,0.604,0.053
2026-09-02,12,2026090112,VTSY,36.729,28.03,49.762,23.762,53.795,23.778,96.075,1.0,0.804
2026-09-02,12,2026090112,VTUD,4.232,5.071,10.799,5.939,21.25,5.641,42.375,0.733,0.169
2026-09-02,12,2026090112,VTUI,3.384,5.912,11.078,8.233,17.692,7.495,17.788,1.0,0.231
2026-09-02,12,2026090112,VTUK,3.321,5.677,14.254,5.216,25.865,5.11,55.045,0.431,0.178
2026-09-02,12,2026090112,VTUL,5.061,10.228,27.151,11.236,39.348,7.049,60.785,0.538,0.253
2026-09-02,12,2026090112,VTUO,4.864,2.435,4.864,1.461,4.864,0.976,10.931,0.311,0.004
2026-09-02,12,2026090112,VTUQ,0.029,0.158,0.78,0.194,3.434,0.312,8.862,0.062,0.0
2026-09-02,12,2026090112,VTUU,4.279,8.734,16.286,7.374,18.401,6.568,28.028,0.884,0.249
2026-09-02,12,2026090112,VTUV,16.206,12.303,44.779,8.694,44.779,11.901,121.54,0.796,0.307
2026-09-02,12,2026090112,VTUW,76.433,81.534,90.058,72.993,118.028,62.479,128.502,1.0,1.0
2026-09-02,18,2026090118,VTBD,26.227,23.23,29.067,14.165,31.803,9.074,32.827,0.884,0.382
2026-09-02,18,2026090118,VTBO,0.632,0.272,0.677,0.211,1.099,0.444,10.497,0.129,0.004
2026-09-02,18,2026090118,VTBS,1.092,1.628,2.925,4.211,17.204,5.902,33.734,0.684,0.209
2026-09-02,18,2026090118,VTCC,0.0,0.113,0.737,1.073,8.976,0.499,8.976,0.12,0.0
2026-09-02,18,2026090118,VTCH,3.799,4.561,8.057,6.244,16.684,5.299,33.561,0.831,0.156
2026-09-02,18,2026090118,VTCL,7.402,5.882,12.436,2.472,12.436,1.796,13.184,0.413,0.018
2026-09-02,18,2026090118,VTCN,2.087,3.349,9.124,5.402,19.507,9.528,57.147,0.898,0.347
2026-09-02,18,2026090118,VTCP,1.495,3.137,15.614,8.474,52.508,5.842,52.508,0.458,0.191
2026-09-02,18,2026090118,VTCT,8.676,13.146,29.203,8.837,29.203,6.731,29.203,0.822,0.253
2026-09-02,18,2026090118,VTPB,0.092,0.491,2.073,0.54,3.133,0.661,5.588,0.231,0.0
2026-09-02,18,2026090118,VTPH,0.0,0.0,0.0,0.0,0.0,0.002,0.089,0.0,0.0
2026-09-02,18,2026090118,VTPM,14.946,14.719,20.585,10.651,22.486,8.161,38.286,0.867,0.32
2026-09-02,18,2026090118,VTPO,5.278,4.485,6.735,4.532,11.64,6.775,34.989,0.773,0.227
2026-09-02,18,2026090118,VTPP,9.082,12.111,24.534,8.841,27.674,4.776,27.674,0.644,0.169
2026-09-02,18,2026090118,VTSB,0.0,0.054,0.276,0.107,1.5,0.315,3.477,0.098,0.0
2026-09-02,18,2026090118,VTSC,1.938,3.153,6.514,8.417,23.913,13.512,42.728,0.951,0.564
2026-09-02,18,2026090118,VTSE,0.185,0.22,0.66,0.749,3.34,0.452,3.375,0.164,0.0
2026-09-02,18,2026090118,VTSF,3.496,5.168,8.799,5.133,13.885,7.163,30.86,0.902,0.236
2026-09-02,18,2026090118,VTSG,3.079,2.714,5.112,1.444,6.433,0.852,12.864,0.213,0.009
2026-09-02,18,2026090118,VTSM,0.089,0.2,0.636,0.152,1.731,0.057,1.731,0.004,0.0
2026-09-02,18,2026090118,VTSP,0.019,0.03,0.132,0.201,1.18,0.914,17.407,0.182,0.022
2026-09-02,18,2026090118,VTSR,0.409,0.303,0.77,0.935,5.011,1.74,10.152,0.489,0.004
2026-09-02,18,2026090118,VTSS,3.178,3.828,7.0,6.929,22.142,6.54,51.721,0.702,0.231
2026-09-02,18,2026090118,VTST,1.172,3.342,5.303,2.947,11.207,4.717,27.594,0.671,0.129
2026-09-02,18,2026090118,VTSY,11.18,12.31,20.318,11.664,28.073,17.65,70.826,0.951,0.662
2026-09-02,18,2026090118,VTUD,0.602,0.555,1.207,0.968,4.185,1.326,13.8,0.311,0.022
2026-09-02,18,2026090118,VTUI,3.771,5.158,11.406,7.752,30.263,12.519,74.351,0.964,0.453
2026-09-02,18,2026090118,VTUK,1.026,1.849,4.041,4.429,18.493,2.345,18.493,0.542,0.031
2026-09-02,18,2026090118,VTUL,2.159,1.5,4.335,1.055,4.638,4.564,53.479,0.52,0.142
2026-09-02,18,2026090118,VTUO,0.0,0.002,0.012,0.003,0.02,0.014,0.565,0.0,0.0
2026-09-02,18,2026090118,VTUQ,0.0,0.007,0.052,0.674,9.433,0.966,21.667,0.182,0.031
2026-09-02,18,2026090118,VTUU,8.394,6.284,12.466,5.422,14.108,5.946,44.945,0.818,0.151
2026-09-02,18,2026090118,VTUV,0.151,0.172,0.385,2.457,22.289,5.552,37.556,0.72,0.191
2026-09-02,18,2026090118,VTUW,3.085,4.402,9.467,7.804,35.147,8.467,50.918,0.849,0.307
2026-09-03,00,2026090200,VTBD,0.016,0.127,0.355,0.668,6.069,1.107,11.546,0.231,0.009
2026-09-03,00,2026090200,VTBO,0.886,2.43,9.513,2.403,9.818,1.861,26.042,0.378,0.022
2026-09-03,00,2026090200,VTBS,1.52,1.38,2.309,1.443,6.586,2.795,28.065,0.511,0.044
2026-09-03,00,2026090200,VTCC,0.03,0.218,1.651,0.635,4.034,0.338,4.034,0.124,0.0
2026-09-03,00,2026090200,VTCH,0.482,0.465,1.026,1.232,5.313,2.86,19.136,0.649,0.058
2026-09-03,00,2026090200,VTCL,0.008,0.044,0.274,0.051,0.448,0.149,2.246,0.058,0.0
2026-09-03,00,2026090200,VTCN,12.972,13.581,17.193,10.969,26.027,14.442,103.36,0.916,0.516
2026-09-03,00,2026090200,VTCP,0.252,0.82,2.59,0.411,2.59,0.492,4.739,0.16,0.0
2026-09-03,00,2026090200,VTCT,16.953,20.192,24.784,20.627,42.871,17.373,92.837,0.991,0.689
2026-09-03,00,2026090200,VTPB,0.0,0.012,0.085,0.054,0.406,0.276,9.279,0.071,0.0
2026-09-03,00,2026090200,VTPH,0.0,0.002,0.015,0.025,0.75,0.233,6.313,0.049,0.0
2026-09-03,00,2026090200,VTPM,15.408,14.938,24.858,16.878,45.477,13.858,54.138,0.96,0.529
2026-09-03,00,2026090200,VTPO,0.112,0.042,0.24,0.019,0.326,0.033,1.755,0.004,0.0
2026-09-03,00,2026090200,VTPP,0.0,0.0,0.0,0.007,0.09,0.024,0.896,0.0,0.0
2026-09-03,00,2026090200,VTSB,0.006,0.147,0.956,0.306,3.167,0.196,3.167,0.049,0.0
2026-09-03,00,2026090200,VTSC,12.407,10.178,17.29,6.18,17.29,5.702,34.483,0.716,0.24
2026-09-03,00,2026090200,VTSE,1.234,0.969,1.308,0.659,1.308,0.726,4.864,0.271,0.0
2026-09-03,00,2026090200,VTSF,1.12,1.971,7.991,2.049,11.434,2.97,19.396,0.573,0.058
2026-09-03,00,2026090200,VTSG,0.194,0.131,0.25,0.299,1.195,0.379,5.212,0.089,0.0
2026-09-03,00,2026090200,VTSM,0.018,0.043,0.311,0.025,0.467,0.022,0.467,0.0,0.0
2026-09-03,00,2026090200,VTSP,0.046,0.075,0.139,1.138,5.699,1.028,10.889,0.236,0.009
2026-09-03,00,2026090200,VTSR,7.362,7.549,17.413,6.608,20.975,5.387,20.975,0.862,0.164
2026-09-03,00,2026090200,VTSS,1.242,1.772,4.912,1.43,8.995,2.6,33.963,0.502,0.049
2026-09-03,00,2026090200,VTST,7.843,3.91,9.344,5.691,18.395,8.253,51.974,0.876,0.24
2026-09-03,00,2026090200,VTSY,0.88,1.417,2.984,2.703,13.449,3.064,17.561,0.569,0.093
2026-09-03,00,2026090200,VTUD,0.196,0.172,0.317,0.607,4.241,2.077,15.146,0.449,0.049
2026-09-03,00,2026090200,VTUI,21.577,22.961,32.741,28.063,56.866,28.398,63.442,1.0,0.96
2026-09-03,00,2026090200,VTUK,0.097,0.382,1.858,0.436,4.063,0.821,17.541,0.2,0.009
2026-09-03,00,2026090200,VTUL,0.091,0.053,0.169,0.061,0.574,0.842,18.859,0.124,0.027
2026-09-03,00,2026090200,VTUO,0.0,0.009,0.034,0.015,0.194,0.386,8.872,0.098,0.0
2026-09-03,00,2026090200,VTUQ,0.0,0.0,0.0,0.004,0.1,0.046,1.804,0.013,0.0
2026-09-03,00,2026090200,VTUU,2.165,2.171,3.527,2.048,4.145,4.25,35.991,0.796,0.071
2026-09-03,00,2026090200,VTUV,1.909,1.981,3.056,3.453,10.754,4.484,22.494,0.858,0.098
2026-09-03,00,2026090200,VTUW,42.524,16.697,42.524,8.403,42.524,7.453,45.33,0.756,0.284
2026-09-03,06,2026090206,VTBD,2.918,3.905,13.065,5.857,32.743,8.681,67.403,0.693,0.204
2026-09-03,06,2026090206,VTBO,0.014,0.106,0.303,0.188,1.259,2.075,35.412,0.196,0.058
2026-09-03,06,2026090206,VTBS,13.455,12.989,19.965,16.536,62.141,14.06,67.403,0.751,0.427
2026-09-03,06,2026090206,VTCC,0.728,3.365,14.788,4.416,27.946,4.13,27.946,0.587,0.178
2026-09-03,06,2026090206,VTCH,0.407,0.446,0.922,0.852,5.191,1.808,9.784,0.489,0.0
2026-09-03,06,2026090206,VTCL,0.0,0.003,0.027,0.013,0.122,0.157,5.434,0.036,0.0
2026-09-03,06,2026090206,VTCN,21.64,18.777,39.625,16.021,50.01,16.593,67.645,0.969,0.702
2026-09-03,06,2026090206,VTCP,0.0,0.0,0.0,0.035,0.944,1.374,22.819,0.24,0.031
2026-09-03,06,2026090206,VTCT,54.115,41.211,54.115,26.369,78.547,22.316,97.291,1.0,0.72
2026-09-03,06,2026090206,VTPB,0.0,0.008,0.058,0.036,0.606,0.271,10.319,0.062,0.004
2026-09-03,06,2026090206,VTPH,0.008,0.07,0.298,0.031,0.298,0.166,6.206,0.036,0.0
2026-09-03,06,2026090206,VTPM,2.885,2.506,4.124,3.866,9.716,7.287,49.612,0.916,0.227
2026-09-03,06,2026090206,VTPO,0.0,0.0,0.0,0.036,0.684,0.089,1.176,0.018,0.0
2026-09-03,06,2026090206,VTPP,0.0,0.003,0.014,0.004,0.033,0.002,0.039,0.0,0.0
2026-09-03,06,2026090206,VTSB,2.399,1.098,3.294,0.638,4.628,1.434,14.457,0.293,0.022
2026-09-03,06,2026090206,VTSC,0.625,0.597,1.392,1.347,7.907,2.595,23.004,0.391,0.084
2026-09-03,06,2026090206,VTSE,0.392,0.494,1.879,0.867,6.891,1.111,19.079,0.284,0.022
2026-09-03,06,2026090206,VTSF,2.433,5.529,15.487,5.935,22.488,4.494,23.138,0.653,0.147
2026-09-03,06,2026090206,VTSG,8.866,3.628,8.866,3.197,8.866,1.906,9.33,0.476,0.0
2026-09-03,06,2026090206,VTSM,1.022,0.907,2.242,0.504,3.451,0.439,5.58,0.156,0.0
2026-09-03,06,2026090206,VTSP,5.375,3.017,5.675,1.994,7.572,3.206,20.921,0.582,0.067
2026-09-03,06,2026090206,VTSR,0.408,2.962,7.431,3.667,12.795,4.999,28.736,0.827,0.116
2026-09-03,06,2026090206,VTSS,3.243,3.753,7.986,5.027,19.972,6.128,26.158,0.827,0.178
2026-09-03,06,2026090206,VTST,4.186,4.732,9.102,5.267,24.067,6.111,26.233,0.88,0.218
2026-09-03,06,2026090206,VTSY,0.013,0.033,0.11,0.114,0.973,0.932,10.679,0.236,0.004
2026-09-03,06,2026090206,VTUD,6.918,9.359,22.757,5.22,27.312,4.514,37.518,0.573,0.151
2026-09-03,06,2026090206,VTUI,0.068,0.25,0.817,1.304,15.4,1.663,19.572,0.36,0.031
2026-09-03,06,2026090206,VTUK,2.121,2.114,4.383,4.042,21.232,6.702,49.237,0.778,0.191
2026-09-03,06,2026090206,VTUL,0.046,0.798,5.35,2.11,11.545,5.873,40.335,0.516,0.222
2026-09-03,06,2026090206,VTUO,0.001,0.002,0.013,0.006,0.031,0.359,9.081,0.076,0.0
2026-09-03,06,2026090206,VTUQ,0.0,0.001,0.005,0.003,0.065,0.019,1.204,0.004,0.0
2026-09-03,06,2026090206,VTUU,0.515,1.171,2.994,1.662,6.539,6.081,37.963,0.871,0.173
2026-09-03,06,2026090206,VTUV,0.174,0.137,0.256,0.35,3.241,1.693,21.795,0.32,0.053
2026-09-03,06,2026090206,VTUW,12.812,17.863,25.793,15.194,39.478,12.801,57.384,0.867,0.436
2026-09-03,12,2026090212,VTBD,0.268,0.859,3.766,1.472,16.927,6.292,86.863,0.462,0.182
2026-09-03,12,2026090212,VTBO,0.176,0.243,0.621,0.19,1.227,0.347,5.427,0.076,0.0
2026-09-03,12,2026090212,VTBS,0.656,0.633,1.018,3.179,27.75,10.594,86.863,0.511,0.284
2026-09-03,12,2026090212,VTCC,0.39,0.503,1.899,3.837,21.337,1.658,21.337,0.249,0.049
2026-09-03,12,2026090212,VTCH,0.584,0.904,2.438,2.053,5.564,2.126,10.462,0.707,0.004
2026-09-03,12,2026090212,VTCL,0.0,0.0,0.0,0.0,0.007,0.002,0.087,0.0,0.0
2026-09-03,12,2026090212,VTCN,8.913,4.849,8.913,4.749,13.555,6.334,42.398,0.778,0.222
2026-09-03,12,2026090212,VTCP,0.0,0.0,0.002,0.006,0.116,0.039,0.952,0.0,0.0
2026-09-03,12,2026090212,VTCT,5.622,4.804,11.243,3.302,12.917,6.592,67.003,0.729,0.182
2026-09-03,12,2026090212,VTPB,0.001,0.017,0.145,0.278,6.686,0.616,6.982,0.142,0.0
2026-09-03,12,2026090212,VTPH,0.0,0.07,0.35,0.148,1.419,0.4,3.446,0.147,0.0
2026-09-03,12,2026090212,VTPM,4.795,5.74,10.277,7.78,15.412,6.227,18.637,0.942,0.191
2026-09-03,12,2026090212,VTPO,0.008,0.122,0.695,0.798,5.604,0.318,5.604,0.089,0.0
2026-09-03,12,2026090212,VTPP,0.037,0.051,0.228,0.083,0.742,0.067,1.322,0.009,0.0
2026-09-03,12,2026090212,VTSB,0.0,0.009,0.04,0.048,0.447,0.269,5.042,0.044,0.0
2026-09-03,12,2026090212,VTSC,6.022,5.928,14.062,8.185,26.114,8.093,31.142,0.796,0.347
2026-09-03,12,2026090212,VTSE,0.094,0.146,0.332,0.682,3.324,0.569,3.936,0.16,0.0
2026-09-03,12,2026090212,VTSF,0.462,0.921,2.217,1.277,5.953,3.437,19.123,0.662,0.071
2026-09-03,12,2026090212,VTSG,4.58,3.363,4.58,4.739,11.412,4.116,35.266,0.684,0.084
2026-09-03,12,2026090212,VTSM,0.073,0.047,0.128,0.086,1.27,0.249,2.745,0.089,0.0
2026-09-03,12,2026090212,VTSP,9.024,9.854,20.415,10.9,22.874,11.298,33.001,1.0,0.493
2026-09-03,12,2026090212,VTSR,14.156,8.447,17.028,9.068,19.367,10.561,30.247,1.0,0.484
2026-09-03,12,2026090212,VTSS,2.68,4.171,10.587,4.383,18.489,7.504,48.378,0.64,0.293
2026-09-03,12,2026090212,VTST,12.892,10.957,16.379,7.655,20.429,7.465,37.491,0.742,0.324
2026-09-03,12,2026090212,VTSY,0.404,4.374,12.969,6.708,21.551,7.624,40.004,0.76,0.293
2026-09-03,12,2026090212,VTUD,0.14,0.163,0.371,0.429,2.423,1.443,12.958,0.4,0.009
2026-09-03,12,2026090212,VTUI,1.547,1.744,3.585,5.596,43.29,10.832,97.361,0.809,0.32
2026-09-03,12,2026090212,VTUK,2.76,2.374,5.203,2.559,12.693,2.189,15.242,0.502,0.036
2026-09-03,12,2026090212,VTUL,0.147,0.513,1.503,1.98,17.365,1.623,22.018,0.284,0.044
2026-09-03,12,2026090212,VTUO,0.284,0.922,3.816,4.668,37.203,3.34,37.203,0.502,0.08
2026-09-03,12,2026090212,VTUQ,0.119,0.092,0.246,0.066,0.337,0.506,9.211,0.12,0.0
2026-09-03,12,2026090212,VTUU,1.267,1.668,5.072,1.646,9.806,1.212,12.559,0.271,0.009
2026-09-03,12,2026090212,VTUV,0.97,0.617,1.055,0.275,1.055,0.153,1.055,0.013,0.0
2026-09-03,12,2026090212,VTUW,21.02,18.802,30.44,14.666,45.755,14.672,82.064,0.933,0.538
2026-09-03,18,2026090218,VTBD,0.525,0.95,2.555,4.166,33.546,3.29,49.164,0.36,0.089
2026-09-03,18,2026090218,VTBO,0.974,1.127,3.512,0.812,9.127,0.881,13.877,0.16,0.018
2026-09-03,18,2026090218,VTBS,1.466,1.455,6.173,2.062,15.163,3.944,33.006,0.493,0.142
2026-09-03,18,2026090218,VTCC,3.437,4.487,14.218,2.411,14.218,2.002,16.137,0.342,0.053
2026-09-03,18,2026090218,VTCH,0.183,0.185,0.335,1.14,9.389,1.111,9.389,0.302,0.0
2026-09-03,18,2026090218,VTCL,0.0,0.0,0.0,0.002,0.047,0.044,2.252,0.013,0.0
2026-09-03,18,2026090218,VTCN,10.222,13.259,25.02,14.843,45.838,12.548,45.838,1.0,0.529
2026-09-03,18,2026090218,VTCP,0.0,0.0,0.0,0.104,1.29,1.119,13.492,0.293,0.013
2026-09-03,18,2026090218,VTCT,3.123,4.317,8.8,5.701,18.131,7.36,41.193,0.924,0.249
2026-09-03,18,2026090218,VTPB,0.0,0.0,0.004,0.022,0.173,0.32,7.009,0.107,0.0
2026-09-03,18,2026090218,VTPH,1.183,0.731,2.009,0.624,5.076,0.562,5.076,0.187,0.0
2026-09-03,18,2026090218,VTPM,1.165,0.906,1.598,0.958,3.374,2.55,23.623,0.653,0.049
2026-09-03,18,2026090218,VTPO,0.0,0.0,0.0,0.011,0.382,0.024,0.937,0.0,0.0
2026-09-03,18,2026090218,VTPP,0.001,0.002,0.009,0.001,0.045,0.008,0.212,0.0,0.0
2026-09-03,18,2026090218,VTSB,0.57,0.815,2.285,0.466,5.522,0.47,12.232,0.08,0.009
2026-09-03,18,2026090218,VTSC,34.133,26.667,39.572,18.58,58.392,19.68,76.447,0.964,0.582
2026-09-03,18,2026090218,VTSE,6.695,4.005,7.477,2.076,7.477,1.324,8.686,0.364,0.0
2026-09-03,18,2026090218,VTSF,1.075,2.333,5.314,5.363,27.778,8.87,57.711,0.773,0.271
2026-09-03,18,2026090218,VTSG,0.175,0.257,0.568,0.76,3.354,4.378,25.009,0.507,0.209
2026-09-03,18,2026090218,VTSM,0.0,0.003,0.017,0.011,0.115,0.014,0.143,0.0,0.0
2026-09-03,18,2026090218,VTSP,2.59,3.177,8.076,4.023,12.207,4.752,15.627,0.84,0.124
2026-09-03,18,2026090218,VTSR,10.278,10.447,15.569,11.563,21.552,9.934,39.627,0.987,0.369
2026-09-03,18,2026090218,VTSS,9.276,12.033,19.428,14.493,42.571,20.358,81.205,0.996,0.667
2026-09-03,18,2026090218,VTST,16.212,15.934,20.568,10.559,23.386,8.608,56.626,0.916,0.342
2026-09-03,18,2026090218,VTSY,6.454,11.974,26.311,14.309,92.873,13.85,99.093,0.889,0.458
2026-09-03,18,2026090218,VTUD,0.007,0.045,0.253,0.38,4.499,1.104,11.943,0.218,0.027
2026-09-03,18,2026090218,VTUI,18.933,20.02,34.534,13.483,34.534,14.178,50.267,0.964,0.587
2026-09-03,18,2026090218,VTUK,2.673,5.66,19.175,5.992,26.215,2.418,26.215,0.409,0.058
2026-09-03,18,2026090218,VTUL,4.843,9.804,28.344,8.732,28.344,4.285,49.604,0.453,0.151
2026-09-03,18,2026090218,VTUO,0.921,0.837,2.472,0.749,5.73,0.889,11.824,0.2,0.009
2026-09-03,18,2026090218,VTUQ,0.0,0.006,0.056,0.025,0.576,0.021,0.576,0.0,0.0
2026-09-03,18,2026090218,VTUU,2.663,2.68,3.727,3.034,13.303,3.05,15.136,0.556,0.062
2026-09-03,18,2026090218,VTUV,0.011,0.027,0.135,0.109,0.618,0.715,9.283,0.111,0.0
2026-09-03,18,2026090218,VTUW,14.645,19.515,32.546,18.384,106.021,22.04,107.998,1.0,0.707
2026-09-04,00,2026090300,VTBD,0.0,0.027,0.242,0.009,0.242,0.036,0.841,0.0,0.0
2026-09-04,00,2026090300,VTBO,1.94,4.137,11.701,3.012,34.849,3.006,54.911,0.396,0.084
2026-09-04,00,2026090300,VTBS,0.007,0.028,0.09,0.04,0.471,0.259,16.484,0.027,0.013
2026-09-04,00,2026090300,VTCC,2.243,4.043,12.741,3.496,23.881,1.986,25.216,0.267,0.076
2026-09-04,00,2026090300,VTCH,0.011,0.24,1.122,1.423,12.928,1.763,19.567,0.276,0.058
2026-09-04,00,2026090300,VTCL,0.03,0.39,2.25,1.377,6.441,1.507,13.981,0.378,0.009
2026-09-04,00,2026090300,VTCN,33.156,30.649,36.441,24.228,36.441,21.26,130.031,0.987,0.769
2026-09-04,00,2026090300,VTCP,6.443,7.268,14.307,10.723,34.057,6.34,39.342,0.862,0.218
2026-09-04,00,2026090300,VTCT,11.007,10.847,16.393,10.39,51.229,8.091,51.229,0.809,0.271
2026-09-04,00,2026090300,VTPB,0.128,0.218,0.703,0.502,3.874,0.947,14.887,0.196,0.018
2026-09-04,00,2026090300,VTPH,0.0,0.072,0.327,0.022,0.327,0.317,12.022,0.062,0.004
2026-09-04,00,2026090300,VTPM,0.407,0.549,1.316,1.048,4.314,2.309,18.243,0.596,0.022
2026-09-04,00,2026090300,VTPO,0.003,0.012,0.086,0.018,0.191,0.259,17.317,0.04,0.009
2026-09-04,00,2026090300,VTPP,0.003,0.006,0.051,0.019,0.296,0.098,0.839,0.0,0.0
2026-09-04,00,2026090300,VTSB,0.14,0.196,0.698,0.21,2.012,0.487,6.239,0.151,0.0
2026-09-04,00,2026090300,VTSC,0.002,0.186,0.82,1.119,7.23,1.127,9.669,0.271,0.0
2026-09-04,00,2026090300,VTSE,0.559,0.765,1.412,0.939,2.855,0.64,3.582,0.236,0.0
2026-09-04,00,2026090300,VTSF,0.0,0.003,0.013,0.204,2.669,1.857,17.227,0.342,0.044
2026-09-04,00,2026090300,VTSG,0.071,0.087,0.156,0.241,1.315,0.206,1.801,0.058,0.0
2026-09-04,00,2026090300,VTSM,0.002,0.135,0.7,0.095,0.7,0.089,1.391,0.009,0.0
2026-09-04,00,2026090300,VTSP,0.019,0.115,0.291,0.716,6.034,0.873,9.307,0.222,0.0
2026-09-04,00,2026090300,VTSR,2.085,2.018,4.723,4.409,12.304,3.989,13.5,0.822,0.071
2026-09-04,00,2026090300,VTSS,0.138,0.099,0.445,0.474,2.934,0.634,11.048,0.196,0.004
2026-09-04,00,2026090300,VTST,1.653,0.672,1.653,0.906,2.268,4.146,26.922,0.676,0.133
2026-09-04,00,2026090300,VTSY,0.327,0.227,0.458,0.775,10.819,3.447,34.139,0.409,0.124
2026-09-04,00,2026090300,VTUD,23.645,28.695,58.781,36.709,80.755,34.73,90.674,1.0,0.969
2026-09-04,00,2026090300,VTUI,20.955,26.103,56.795,28.279,67.207,29.969,80.013,1.0,0.898
2026-09-04,00,2026090300,VTUK,22.31,23.176,40.911,24.275,60.54,23.292,66.209,0.911,0.667
2026-09-04,00,2026090300,VTUL,6.51,6.26,7.689,8.939,21.649,7.996,44.447,0.813,0.284
2026-09-04,00,2026090300,VTUO,36.017,24.277,36.28,15.22,40.358,19.629,88.148,0.707,0.542
2026-09-04,00,2026090300,VTUQ,0.019,0.017,0.085,0.017,0.094,0.023,0.407,0.0,0.0
2026-09-04,00,2026090300,VTUU,26.921,35.091,48.353,48.119,110.463,49.55,111.944,1.0,1.0
2026-09-04,00,2026090300,VTUV,55.831,52.859,61.722,51.581,100.504,59.944,156.241,1.0,1.0
2026-09-04,00,2026090300,VTUW,25.501,21.403,32.967,22.072,101.105,20.152,114.448,1.0,0.76
2026-09-04,06,2026090306,VTBD,0.0,0.001,0.008,0.093,1.225,0.212,4.535,0.071,0.0
2026-09-04,06,2026090306,VTBO,0.756,0.481,1.046,0.695,4.015,2.479,18.23,0.369,0.071
2026-09-04,06,2026090306,VTBS,0.0,0.0,0.0,0.046,0.433,0.462,5.619,0.151,0.0
2026-09-04,06,2026090306,VTCC,4.019,6.586,19.457,5.595,20.249,2.995,20.249,0.609,0.071
2026-09-04,06,2026090306,VTCH,15.14,14.865,38.364,11.869,38.364,11.817,122.762,0.711,0.347
2026-09-04,06,2026090306,VTCL,1.296,1.737,3.366,1.822,6.389,2.78,24.061,0.507,0.067
2026-09-04,06,2026090306,VTCN,9.852,12.343,22.038,16.219,86.856,14.277,92.967,0.951,0.453
2026-09-04,06,2026090306,VTCP,5.64,5.742,9.152,4.865,22.49,3.12,23.227,0.698,0.049
2026-09-04,06,2026090306,VTCT,6.336,10.923,32.594,16.148,65.533,17.187,117.717,0.809,0.493
2026-09-04,06,2026090306,VTPB,0.056,0.184,0.571,0.911,11.614,2.379,23.092,0.449,0.053
2026-09-04,06,2026090306,VTPH,0.0,0.0,0.0,0.003,0.089,0.073,1.883,0.027,0.0
2026-09-04,06,2026090306,VTPM,1.646,2.497,4.602,4.964,16.83,6.166,22.865,0.902,0.24
2026-09-04,06,2026090306,VTPO,0.0,0.0,0.0,0.219,5.602,1.479,28.914,0.249,0.031
2026-09-04,06,2026090306,VTPP,0.182,0.199,0.717,0.193,1.393,0.6,14.075,0.142,0.009
2026-09-04,06,2026090306,VTSB,0.006,0.12,0.718,0.137,1.145,0.147,2.139,0.04,0.0
2026-09-04,06,2026090306,VTSC,0.312,0.229,0.578,0.076,0.578,0.945,11.322,0.173,0.018
2026-09-04,06,2026090306,VTSE,0.016,0.049,0.112,0.107,0.989,0.155,1.86,0.009,0.0
2026-09-04,06,2026090306,VTSF,0.031,0.044,0.221,0.095,1.453,1.374,23.131,0.293,0.036
2026-09-04,06,2026090306,VTSG,1.193,0.613,1.193,0.599,1.792,0.48,2.382,0.178,0.0
2026-09-04,06,2026090306,VTSM,0.021,0.014,0.047,0.043,0.427,0.051,0.793,0.0,0.0
2026-09-04,06,2026090306,VTSP,0.088,0.148,0.261,0.222,0.844,0.236,1.75,0.031,0.0
2026-09-04,06,2026090306,VTSR,5.958,6.199,12.9,6.239,17.853,6.998,39.434,0.902,0.2
2026-09-04,06,2026090306,VTSS,0.159,0.231,0.851,0.273,1.287,0.513,5.177,0.151,0.0
2026-09-04,06,2026090306,VTST,0.522,0.994,2.344,1.723,7.677,4.492,27.83,0.649,0.142
2026-09-04,06,2026090306,VTSY,0.198,0.414,0.944,1.574,14.742,2.084,29.039,0.338,0.044
2026-09-04,06,2026090306,VTUD,13.546,15.89,35.192,20.249,89.716,22.291,110.823,0.973,0.716
2026-09-04,06,2026090306,VTUI,66.084,55.731,95.141,43.933,105.326,40.741,123.612,1.0,0.991
2026-09-04,06,2026090306,VTUK,9.029,10.711,14.807,17.793,37.4,25.385,79.993,1.0,0.893
2026-09-04,06,2026090306,VTUL,7.898,12.22,18.998,9.965,26.668,6.352,27.004,0.822,0.204
2026-09-04,06,2026090306,VTUO,96.644,92.334,111.794,70.263,115.501,43.128,185.964,0.942,0.782
2026-09-04,06,2026090306,VTUQ,0.137,0.196,0.6,0.241,2.023,0.92,17.299,0.204,0.004
2026-09-04,06,2026090306,VTUU,102.958,96.214,116.825,77.072,116.825,60.788,122.677,1.0,1.0
2026-09-04,06,2026090306,VTUV,64.275,51.942,64.709,48.43,77.616,49.192,147.992,1.0,1.0
2026-09-04,06,2026090306,VTUW,8.84,10.911,19.824,13.832,33.783,20.523,96.035,0.996,0.676
2026-09-04,12,2026090312,VTBD,0.223,0.341,1.256,1.113,10.86,1.047,10.86,0.204,0.018
2026-09-04,12,2026090312,VTBO,0.22,0.969,3.403,2.097,18.133,3.864,49.492,0.507,0.111
2026-09-04,12,2026090312,VTBS,0.013,0.111,0.285,0.614,4.471,1.308,15.665,0.271,0.018
2026-09-04,12,2026090312,VTCC,0.122,0.198,0.705,0.626,11.173,0.961,22.573,0.156,0.031
2026-09-04,12,2026090312,VTCH,16.257,19.866,57.908,14.599,57.908,6.471,57.908,0.773,0.231
2026-09-04,12,2026090312,VTCL,0.0,0.005,0.029,0.067,0.622,0.326,4.127,0.111,0.0
2026-09-04,12,2026090312,VTCN,4.496,6.253,11.078,9.433,27.182,14.745,109.395,0.92,0.418
2026-09-04,12,2026090312,VTCP,0.023,0.081,0.317,0.376,3.896,1.406,18.668,0.2,0.044
2026-09-04,12,2026090312,VTCT,30.352,17.815,41.947,6.821,41.947,3.811,41.947,0.658,0.089
2026-09-04,12,2026090312,VTPB,0.014,0.018,0.057,0.03,0.188,0.475,9.463,0.116,0.0
2026-09-04,12,2026090312,VTPH,0.038,0.02,0.144,0.048,1.056,0.254,4.499,0.098,0.0
2026-09-04,12,2026090312,VTPM,14.506,13.266,25.069,11.607,32.348,13.565,39.475,0.996,0.524
2026-09-04,12,2026090312,VTPO,0.316,1.173,4.128,1.174,5.047,1.209,11.404,0.316,0.009
2026-09-04,12,2026090312,VTPP,0.216,0.915,3.847,1.506,7.491,1.533,20.994,0.267,0.044
2026-09-04,12,2026090312,VTSB,0.724,1.594,4.864,0.856,5.509,1.407,10.707,0.347,0.004
2026-09-04,12,2026090312,VTSC,7.059,5.144,9.912,3.492,12.28,1.893,22.338,0.316,0.049
2026-09-04,12,2026090312,VTSE,0.395,0.483,1.112,0.361,1.675,0.314,3.752,0.093,0.0
2026-09-04,12,2026090312,VTSF,1.531,1.518,3.604,4.751,31.675,4.113,34.246,0.622,0.124
2026-09-04,12,2026090312,VTSG,0.033,0.191,0.732,0.142,0.759,0.733,12.466,0.169,0.018
2026-09-04,12,2026090312,VTSM,0.0,0.01,0.074,0.024,0.302,0.023,0.379,0.0,0.0
2026-09-04,12,2026090312,VTSP,0.121,0.095,0.146,0.091,0.338,0.145,1.642,0.009,0.0
2026-09-04,12,2026090312,VTSR,5.587,4.599,9.951,3.922,15.441,3.885,19.729,0.733,0.08
2026-09-04,12,2026090312,VTSS,0.023,0.173,0.481,0.641,3.864,0.737,8.267,0.262,0.0
2026-09-04,12,2026090312,VTST,1.074,1.786,5.297,0.953,6.228,1.842,14.474,0.289,0.058
2026-09-04,12,2026090312,VTSY,1.89,5.142,16.55,8.906,41.951,7.158,77.342,0.516,0.187
2026-09-04,12,2026090312,VTUD,13.436,10.735,22.806,6.729,22.806,5.072,31.31,0.813,0.151
2026-09-04,12,2026090312,VTUI,3.856,6.385,11.662,15.318,47.225,21.389,70.169,0.987,0.72
2026-09-04,12,2026090312,VTUK,4.242,3.381,7.474,2.054,19.795,5.172,38.978,0.524,0.178
2026-09-04,12,2026090312,VTUL,22.072,23.596,71.1,15.529,71.1,8.944,71.1,0.6,0.329
2026-09-04,12,2026090312,VTUO,0.068,0.072,0.245,0.411,3.986,0.711,13.177,0.142,0.013
2026-09-04,12,2026090312,VTUQ,0.0,0.0,0.0,0.004,0.07,0.03,0.489,0.0,0.0
2026-09-04,12,2026090312,VTUU,76.861,65.618,83.875,62.45,98.054,54.304,115.211,1.0,1.0
2026-09-04,12,2026090312,VTUV,25.19,27.898,34.859,31.633,50.84,39.707,98.861,1.0,0.982
2026-09-04,12,2026090312,VTUW,43.455,32.873,58.524,15.229,58.524,9.848,58.524,0.978,0.302
2026-09-04,18,2026090318,VTBD,5.533,6.763,10.581,5.659,15.922,3.593,33.029,0.507,0.093
2026-09-04,18,2026090318,VTBO,0.225,0.798,3.105,2.824,17.132,2.442,17.89,0.396,0.071
2026-09-04,18,2026090318,VTBS,0.44,2.032,9.001,4.925,33.029,4.949,33.029,0.547,0.191
2026-09-04,18,2026090318,VTCC,0.058,0.249,0.571,0.342,2.323,0.632,12.058,0.116,0.018
2026-09-04,18,2026090318,VTCH,1.445,0.95,2.278,0.855,3.615,2.401,33.671,0.498,0.053
2026-09-04,18,2026090318,VTCL,0.036,0.018,0.056,0.16,2.915,0.277,6.501,0.076,0.0
2026-09-04,18,2026090318,VTCN,1.65,2.293,5.846,3.998,40.787,7.131,54.69,0.653,0.218
2026-09-04,18,2026090318,VTCP,0.0,0.012,0.056,0.018,0.067,0.065,0.844,0.0,0.0
2026-09-04,18,2026090318,VTCT,0.19,0.321,1.055,0.719,4.248,2.353,25.987,0.48,0.053
2026-09-04,18,2026090318,VTPB,0.075,0.071,0.128,0.188,2.158,0.992,17.552,0.204,0.004
2026-09-04,18,2026090318,VTPH,0.0,0.003,0.017,0.013,0.202,0.067,2.202,0.009,0.0
2026-09-04,18,2026090318,VTPM,0.783,1.523,3.698,3.395,10.072,5.226,18.921,0.747,0.156
2026-09-04,18,2026090318,VTPO,1.927,1.087,3.164,0.476,3.164,0.327,3.852,0.107,0.0
2026-09-04,18,2026090318,VTPP,0.0,0.005,0.023,0.032,0.822,0.157,2.075,0.031,0.0
2026-09-04,18,2026090318,VTSB,0.0,0.0,0.0,0.003,0.049,0.044,1.454,0.004,0.0
2026-09-04,18,2026090318,VTSC,0.04,0.034,0.066,0.044,0.204,0.26,3.023,0.098,0.0
2026-09-04,18,2026090318,VTSE,0.002,0.084,0.277,0.069,0.411,0.19,1.986,0.027,0.0
2026-09-04,18,2026090318,VTSF,0.001,0.049,0.319,0.643,9.783,2.432,37.596,0.316,0.058
2026-09-04,18,2026090318,VTSG,0.117,0.18,0.564,0.055,0.564,0.138,3.386,0.027,0.0
2026-09-04,18,2026090318,VTSM,0.111,0.073,0.205,0.024,0.205,0.039,1.493,0.004,0.0
2026-09-04,18,2026090318,VTSP,0.443,0.211,0.498,0.332,2.228,0.144,2.228,0.022,0.0
2026-09-04,18,2026090318,VTSR,3.152,2.278,5.069,2.578,8.494,2.368,11.223,0.649,0.004
2026-09-04,18,2026090318,VTSS,0.008,0.119,0.368,0.277,2.256,3.361,37.746,0.284,0.111
2026-09-04,18,2026090318,VTST,0.649,0.474,0.929,0.294,1.523,0.418,3.425,0.129,0.0
2026-09-04,18,2026090318,VTSY,12.998,8.593,14.923,4.248,18.936,2.119,21.241,0.267,0.093
2026-09-04,18,2026090318,VTUD,18.446,11.786,18.446,6.492,23.62,5.986,40.75,0.853,0.169
2026-09-04,18,2026090318,VTUI,37.385,37.408,55.68,29.898,73.812,31.526,90.962,1.0,0.849
2026-09-04,18,2026090318,VTUK,11.0,14.523,40.122,22.548,80.684,13.503,80.684,0.862,0.418
2026-09-04,18,2026090318,VTUL,19.547,13.971,19.547,7.482,19.547,3.544,22.329,0.573,0.12
2026-09-04,18,2026090318,VTUO,1.062,1.254,2.806,1.215,2.806,2.762,16.117,0.671,0.053
2026-09-04,18,2026090318,VTUQ,0.0,0.001,0.003,0.029,0.316,0.098,1.564,0.009,0.0
2026-09-04,18,2026090318,VTUU,8.706,12.903,18.966,15.661,38.119,11.702,38.119,0.973,0.476
2026-09-04,18,2026090318,VTUV,4.727,17.464,64.698,23.349,77.02,20.138,81.941,0.947,0.6
2026-09-04,18,2026090318,VTUW,1.156,1.46,2.451,3.376,12.545,11.063,110.502,0.827,0.32
2026-09-05,00,2026090400,VTBD,0.487,0.107,0.487,0.087,0.634,0.938,24.467,0.16,0.022
2026-09-05,00,2026090400,VTBO,4.503,5.262,9.394,3.415,9.394,3.177,28.874,0.533,0.08
2026-09-05,00,2026090400,VTBS,0.0,0.0,0.0,0.029,0.385,0.115,2.621,0.036,0.0
2026-09-05,00,2026090400,VTCC,14.658,10.867,21.434,6.473,21.434,3.464,27.973,0.453,0.124
2026-09-05,00,2026090400,VTCH,4.054,7.876,20.247,9.742,36.322,7.64,51.238,0.707,0.267
2026-09-05,00,2026090400,VTCL,0.01,0.033,0.085,0.132,1.675,0.197,6.367,0.067,0.0
2026-09-05,00,2026090400,VTCN,5.707,5.245,9.914,2.88,9.942,4.954,39.117,0.551,0.182
2026-09-05,00,2026090400,VTCP,0.126,0.079,0.172,0.055,0.254,0.835,10.309,0.156,0.004
2026-09-05,00,2026090400,VTCT,1.579,3.42,8.887,3.678,23.382,5.197,48.476,0.662,0.16
2026-09-05,00,2026090400,VTPB,0.046,0.363,0.749,2.462,25.431,2.289,25.431,0.329,0.058
2026-09-05,00,2026090400,VTPH,0.002,0.062,0.259,0.118,0.974,0.152,2.76,0.044,0.0
2026-09-05,00,2026090400,VTPM,1.651,2.003,4.108,1.885,4.974,3.494,21.843,0.604,0.102
2026-09-05,00,2026090400,VTPO,0.01,0.027,0.08,0.113,2.54,0.166,8.763,0.04,0.0
2026-09-05,00,2026090400,VTPP,0.077,0.035,0.097,0.385,5.204,0.728,9.353,0.178,0.0
2026-09-05,00,2026090400,VTSB,0.277,0.141,0.532,0.155,2.297,0.081,2.297,0.031,0.0
2026-09-05,00,2026090400,VTSC,10.161,11.224,25.326,15.202,40.385,18.311,83.388,0.942,0.604
2026-09-05,00,2026090400,VTSE,4.871,3.373,7.845,2.038,10.918,1.284,12.229,0.209,0.027
2026-09-05,00,2026090400,VTSF,0.0,0.0,0.0,0.0,0.0,0.025,1.128,0.004,0.0
2026-09-05,00,2026090400,VTSG,0.006,0.006,0.043,0.012,0.129,0.138,3.194,0.053,0.0
2026-09-05,00,2026090400,VTSM,0.0,0.0,0.002,0.091,0.748,0.061,1.042,0.004,0.0
2026-09-05,00,2026090400,VTSP,0.276,0.453,0.772,0.551,2.841,0.294,2.841,0.049,0.0
2026-09-05,00,2026090400,VTSR,2.582,2.643,5.303,3.602,12.894,2.537,15.32,0.582,0.031
2026-09-05,00,2026090400,VTSS,0.001,0.065,0.268,0.371,4.663,0.944,10.913,0.191,0.013
2026-09-05,00,2026090400,VTST,0.025,0.33,1.424,0.299,3.591,0.537,13.742,0.129,0.009
2026-09-05,00,2026090400,VTSY,0.364,1.532,4.399,4.629,32.404,8.47,59.932,0.751,0.276
2026-09-05,00,2026090400,VTUD,20.697,22.819,30.528,14.015,31.36,9.958,63.547,0.862,0.387
2026-09-05,00,2026090400,VTUI,63.551,56.476,80.766,44.234,92.199,45.554,113.308,1.0,0.96
2026-09-05,00,2026090400,VTUK,0.592,1.365,7.15,4.756,24.232,5.562,30.021,0.76,0.156
2026-09-05,00,2026090400,VTUL,8.497,14.405,35.481,8.762,35.481,5.557,58.211,0.782,0.138
2026-09-05,00,2026090400,VTUO,0.001,0.02,0.078,0.962,9.817,1.299,10.201,0.258,0.009
2026-09-05,00,2026090400,VTUQ,0.003,0.0,0.003,0.001,0.013,0.001,0.02,0.0,0.0
2026-09-05,00,2026090400,VTUU,22.555,24.775,29.484,25.605,51.087,17.496,51.087,0.982,0.667
2026-09-05,00,2026090400,VTUV,32.965,34.395,42.189,34.195,56.938,27.491,57.575,1.0,0.933
2026-09-05,00,2026090400,VTUW,21.752,22.055,39.101,23.982,51.712,32.608,122.132,0.991,0.76
2026-09-05,06,2026090406,VTBD,12.776,8.596,14.877,6.426,14.877,4.42,24.157,0.733,0.116
2026-09-05,06,2026090406,VTBO,18.129,8.676,21.436,5.794,21.436,7.338,28.551,0.711,0.338
2026-09-05,06,2026090406,VTBS,18.043,11.691,23.334,6.263,25.914,3.796,25.914,0.662,0.098
2026-09-05,06,2026090406,VTCC,12.684,7.674,15.192,6.448,21.516,6.43,54.918,0.627,0.218
2026-09-05,06,2026090406,VTCH,2.253,2.689,7.281,3.07,35.251,4.514,37.286,0.596,0.133
2026-09-05,06,2026090406,VTCL,0.106,0.141,0.347,0.4,3.88,1.797,18.447,0.316,0.049
2026-09-05,06,2026090406,VTCN,15.696,14.853,32.518,7.857,37.711,4.685,39.223,0.449,0.164
2026-09-05,06,2026090406,VTCP,0.095,0.135,0.269,0.631,5.621,3.146,42.188,0.244,0.107
2026-09-05,06,2026090406,VTCT,0.029,0.079,0.197,0.295,2.989,0.95,19.001,0.191,0.022
2026-09-05,06,2026090406,VTPB,0.373,0.439,1.633,0.605,5.498,3.142,27.901,0.427,0.098
2026-09-05,06,2026090406,VTPH,0.014,0.023,0.083,0.157,1.804,0.169,1.804,0.04,0.0
2026-09-05,06,2026090406,VTPM,0.537,1.139,3.776,1.448,6.278,1.66,9.275,0.56,0.0
2026-09-05,06,2026090406,VTPO,0.018,0.048,0.096,0.033,0.1,0.078,1.774,0.009,0.0
2026-09-05,06,2026090406,VTPP,1.115,2.002,5.059,4.506,34.929,2.879,47.119,0.347,0.102
2026-09-05,06,2026090406,VTSB,0.004,0.024,0.09,0.188,3.252,0.797,23.882,0.111,0.018
2026-09-05,06,2026090406,VTSC,18.145,19.72,32.158,20.648,48.316,17.268,57.045,0.947,0.671
2026-09-05,06,2026090406,VTSE,1.323,0.966,2.06,1.422,6.161,2.707,20.023,0.516,0.067
2026-09-05,06,2026090406,VTSF,0.0,0.006,0.022,0.109,1.453,0.429,11.347,0.107,0.004
2026-09-05,06,2026090406,VTSG,0.005,0.071,0.272,0.181,1.039,0.133,3.266,0.009,0.0
2026-09-05,06,2026090406,VTSM,0.0,0.049,0.28,0.082,0.933,0.07,0.933,0.0,0.0
2026-09-05,06,2026090406,VTSP,0.022,0.052,0.161,0.061,0.386,0.086,1.27,0.004,0.0
2026-09-05,06,2026090406,VTSR,6.047,10.197,31.437,9.244,36.652,6.101,36.652,0.876,0.178
2026-09-05,06,2026090406,VTSS,0.0,0.0,0.0,0.001,0.06,0.168,5.716,0.049,0.0
2026-09-05,06,2026090406,VTST,0.007,0.007,0.02,0.018,0.086,1.278,23.015,0.2,0.04
2026-09-05,06,2026090406,VTSY,3.017,4.506,20.984,6.016,42.66,12.416,129.738,0.684,0.284
2026-09-05,06,2026090406,VTUD,1.353,3.42,15.398,3.477,17.992,5.004,25.429,0.578,0.187
2026-09-05,06,2026090406,VTUI,11.698,14.102,33.999,21.568,83.256,16.992,83.256,0.933,0.551
2026-09-05,06,2026090406,VTUK,4.041,3.053,7.59,5.203,18.027,5.811,36.73,0.787,0.178
2026-09-05,06,2026090406,VTUL,1.31,2.407,6.059,4.904,43.76,4.042,43.76,0.6,0.107
2026-09-05,06,2026090406,VTUO,3.619,3.611,9.423,2.235,9.423,2.375,15.902,0.64,0.027
2026-09-05,06,2026090406,VTUQ,0.007,0.007,0.019,0.371,6.997,0.509,8.847,0.116,0.0
2026-09-05,06,2026090406,VTUU,55.844,60.664,76.403,48.45,76.403,41.349,106.945,1.0,0.964
2026-09-05,06,2026090406,VTUV,3.015,5.839,17.408,7.118,23.691,8.345,44.074,0.956,0.28
2026-09-05,06,2026090406,VTUW,1.271,4.866,16.306,2.142,16.306,2.618,36.594,0.44,0.062
2026-09-05,12,2026090412,VTBD,9.281,5.476,9.781,2.964,11.541,5.028,30.413,0.649,0.196
2026-09-05,12,2026090412,VTBO,0.174,0.199,0.374,0.973,7.056,3.058,31.383,0.444,0.102
2026-09-05,12,2026090412,VTBS,8.762,7.889,10.662,7.787,20.452,5.109,30.413,0.564,0.218
2026-09-05,12,2026090412,VTCC,2.298,4.165,11.558,2.661,13.921,2.327,23.35,0.324,0.084
2026-09-05,12,2026090412,VTCH,0.176,0.333,1.25,0.918,7.426,5.018,77.421,0.418,0.12
2026-09-05,12,2026090412,VTCL,0.066,0.175,0.772,1.081,14.47,1.734,60.688,0.169,0.049
2026-09-05,12,2026090412,VTCN,1.251,3.577,12.752,4.635,20.403,6.247,50.426,0.64,0.227
2026-09-05,12,2026090412,VTCP,6.029,6.298,15.581,5.733,23.601,3.54,23.601,0.551,0.111
2026-09-05,12,2026090412,VTCT,0.026,0.069,0.156,0.409,5.032,1.515,36.581,0.213,0.036
2026-09-05,12,2026090412,VTPB,0.072,0.193,0.542,1.26,15.97,2.377,29.944,0.391,0.067
2026-09-05,12,2026090412,VTPH,0.21,0.41,1.408,1.058,6.758,1.372,20.989,0.32,0.018
2026-09-05,12,2026090412,VTPM,9.861,10.191,12.257,7.349,12.992,5.467,35.146,0.773,0.2
2026-09-05,12,2026090412,VTPO,0.0,0.069,0.412,0.46,4.642,1.311,21.314,0.249,0.027
2026-09-05,12,2026090412,VTPP,7.159,5.646,12.813,2.309,12.813,1.044,12.813,0.227,0.018
2026-09-05,12,2026090412,VTSB,0.788,1.09,3.468,1.023,9.503,1.372,14.53,0.293,0.031
2026-09-05,12,2026090412,VTSC,1.399,3.221,8.596,7.772,34.648,7.457,36.006,0.622,0.289
2026-09-05,12,2026090412,VTSE,7.76,4.238,8.382,3.51,23.623,6.212,31.281,0.538,0.249
2026-09-05,12,2026090412,VTSF,1.037,0.933,5.564,1.394,9.783,1.405,20.635,0.231,0.031
2026-09-05,12,2026090412,VTSG,0.005,0.017,0.059,0.087,0.653,0.492,11.667,0.071,0.013
2026-09-05,12,2026090412,VTSM,0.058,0.18,0.45,0.092,0.599,0.183,5.724,0.031,0.0
2026-09-05,12,2026090412,VTSP,0.034,0.147,0.429,0.322,2.535,0.179,2.535,0.031,0.0
2026-09-05,12,2026090412,VTSR,0.881,1.952,5.646,2.987,12.602,2.524,13.767,0.676,0.022
2026-09-05,12,2026090412,VTSS,0.001,0.112,0.889,1.057,8.337,1.068,16.717,0.191,0.022
2026-09-05,12,2026090412,VTST,0.018,0.118,0.572,0.412,1.683,1.708,14.119,0.404,0.036
2026-09-05,12,2026090412,VTSY,23.543,21.429,27.597,13.933,29.245,11.433,59.764,0.871,0.449
2026-09-05,12,2026090412,VTUD,21.543,22.102,32.539,23.837,49.662,21.556,69.47,0.996,0.778
2026-09-05,12,2026090412,VTUI,50.372,43.974,96.133,30.658,96.133,29.082,99.614,1.0,0.844
2026-09-05,12,2026090412,VTUK,20.147,19.714,22.923,15.718,48.535,8.474,48.535,0.791,0.302
2026-09-05,12,2026090412,VTUL,0.027,0.151,0.664,3.387,37.574,6.152,74.761,0.516,0.204
2026-09-05,12,2026090412,VTUO,0.107,0.065,0.107,0.062,0.129,0.118,0.93,0.0,0.0
2026-09-05,12,2026090412,VTUQ,0.0,0.0,0.0,0.001,0.017,0.002,0.031,0.0,0.0
2026-09-05,12,2026090412,VTUU,10.591,11.157,20.953,9.654,22.986,10.672,45.488,0.996,0.409
2026-09-05,12,2026090412,VTUV,11.61,15.572,36.917,14.316,45.349,9.369,48.803,0.889,0.378
2026-09-05,12,2026090412,VTUW,7.923,8.57,18.895,16.655,46.619,16.595,50.773,0.947,0.627
2026-09-05,18,2026090418,VTBD,1.084,1.088,2.706,2.071,9.918,1.891,12.784,0.489,0.009
2026-09-05,18,2026090418,VTBO,2.186,3.372,9.982,7.595,35.031,7.838,65.277,0.747,0.227
2026-09-05,18,2026090418,VTBS,1.707,1.707,2.355,1.675,6.328,1.929,12.784,0.524,0.009
2026-09-05,18,2026090418,VTCC,3.153,5.87,19.053,3.587,19.053,1.463,21.569,0.218,0.044
2026-09-05,18,2026090418,VTCH,0.14,0.116,0.328,0.587,4.872,2.253,22.032,0.484,0.053
2026-09-05,18,2026090418,VTCL,0.377,0.544,1.956,0.804,6.029,0.768,9.86,0.164,0.0
2026-09-05,18,2026090418,VTCN,8.853,7.272,16.696,4.232,26.304,9.259,89.955,0.68,0.311
2026-09-05,18,2026090418,VTCP,34.757,28.012,67.541,12.934,67.541,4.628,67.541,0.476,0.169
2026-09-05,18,2026090418,VTCT,10.146,9.696,18.104,6.352,26.617,6.424,54.298,0.569,0.24
2026-09-05,18,2026090418,VTPB,0.461,0.64,1.602,0.817,2.391,1.268,12.475,0.36,0.018
2026-09-05,18,2026090418,VTPH,3.96,3.326,5.33,3.08,14.247,3.252,21.36,0.591,0.076
2026-09-05,18,2026090418,VTPM,2.56,2.575,4.012,3.072,6.84,3.713,16.651,0.742,0.062
2026-09-05,18,2026090418,VTPO,0.27,0.533,1.226,3.025,20.45,2.116,20.45,0.316,0.08
2026-09-05,18,2026090418,VTPP,0.083,0.535,2.892,0.409,4.529,0.911,17.948,0.142,0.027
2026-09-05,18,2026090418,VTSB,0.113,0.021,0.113,0.036,0.295,0.643,9.794,0.16,0.0
2026-09-05,18,2026090418,VTSC,3.307,3.565,7.05,6.707,24.024,8.445,44.909,0.751,0.329
2026-09-05,18,2026090418,VTSE,0.001,0.02,0.125,0.277,3.024,2.406,22.518,0.364,0.084
2026-09-05,18,2026090418,VTSF,0.01,0.07,0.216,0.281,3.907,1.005,15.369,0.231,0.018
2026-09-05,18,2026090418,VTSG,0.002,0.002,0.013,0.018,0.356,0.069,1.227,0.013,0.0
2026-09-05,18,2026090418,VTSM,0.001,0.036,0.143,0.061,0.486,0.058,0.789,0.0,0.0
2026-09-05,18,2026090418,VTSP,0.022,0.042,0.101,0.06,0.224,0.11,2.138,0.013,0.0
2026-09-05,18,2026090418,VTSR,25.152,17.797,28.899,11.63,28.899,7.998,30.61,0.973,0.284
2026-09-05,18,2026090418,VTSS,0.0,0.671,4.67,0.426,6.575,0.996,21.921,0.187,0.027
2026-09-05,18,2026090418,VTST,0.395,0.11,0.395,0.8,7.603,0.827,8.825,0.218,0.0
2026-09-05,18,2026090418,VTSY,25.17,23.294,52.336,22.031,71.642,18.001,94.938,0.898,0.533
2026-09-05,18,2026090418,VTUD,1.696,3.699,10.262,10.341,23.497,16.623,68.398,0.96,0.596
2026-09-05,18,2026090418,VTUI,0.757,2.194,7.367,4.428,29.635,6.641,48.528,0.644,0.262
2026-09-05,18,2026090418,VTUK,5.341,9.445,23.461,9.715,43.509,4.936,43.509,0.698,0.142
2026-09-05,18,2026090418,VTUL,3.99,6.962,16.501,6.452,29.052,6.766,50.394,0.667,0.231
2026-09-05,18,2026090418,VTUO,0.297,0.325,0.639,0.184,0.639,0.208,3.874,0.022,0.0
2026-09-05,18,2026090418,VTUQ,0.0,0.0,0.002,0.138,2.268,0.156,4.215,0.044,0.0
2026-09-05,18,2026090418,VTUU,0.816,1.83,6.063,5.981,20.137,6.238,26.707,0.822,0.267
2026-09-05,18,2026090418,VTUV,5.277,6.364,13.778,16.671,59.217,12.046,67.236,0.969,0.413
2026-09-05,18,2026090418,VTUW,3.398,3.069,7.21,5.185,36.824,8.321,105.27,0.618,0.196
2026-09-06,00,2026090500,VTBD,0.583,2.259,6.087,1.411,7.003,2.498,30.383,0.333,0.08
2026-09-06,00,2026090500,VTBO,4.518,2.202,6.735,3.945,17.4,2.342,17.4,0.56,0.04
2026-09-06,00,2026090500,VTBS,1.347,2.572,8.675,2.603,12.635,1.989,17.094,0.396,0.049
2026-09-06,00,2026090500,VTCC,2.567,3.646,6.756,4.2,18.905,1.837,18.905,0.342,0.04
2026-09-06,00,2026090500,VTCH,0.448,0.465,1.069,0.576,4.212,2.624,32.581,0.378,0.067
2026-09-06,00,2026090500,VTCL,0.012,0.051,0.215,0.149,1.232,0.597,19.261,0.173,0.009
2026-09-06,00,2026090500,VTCN,16.364,13.056,25.561,11.966,34.271,9.468,45.826,0.724,0.32
2026-09-06,00,2026090500,VTCP,1.712,2.466,6.491,1.976,8.598,1.897,16.088,0.293,0.053
2026-09-06,00,2026090500,VTCT,0.33,0.406,1.224,1.891,19.346,5.168,46.063,0.564,0.213
2026-09-06,00,2026090500,VTPB,4.9,5.519,13.364,3.017,13.364,1.77,14.564,0.324,0.044
2026-09-06,00,2026090500,VTPH,0.0,0.148,0.438,0.132,1.69,0.199,14.771,0.036,0.004
2026-09-06,00,2026090500,VTPM,2.496,3.628,5.957,6.922,18.615,8.275,25.478,0.987,0.333
2026-09-06,00,2026090500,VTPO,0.002,0.012,0.034,2.108,22.959,1.234,22.959,0.204,0.036
2026-09-06,00,2026090500,VTPP,0.226,0.543,1.39,2.615,12.534,2.413,20.442,0.467,0.036
2026-09-06,00,2026090500,VTSB,0.0,0.011,0.074,0.049,0.841,0.088,3.521,0.018,0.0
2026-09-06,00,2026090500,VTSC,1.625,4.549,13.29,12.956,48.524,15.438,76.588,0.876,0.471
2026-09-06,00,2026090500,VTSE,6.288,5.793,10.599,3.967,11.399,3.547,11.782,0.782,0.053
2026-09-06,00,2026090500,VTSF,0.409,0.991,3.181,0.88,10.81,0.66,10.81,0.169,0.004
2026-09-06,00,2026090500,VTSG,0.164,1.214,5.038,0.779,6.926,0.271,6.926,0.058,0.0
2026-09-06,00,2026090500,VTSM,0.0,0.0,0.001,0.01,0.116,0.077,1.603,0.018,0.0
2026-09-06,00,2026090500,VTSP,0.074,0.303,0.844,0.906,6.596,0.725,6.625,0.182,0.0
2026-09-06,00,2026090500,VTSR,1.157,1.945,3.231,2.677,7.053,3.848,17.212,0.84,0.084
2026-09-06,00,2026090500,VTSS,0.0,0.024,0.209,0.675,5.03,1.824,30.443,0.276,0.049
2026-09-06,00,2026090500,VTST,0.009,0.075,0.313,0.169,3.549,0.436,8.093,0.116,0.0
2026-09-06,00,2026090500,VTSY,0.232,0.447,1.489,4.173,31.87,4.427,45.23,0.524,0.16
2026-09-06,00,2026090500,VTUD,37.123,31.462,57.945,24.583,57.945,16.805,57.945,0.96,0.636
2026-09-06,00,2026090500,VTUI,58.06,44.503,72.853,34.443,73.708,32.662,87.381,1.0,0.893
2026-09-06,00,2026090500,VTUK,8.51,9.368,20.078,5.036,20.078,3.008,20.078,0.556,0.084
2026-09-06,00,2026090500,VTUL,4.227,3.07,7.565,1.807,13.334,2.098,21.287,0.396,0.036
2026-09-06,00,2026090500,VTUO,0.007,0.037,0.097,0.069,0.45,0.081,0.658,0.0,0.0
2026-09-06,00,2026090500,VTUQ,0.007,0.093,0.464,0.113,1.995,0.089,2.415,0.018,0.0
2026-09-06,00,2026090500,VTUU,1.426,2.004,3.196,5.022,13.959,5.776,23.272,0.902,0.151
2026-09-06,00,2026090500,VTUV,18.139,22.502,37.223,23.869,42.851,16.921,43.721,1.0,0.684
2026-09-06,00,2026090500,VTUW,55.815,51.73,57.846,41.21,77.498,40.891,102.753,1.0,0.92
2026-09-06,06,2026090506,VTBD,1.531,2.947,5.843,2.769,7.791,4.188,16.867,0.764,0.138
2026-09-06,06,2026090506,VTBO,1.187,1.422,4.623,4.53,14.882,4.455,25.012,0.676,0.133
2026-09-06,06,2026090506,VTBS,0.802,0.961,2.281,2.409,15.11,4.399,32.149,0.56,0.156
2026-09-06,06,2026090506,VTCC,0.138,1.28,6.895,3.317,23.43,3.204,27.786,0.373,0.111
2026-09-06,06,2026090506,VTCH,0.704,0.534,1.321,1.511,17.37,5.375,92.497,0.44,0.182
2026-09-06,06,2026090506,VTCL,0.282,0.632,2.557,1.147,15.669,1.939,23.741,0.267,0.071
2026-09-06,06,2026090506,VTCN,1.472,2.597,10.903,5.923,46.724,11.093,120.766,0.618,0.302
2026-09-06,06,2026090506,VTCP,0.043,0.05,0.145,2.212,19.355,2.641,32.688,0.387,0.084
2026-09-06,06,2026090506,VTCT,0.351,2.036,6.669,2.655,22.384,4.56,46.356,0.404,0.164
2026-09-06,06,2026090506,VTPB,2.9,3.595,8.389,4.092,30.034,2.797,30.034,0.489,0.062
2026-09-06,06,2026090506,VTPH,0.021,0.399,1.967,2.652,14.637,3.105,35.603,0.373,0.12
2026-09-06,06,2026090506,VTPM,4.39,5.221,7.621,5.807,16.545,7.676,29.446,0.951,0.236
2026-09-06,06,2026090506,VTPO,0.017,0.009,0.03,0.168,2.414,0.133,3.245,0.036,0.0
2026-09-06,06,2026090506,VTPP,0.111,0.072,0.241,0.149,2.411,0.485,13.708,0.08,0.013
2026-09-06,06,2026090506,VTSB,0.001,0.003,0.023,0.045,0.704,0.122,2.653,0.031,0.0
2026-09-06,06,2026090506,VTSC,56.915,55.902,87.467,35.44,87.467,19.405,87.467,0.942,0.604
2026-09-06,06,2026090506,VTSE,3.279,1.488,4.14,1.534,5.119,1.719,13.426,0.462,0.018
2026-09-06,06,2026090506,VTSF,0.002,0.036,0.138,1.0,14.191,1.556,21.273,0.253,0.04
2026-09-06,06,2026090506,VTSG,0.098,0.271,0.926,0.243,1.292,0.669,7.674,0.191,0.0
2026-09-06,06,2026090506,VTSM,0.0,0.015,0.061,0.037,0.907,0.052,0.907,0.0,0.0
2026-09-06,06,2026090506,VTSP,0.364,0.357,0.579,0.598,3.268,0.422,4.136,0.12,0.0
2026-09-06,06,2026090506,VTSR,2.853,4.124,8.644,4.214,11.127,4.025,13.479,0.8,0.053
2026-09-06,06,2026090506,VTSS,1.487,1.973,6.943,1.971,16.676,3.332,31.27,0.44,0.124
2026-09-06,06,2026090506,VTST,0.11,0.226,0.503,0.159,1.116,1.334,25.405,0.147,0.053
2026-09-06,06,2026090506,VTSY,0.66,1.26,3.5,3.311,24.907,5.719,52.714,0.653,0.173
2026-09-06,06,2026090506,VTUD,12.464,15.859,29.893,27.528,83.239,23.405,83.239,0.978,0.684
2026-09-06,06,2026090506,VTUI,19.706,12.93,20.656,9.495,33.092,14.579,76.876,0.867,0.458
2026-09-06,06,2026090506,VTUK,4.05,6.103,15.292,6.745,35.942,8.139,43.017,0.849,0.293
2026-09-06,06,2026090506,VTUL,16.193,18.981,39.432,21.519,82.113,11.153,82.113,0.796,0.369
2026-09-06,06,2026090506,VTUO,9.843,6.84,12.034,4.625,13.254,3.875,19.347,0.827,0.067
2026-09-06,06,2026090506,VTUQ,0.222,0.443,1.227,0.161,1.227,0.101,1.247,0.022,0.0
2026-09-06,06,2026090506,VTUU,19.111,18.636,26.097,21.125,41.348,22.968,55.018,1.0,0.898
2026-09-06,06,2026090506,VTUV,6.325,7.431,12.468,10.573,20.812,13.554,43.276,0.982,0.573
2026-09-06,06,2026090506,VTUW,10.436,11.136,29.339,7.557,38.466,8.955,73.079,0.876,0.316
2026-09-06,12,2026090512,VTBD,0.001,0.032,0.197,0.579,4.204,1.64,24.784,0.298,0.04
2026-09-06,12,2026090512,VTBO,0.297,0.156,0.307,0.572,5.483,3.591,26.137,0.538,0.12
2026-09-06,12,2026090512,VTBS,0.232,2.015,4.861,1.527,7.053,0.556,7.838,0.133,0.0
2026-09-06,12,2026090512,VTCC,0.102,0.073,0.237,0.488,9.411,3.077,40.105,0.289,0.111
2026-09-06,12,2026090512,VTCH,1.102,1.269,3.382,1.607,12.259,3.092,37.215,0.551,0.076
2026-09-06,12,2026090512,VTCL,0.005,0.027,0.141,0.046,0.433,0.236,10.295,0.04,0.004
2026-09-06,12,2026090512,VTCN,0.121,0.378,1.485,1.954,15.549,4.247,83.071,0.373,0.133
2026-09-06,12,2026090512,VTCP,0.0,0.007,0.027,1.206,17.587,1.238,35.755,0.169,0.036
2026-09-06,12,2026090512,VTCT,0.005,0.011,0.072,0.385,4.095,2.039,18.954,0.311,0.071
2026-09-06,12,2026090512,VTPB,1.129,3.552,11.797,2.3,14.303,2.795,56.239,0.413,0.067
2026-09-06,12,2026090512,VTPH,1.249,1.363,5.386,1.838,17.013,2.446,32.784,0.253,0.089
2026-09-06,12,2026090512,VTPM,1.646,1.99,2.614,2.019,5.334,3.704,18.822,0.884,0.076
2026-09-06,12,2026090512,VTPO,0.907,4.118,14.469,4.518,14.469,2.392,15.263,0.378,0.084
2026-09-06,12,2026090512,VTPP,0.068,0.564,2.559,2.388,12.181,1.394,12.181,0.32,0.013
2026-09-06,12,2026090512,VTSB,0.069,0.333,0.843,0.423,2.584,0.701,12.977,0.209,0.004
2026-09-06,12,2026090512,VTSC,24.348,19.439,48.868,13.576,51.711,8.248,51.711,0.836,0.293
2026-09-06,12,2026090512,VTSE,0.054,0.082,0.366,1.048,7.335,0.862,7.481,0.204,0.0
2026-09-06,12,2026090512,VTSF,0.209,0.131,0.723,0.139,1.393,0.341,7.3,0.107,0.0
2026-09-06,12,2026090512,VTSG,0.034,0.118,0.436,0.053,0.436,0.293,7.501,0.053,0.0
2026-09-06,12,2026090512,VTSM,0.0,0.001,0.01,0.105,1.817,0.314,9.743,0.053,0.0
2026-09-06,12,2026090512,VTSP,0.238,0.223,0.321,0.377,1.04,0.298,1.644,0.036,0.0
2026-09-06,12,2026090512,VTSR,6.227,3.892,11.414,3.792,14.468,2.7,14.468,0.72,0.031
2026-09-06,12,2026090512,VTSS,0.0,0.0,0.0,0.062,1.795,0.534,14.292,0.12,0.009
2026-09-06,12,2026090512,VTST,0.064,0.732,3.924,1.181,6.844,2.333,19.162,0.391,0.071
2026-09-06,12,2026090512,VTSY,0.01,0.009,0.052,0.193,4.437,1.517,24.275,0.249,0.049
2026-09-06,12,2026090512,VTUD,0.354,0.443,1.24,2.241,14.316,7.221,59.347,0.711,0.244
2026-09-06,12,2026090512,VTUI,51.779,50.355,74.418,33.596,83.3,21.843,83.3,0.951,0.644
2026-09-06,12,2026090512,VTUK,0.675,1.765,6.62,1.312,6.62,4.378,30.494,0.591,0.169
2026-09-06,12,2026090512,VTUL,0.26,0.768,3.345,1.689,11.071,2.435,23.585,0.387,0.084
2026-09-06,12,2026090512,VTUO,0.293,0.35,0.814,0.411,1.568,1.456,11.388,0.369,0.009
2026-09-06,12,2026090512,VTUQ,0.001,0.046,0.214,0.105,0.521,0.107,2.026,0.018,0.0
2026-09-06,12,2026090512,VTUU,4.914,6.054,11.675,7.106,19.488,4.815,19.488,0.742,0.169
2026-09-06,12,2026090512,VTUV,0.521,1.069,2.12,1.187,4.947,2.161,19.301,0.533,0.044
2026-09-06,12,2026090512,VTUW,2.075,2.827,7.616,4.499,25.664,13.185,67.195,0.907,0.449
2026-09-06,18,2026090518,VTBD,0.528,0.829,2.767,2.449,12.245,7.908,36.745,0.64,0.333
2026-09-06,18,2026090518,VTBO,0.307,0.391,0.749,1.995,21.805,4.577,23.959,0.609,0.187
2026-09-06,18,2026090518,VTBS,0.523,0.43,0.668,0.798,3.186,0.991,10.775,0.209,0.004
2026-09-06,18,2026090518,VTCC,0.182,0.79,3.046,5.78,34.006,5.774,49.446,0.436,0.209
2026-09-06,18,2026090518,VTCH,0.259,0.378,0.601,1.762,9.224,4.429,35.859,0.591,0.129
2026-09-06,18,2026090518,VTCL,0.111,0.067,0.195,0.481,3.883,0.284,7.616,0.076,0.0
2026-09-06,18,2026090518,VTCN,1.269,1.001,3.032,3.336,33.189,4.707,43.594,0.547,0.147
2026-09-06,18,2026090518,VTCP,0.0,0.004,0.02,0.213,1.946,0.95,22.977,0.164,0.022
2026-09-06,18,2026090518,VTCT,0.078,0.072,0.1,0.208,4.829,1.71,30.706,0.24,0.058
2026-09-06,18,2026090518,VTPB,15.562,16.637,25.845,14.945,31.259,13.445,71.101,0.898,0.493
2026-09-06,18,2026090518,VTPH,0.067,0.047,0.117,0.058,0.68,0.291,5.995,0.058,0.0
2026-09-06,18,2026090518,VTPM,5.874,5.876,9.548,7.711,27.138,7.744,54.566,0.898,0.267
2026-09-06,18,2026090518,VTPO,6.552,3.443,6.552,2.978,20.186,3.597,35.544,0.489,0.116
2026-09-06,18,2026090518,VTPP,0.312,0.981,3.062,2.956,16.852,1.862,18.074,0.369,0.044
2026-09-06,18,2026090518,VTSB,0.0,0.011,0.061,0.049,0.5,0.633,19.289,0.093,0.022
2026-09-06,18,2026090518,VTSC,33.793,22.933,33.793,15.425,33.793,15.585,63.742,0.889,0.587
2026-09-06,18,2026090518,VTSE,0.164,0.075,0.205,0.957,9.682,1.805,10.723,0.409,0.022
2026-09-06,18,2026090518,VTSF,0.002,0.063,0.336,0.306,4.035,0.339,4.151,0.093,0.0
2026-09-06,18,2026090518,VTSG,0.712,1.216,3.886,0.72,4.718,1.046,16.523,0.249,0.022
2026-09-06,18,2026090518,VTSM,0.001,0.014,0.041,0.02,0.23,0.517,28.32,0.071,0.013
2026-09-06,18,2026090518,VTSP,5.188,1.822,5.188,0.606,5.188,0.432,5.188,0.111,0.0
2026-09-06,18,2026090518,VTSR,4.414,6.615,11.537,5.106,11.537,4.018,16.628,0.8,0.08
2026-09-06,18,2026090518,VTSS,0.0,0.069,0.485,0.185,2.838,0.956,20.891,0.196,0.022
2026-09-06,18,2026090518,VTST,1.88,0.875,1.88,2.633,19.6,2.072,22.385,0.356,0.071
2026-09-06,18,2026090518,VTSY,0.025,1.076,7.669,6.947,37.293,5.976,37.293,0.707,0.209
2026-09-06,18,2026090518,VTUD,3.888,6.707,18.715,10.138,23.492,9.062,52.208,0.711,0.391
2026-09-06,18,2026090518,VTUI,12.136,12.422,27.381,11.87,31.523,8.002,34.707,0.769,0.32
2026-09-06,18,2026090518,VTUK,0.619,1.8,7.422,3.621,21.798,10.176,58.079,0.876,0.4
2026-09-06,18,2026090518,VTUL,20.595,14.687,27.016,7.181,27.016,5.332,33.196,0.72,0.187
2026-09-06,18,2026090518,VTUO,3.008,3.041,4.953,5.064,22.654,2.415,22.654,0.551,0.022
2026-09-06,18,2026090518,VTUQ,0.468,0.413,0.863,0.314,2.212,0.475,6.918,0.133,0.0
2026-09-06,18,2026090518,VTUU,9.413,15.711,25.515,15.43,25.515,14.563,41.075,1.0,0.742
2026-09-06,18,2026090518,VTUV,0.487,0.479,1.161,0.549,1.687,2.829,25.667,0.52,0.058
2026-09-06,18,2026090518,VTUW,3.523,4.403,7.326,12.737,38.179,12.698,43.794,0.969,0.493
2026-09-07,00,2026090600,VTBD,0.039,0.55,3.096,2.362,14.933,4.434,22.127,0.689,0.12
2026-09-07,00,2026090600,VTBO,0.886,0.992,1.919,1.264,4.257,1.511,12.78,0.4,0.013
2026-09-07,00,2026090600,VTBS,0.283,0.204,0.63,0.391,2.666,2.18,21.077,0.373,0.058
2026-09-07,00,2026090600,VTCC,0.067,0.766,2.936,2.463,18.454,1.065,20.123,0.151,0.04
2026-09-07,00,2026090600,VTCH,11.663,12.418,25.943,6.432,25.943,3.242,25.943,0.627,0.08
2026-09-07,00,2026090600,VTCL,0.019,0.204,0.617,0.083,0.617,0.31,5.025,0.089,0.0
2026-09-07,00,2026090600,VTCN,0.024,0.14,0.381,1.533,17.181,1.155,17.181,0.209,0.031
2026-09-07,00,2026090600,VTCP,0.0,0.03,0.15,0.207,1.656,0.56,14.593,0.12,0.013
2026-09-07,00,2026090600,VTCT,0.231,1.215,3.03,4.143,19.982,6.813,33.218,0.76,0.258
2026-09-07,00,2026090600,VTPB,1.621,5.774,19.191,3.9,34.425,1.532,34.425,0.28,0.027
2026-09-07,00,2026090600,VTPH,0.012,0.024,0.072,0.099,0.991,0.508,5.858,0.182,0.0
2026-09-07,00,2026090600,VTPM,3.973,8.251,23.79,9.214,38.329,8.892,38.482,0.996,0.32
2026-09-07,00,2026090600,VTPO,0.144,0.772,3.574,0.924,8.544,0.652,12.261,0.196,0.004
2026-09-07,00,2026090600,VTPP,0.0,0.0,0.0,0.003,0.05,0.068,1.74,0.004,0.0
2026-09-07,00,2026090600,VTSB,0.0,0.015,0.095,0.155,1.377,0.116,2.055,0.04,0.0
2026-09-07,00,2026090600,VTSC,1.93,3.78,10.952,7.39,56.047,7.968,72.897,0.693,0.258
2026-09-07,00,2026090600,VTSE,0.862,0.944,2.329,0.732,3.662,0.984,8.139,0.267,0.0
2026-09-07,00,2026090600,VTSF,0.121,0.135,0.37,0.388,2.596,1.616,16.964,0.258,0.04
2026-09-07,00,2026090600,VTSG,0.001,0.03,0.074,2.488,36.917,1.214,36.917,0.187,0.027
2026-09-07,00,2026090600,VTSM,0.0,0.077,0.619,0.106,2.349,0.076,3.954,0.027,0.0
2026-09-07,00,2026090600,VTSP,0.373,0.332,0.622,0.486,1.46,0.607,4.507,0.2,0.0
2026-09-07,00,2026090600,VTSR,2.944,2.418,8.485,4.014,17.038,5.268,20.924,0.796,0.133
2026-09-07,00,2026090600,VTSS,1.779,0.428,1.779,0.528,10.284,3.66,53.443,0.342,0.147
2026-09-07,00,2026090600,VTST,0.043,0.053,0.138,0.15,1.94,0.755,10.878,0.169,0.018
2026-09-07,00,2026090600,VTSY,0.047,0.189,0.949,1.448,15.242,3.203,34.511,0.378,0.107
2026-09-07,00,2026090600,VTUD,7.327,6.806,21.773,2.268,21.773,1.196,21.773,0.271,0.018
2026-09-07,00,2026090600,VTUI,0.169,0.321,0.652,1.482,10.246,2.475,21.246,0.471,0.062
2026-09-07,00,2026090600,VTUK,0.031,0.507,2.574,0.718,6.949,1.392,18.438,0.249,0.04
2026-09-07,00,2026090600,VTUL,0.02,0.196,1.253,0.809,6.253,1.265,18.103,0.262,0.031
2026-09-07,00,2026090600,VTUO,0.0,0.012,0.077,0.108,1.129,0.485,10.554,0.098,0.004
2026-09-07,00,2026090600,VTUQ,0.002,0.317,1.106,1.209,10.18,0.626,10.18,0.133,0.009
2026-09-07,00,2026090600,VTUU,8.97,5.059,15.695,2.748,22.013,3.308,22.575,0.64,0.049
2026-09-07,00,2026090600,VTUV,0.826,1.397,3.033,2.717,7.891,1.912,20.243,0.4,0.027
2026-09-07,00,2026090600,VTUW,7.565,8.988,13.279,14.722,54.644,11.728,57.667,0.858,0.391
2026-09-07,06,2026090606,VTBD,0.012,0.016,0.054,0.205,2.129,3.267,32.749,0.36,0.102
2026-09-07,06,2026090606,VTBO,0.194,0.777,1.645,0.638,2.693,0.895,10.611,0.218,0.004
2026-09-07,06,2026090606,VTBS,4.031,4.263,5.337,4.799,14.019,3.523,31.221,0.582,0.084
2026-09-07,06,2026090606,VTCC,0.057,0.302,1.285,1.78,28.095,1.076,28.095,0.16,0.022
2026-09-07,06,2026090606,VTCH,6.374,5.259,10.156,3.777,26.037,5.092,50.393,0.644,0.169
2026-09-07,06,2026090606,VTCL,0.0,0.024,0.081,0.07,0.633,0.177,3.186,0.044,0.0
2026-09-07,06,2026090606,VTCN,0.419,0.581,1.903,2.708,13.472,5.494,44.306,0.498,0.204
2026-09-07,06,2026090606,VTCP,0.143,0.117,0.409,0.118,1.323,0.293,12.07,0.067,0.004
2026-09-07,06,2026090606,VTCT,0.264,0.684,3.401,2.298,28.495,4.329,53.638,0.48,0.156
2026-09-07,06,2026090606,VTPB,0.025,0.035,0.14,0.1,0.513,0.965,19.136,0.147,0.027
2026-09-07,06,2026090606,VTPH,0.06,0.057,0.125,0.087,1.058,0.17,8.586,0.04,0.0
2026-09-07,06,2026090606,VTPM,4.03,4.041,5.31,5.678,23.764,10.475,40.321,0.902,0.369
2026-09-07,06,2026090606,VTPO,0.005,0.037,0.087,0.639,8.323,0.34,10.943,0.089,0.004
2026-09-07,06,2026090606,VTPP,6.466,2.913,8.787,1.194,8.787,1.066,8.787,0.289,0.0
2026-09-07,06,2026090606,VTSB,0.0,0.001,0.005,0.461,7.959,0.309,10.33,0.067,0.009
2026-09-07,06,2026090606,VTSC,0.119,0.611,1.356,8.795,45.488,14.023,57.17,0.676,0.422
2026-09-07,06,2026090606,VTSE,0.02,0.219,0.648,0.22,1.008,0.35,4.709,0.093,0.0
2026-09-07,06,2026090606,VTSF,0.333,1.131,2.908,1.382,11.268,3.638,79.4,0.364,0.093
2026-09-07,06,2026090606,VTSG,0.65,0.407,0.716,0.357,1.372,0.62,8.739,0.12,0.0
2026-09-07,06,2026090606,VTSM,0.0,0.0,0.001,0.004,0.075,0.074,4.034,0.027,0.0
2026-09-07,06,2026090606,VTSP,0.109,0.203,0.422,0.313,1.609,0.294,1.975,0.044,0.0
2026-09-07,06,2026090606,VTSR,5.845,7.232,16.11,6.902,19.112,4.278,19.112,0.853,0.071
2026-09-07,06,2026090606,VTSS,0.047,0.333,1.293,1.348,23.844,1.991,24.586,0.267,0.062
2026-09-07,06,2026090606,VTST,0.015,0.212,0.631,0.186,1.093,0.428,9.031,0.129,0.0
2026-09-07,06,2026090606,VTSY,1.849,3.862,8.492,4.174,17.487,4.977,73.693,0.489,0.151
2026-09-07,06,2026090606,VTUD,3.618,3.627,4.582,3.879,6.162,4.126,12.75,0.969,0.044
2026-09-07,06,2026090606,VTUI,24.09,21.476,34.492,16.145,37.942,22.473,86.445,1.0,0.747
2026-09-07,06,2026090606,VTUK,0.061,0.13,0.556,0.207,2.161,0.723,17.321,0.129,0.013
2026-09-07,06,2026090606,VTUL,3.039,3.869,6.576,8.293,52.38,6.33,52.38,0.556,0.218
2026-09-07,06,2026090606,VTUO,0.005,0.004,0.021,0.02,0.164,0.031,0.822,0.0,0.0
2026-09-07,06,2026090606,VTUQ,0.001,0.036,0.146,0.256,1.629,1.252,19.804,0.182,0.036
2026-09-07,06,2026090606,VTUU,5.221,3.262,5.63,2.451,13.581,3.045,13.581,0.649,0.036
2026-09-07,06,2026090606,VTUV,0.34,0.517,0.879,0.798,5.11,1.846,16.5,0.391,0.036
2026-09-07,06,2026090606,VTUW,8.832,8.067,11.435,12.919,65.409,14.977,65.409,1.0,0.507
2026-09-07,12,2026090612,VTBD,0.317,0.606,1.477,0.919,2.723,5.376,40.021,0.48,0.164
2026-09-07,12,2026090612,VTBO,0.108,0.185,0.547,1.156,11.253,1.333,11.627,0.422,0.018
2026-09-07,12,2026090612,VTBS,0.0,0.006,0.039,0.033,0.2,0.358,12.157,0.107,0.004
2026-09-07,12,2026090612,VTCC,0.052,0.131,0.678,0.331,4.306,0.273,7.791,0.062,0.0
2026-09-07,12,2026090612,VTCH,2.794,3.153,8.244,2.435,13.606,3.151,30.982,0.538,0.084
2026-09-07,12,2026090612,VTCL,0.107,0.118,0.253,0.135,0.661,0.704,14.536,0.142,0.018
2026-09-07,12,2026090612,VTCN,0.077,0.307,0.864,0.343,1.9,0.706,17.79,0.116,0.009
2026-09-07,12,2026090612,VTCP,0.007,0.042,0.187,0.107,1.794,0.094,1.794,0.04,0.0
2026-09-07,12,2026090612,VTCT,1.953,1.83,2.94,1.368,4.758,2.495,29.064,0.458,0.067
2026-09-07,12,2026090612,VTPB,0.023,0.39,1.155,1.96,16.913,0.928,16.913,0.213,0.009
2026-09-07,12,2026090612,VTPH,1.102,2.882,11.648,5.964,31.227,3.913,44.838,0.342,0.142
2026-09-07,12,2026090612,VTPM,16.8,14.991,23.469,11.753,25.995,7.762,33.167,0.898,0.258
2026-09-07,12,2026090612,VTPO,0.012,0.096,0.331,0.29,2.785,1.154,25.286,0.173,0.036
2026-09-07,12,2026090612,VTPP,0.0,0.006,0.055,0.191,1.826,0.772,9.101,0.231,0.0
2026-09-07,12,2026090612,VTSB,0.0,0.015,0.1,0.006,0.1,0.374,9.898,0.089,0.0
2026-09-07,12,2026090612,VTSC,10.474,13.098,19.077,10.649,36.681,8.66,98.334,0.707,0.284
2026-09-07,12,2026090612,VTSE,0.165,0.565,0.894,0.414,1.586,0.718,13.613,0.187,0.004
2026-09-07,12,2026090612,VTSF,0.159,0.614,3.677,0.657,6.664,1.747,21.695,0.333,0.036
2026-09-07,12,2026090612,VTSG,0.032,0.106,0.352,0.122,0.708,0.212,3.671,0.022,0.0
2026-09-07,12,2026090612,VTSM,0.0,0.015,0.133,0.035,0.526,0.009,0.526,0.0,0.0
2026-09-07,12,2026090612,VTSP,0.383,0.371,0.733,0.28,0.733,0.258,1.437,0.013,0.0
2026-09-07,12,2026090612,VTSR,3.068,8.776,16.895,8.334,22.768,3.988,22.768,0.822,0.08
2026-09-07,12,2026090612,VTSS,1.875,0.546,1.912,1.121,10.519,1.507,24.51,0.262,0.044
2026-09-07,12,2026090612,VTST,0.003,0.084,0.187,0.049,0.198,1.109,18.993,0.16,0.036
2026-09-07,12,2026090612,VTSY,0.374,1.058,2.845,3.669,18.903,6.008,59.682,0.529,0.191
2026-09-07,12,2026090612,VTUD,0.031,0.172,0.588,0.414,6.64,1.572,17.434,0.364,0.031
2026-09-07,12,2026090612,VTUI,41.775,36.232,47.338,36.218,56.738,20.854,74.387,0.982,0.689
2026-09-07,12,2026090612,VTUK,0.558,0.95,2.917,4.168,26.453,1.84,26.453,0.293,0.044
2026-09-07,12,2026090612,VTUL,6.089,6.77,19.0,8.52,45.122,5.926,45.122,0.658,0.2
2026-09-07,12,2026090612,VTUO,0.015,0.177,0.544,0.741,4.392,0.414,6.177,0.107,0.0
2026-09-07,12,2026090612,VTUQ,0.0,0.0,0.0,0.0,0.022,0.009,0.311,0.0,0.0
2026-09-07,12,2026090612,VTUU,6.989,3.751,8.36,3.051,9.387,5.574,24.079,0.938,0.169
2026-09-07,12,2026090612,VTUV,2.321,2.144,3.416,2.881,25.287,5.04,29.855,0.582,0.173
2026-09-07,12,2026090612,VTUW,35.376,35.108,51.202,30.514,64.534,13.706,64.534,0.862,0.52
2026-09-07,18,2026090618,VTBD,2.446,2.22,4.898,12.448,52.766,11.401,52.766,0.716,0.413
2026-09-07,18,2026090618,VTBO,1.16,1.261,3.657,0.93,7.564,0.955,7.564,0.347,0.0
2026-09-07,18,2026090618,VTBS,0.031,0.071,0.277,0.777,7.285,0.879,7.41,0.209,0.0
2026-09-07,18,2026090618,VTCC,0.009,0.015,0.055,0.039,0.498,1.057,39.438,0.102,0.031
2026-09-07,18,2026090618,VTCH,0.012,0.155,0.704,2.162,20.348,2.961,30.214,0.538,0.071
2026-09-07,18,2026090618,VTCL,0.689,1.639,5.689,2.917,15.345,2.605,26.949,0.364,0.098
2026-09-07,18,2026090618,VTCN,1.914,1.665,6.362,2.159,21.916,1.925,21.916,0.347,0.049
2026-09-07,18,2026090618,VTCP,0.002,0.011,0.045,0.085,1.008,1.35,14.303,0.253,0.027
2026-09-07,18,2026090618,VTCT,1.396,1.735,5.417,5.053,24.851,9.986,68.136,0.711,0.342
2026-09-07,18,2026090618,VTPB,0.53,0.491,0.925,0.417,1.129,0.503,3.019,0.129,0.0
2026-09-07,18,2026090618,VTPH,1.441,2.888,6.285,4.223,17.114,6.233,28.977,0.716,0.2
2026-09-07,18,2026090618,VTPM,0.796,1.068,1.868,1.796,7.223,4.238,22.021,0.804,0.111
2026-09-07,18,2026090618,VTPO,0.016,0.068,0.222,0.112,0.815,0.304,8.112,0.062,0.0
2026-09-07,18,2026090618,VTPP,0.027,0.099,0.315,0.281,4.06,1.019,23.885,0.111,0.036
2026-09-07,18,2026090618,VTSB,0.002,0.019,0.084,0.01,0.103,0.066,1.808,0.022,0.0
2026-09-07,18,2026090618,VTSC,0.085,0.451,1.42,1.569,10.366,4.893,53.246,0.569,0.142
2026-09-07,18,2026090618,VTSE,0.183,0.189,0.326,0.485,1.724,1.203,12.126,0.284,0.018
2026-09-07,18,2026090618,VTSF,2.9,1.759,3.456,1.771,6.528,2.069,20.229,0.453,0.044
2026-09-07,18,2026090618,VTSG,0.209,0.611,2.522,0.65,6.119,0.777,12.201,0.182,0.009
2026-09-07,18,2026090618,VTSM,0.015,0.087,0.443,0.071,1.364,0.033,1.364,0.004,0.0
2026-09-07,18,2026090618,VTSP,0.42,0.398,0.899,0.651,2.735,1.628,11.412,0.493,0.004
2026-09-07,18,2026090618,VTSR,3.942,5.318,7.601,5.301,12.811,3.45,15.381,0.849,0.031
2026-09-07,18,2026090618,VTSS,1.049,1.49,3.658,3.72,42.678,3.719,43.48,0.369,0.111
2026-09-07,18,2026090618,VTST,3.507,3.835,7.643,2.251,10.944,2.005,27.437,0.4,0.031
2026-09-07,18,2026090618,VTSY,0.022,0.064,0.22,0.108,1.117,2.327,42.961,0.298,0.071
2026-09-07,18,2026090618,VTUD,8.121,5.151,13.264,3.148,19.118,1.76,21.585,0.373,0.036
2026-09-07,18,2026090618,VTUI,7.93,9.444,19.376,10.992,29.05,11.534,50.138,0.92,0.431
2026-09-07,18,2026090618,VTUK,0.02,0.02,0.036,0.057,0.548,0.84,15.855,0.187,0.018
2026-09-07,18,2026090618,VTUL,26.047,13.557,37.759,6.911,38.219,4.184,38.219,0.444,0.164
2026-09-07,18,2026090618,VTUO,0.139,0.888,3.507,1.801,9.044,1.649,11.538,0.453,0.013
2026-09-07,18,2026090618,VTUQ,0.218,0.37,1.365,2.245,11.964,2.068,23.292,0.324,0.062
2026-09-07,18,2026090618,VTUU,13.013,13.471,27.107,7.936,32.331,4.351,37.99,0.604,0.116
2026-09-07,18,2026090618,VTUV,3.297,2.352,5.552,2.831,10.395,1.952,10.395,0.476,0.004
2026-09-07,18,2026090618,VTUW,31.543,27.686,40.492,18.29,57.42,10.176,57.42,0.849,0.364
2026-09-08,00,2026090700,VTBD,0.057,0.092,0.191,0.567,8.752,1.52,13.187,0.302,0.027
2026-09-08,00,2026090700,VTBO,1.15,1.408,3.001,1.139,5.401,2.334,18.026,0.502,0.053
2026-09-08,00,2026090700,VTBS,0.152,0.337,1.053,0.921,5.528,2.241,21.656,0.427,0.067
2026-09-08,00,2026090700,VTCC,0.164,0.303,2.081,3.266,35.278,2.149,35.278,0.262,0.053
2026-09-08,00,2026090700,VTCH,0.133,0.948,4.584,0.933,8.545,1.959,38.153,0.347,0.036
2026-09-08,00,2026090700,VTCL,0.0,0.002,0.012,0.077,1.142,0.57,12.863,0.116,0.009
2026-09-08,00,2026090700,VTCN,0.278,0.661,1.873,1.017,9.237,2.419,44.76,0.347,0.067
2026-09-08,00,2026090700,VTCP,0.0,0.006,0.056,0.039,0.688,0.741,42.016,0.08,0.027
2026-09-08,00,2026090700,VTCT,0.163,0.925,3.267,10.579,69.827,8.614,71.287,0.542,0.24
2026-09-08,00,2026090700,VTPB,0.196,0.334,0.909,3.525,51.131,5.447,77.593,0.298,0.16
2026-09-08,00,2026090700,VTPH,0.038,0.027,0.046,0.018,0.108,0.243,4.884,0.071,0.0
2026-09-08,00,2026090700,VTPM,0.31,0.598,1.493,1.626,5.876,5.523,38.681,0.764,0.151
2026-09-08,00,2026090700,VTPO,0.025,0.14,0.8,0.66,7.313,0.491,13.514,0.116,0.009
2026-09-08,00,2026090700,VTPP,0.0,0.009,0.076,0.016,0.108,0.305,9.906,0.053,0.0
2026-09-08,00,2026090700,VTSB,0.06,0.138,0.323,0.278,2.445,1.163,21.003,0.244,0.009
2026-09-08,00,2026090700,VTSC,4.54,7.71,19.509,7.332,25.626,3.188,25.626,0.462,0.107
2026-09-08,00,2026090700,VTSE,10.887,10.198,12.913,7.345,16.397,3.893,19.798,0.649,0.133
2026-09-08,00,2026090700,VTSF,1.041,1.225,2.813,1.314,10.013,3.637,26.165,0.484,0.129
2026-09-08,00,2026090700,VTSG,0.523,0.786,1.645,0.99,7.254,1.182,7.754,0.351,0.0
2026-09-08,00,2026090700,VTSM,0.01,0.054,0.193,0.055,0.516,0.062,1.123,0.004,0.0
2026-09-08,00,2026090700,VTSP,5.559,2.855,5.559,1.82,5.798,1.18,9.459,0.316,0.0
2026-09-08,00,2026090700,VTSR,9.548,18.613,48.703,22.551,60.239,14.158,60.239,1.0,0.507
2026-09-08,00,2026090700,VTSS,0.0,0.0,0.0,0.0,0.004,0.022,0.763,0.0,0.0
2026-09-08,00,2026090700,VTST,0.978,0.682,1.37,1.683,8.303,3.079,15.68,0.729,0.027
2026-09-08,00,2026090700,VTSY,0.275,1.194,4.319,2.026,21.578,5.983,86.878,0.578,0.169
2026-09-08,00,2026090700,VTUD,5.116,3.516,9.87,1.929,9.87,2.26,33.508,0.427,0.049
2026-09-08,00,2026090700,VTUI,10.073,8.5,21.064,6.946,27.476,4.451,51.141,0.493,0.138
2026-09-08,00,2026090700,VTUK,0.13,0.11,0.164,1.535,16.429,2.311,36.83,0.231,0.071
2026-09-08,00,2026090700,VTUL,14.403,4.04,14.906,2.587,18.927,3.534,41.774,0.396,0.12
2026-09-08,00,2026090700,VTUO,0.186,0.126,0.45,0.661,5.309,0.787,8.373,0.253,0.0
2026-09-08,00,2026090700,VTUQ,0.036,0.398,1.1,0.746,5.82,0.647,11.851,0.151,0.009
2026-09-08,00,2026090700,VTUU,1.255,1.564,4.69,2.858,8.234,3.592,18.584,0.756,0.062
2026-09-08,00,2026090700,VTUV,26.215,19.903,32.255,13.813,44.184,6.717,45.885,0.498,0.227
2026-09-08,00,2026090700,VTUW,7.73,6.927,23.118,3.333,23.118,2.553,23.118,0.578,0.053
2026-09-08,06,2026090706,VTBD,1.245,1.371,4.217,1.497,5.99,2.425,11.453,0.636,0.013
2026-09-08,06,2026090706,VTBO,0.351,0.256,0.665,0.848,3.96,0.981,9.713,0.324,0.0
2026-09-08,06,2026090706,VTBS,5.428,3.751,7.571,2.834,13.614,1.612,13.614,0.391,0.018
2026-09-08,06,2026090706,VTCC,0.005,0.031,0.21,0.438,7.099,0.974,14.974,0.196,0.027
2026-09-08,06,2026090706,VTCH,5.433,2.929,6.891,1.845,9.221,3.322,31.838,0.529,0.098
2026-09-08,06,2026090706,VTCL,0.0,0.0,0.002,0.044,1.272,0.339,12.679,0.071,0.009
2026-09-08,06,2026090706,VTCN,0.135,1.154,7.483,1.799,23.041,1.694,31.36,0.253,0.049
2026-09-08,06,2026090706,VTCP,0.003,0.005,0.011,0.17,4.987,1.616,45.086,0.133,0.044
2026-09-08,06,2026090706,VTCT,5.246,5.203,9.0,5.972,31.011,6.662,48.437,0.742,0.213
2026-09-08,06,2026090706,VTPB,1.362,0.466,1.788,0.395,3.389,1.055,26.183,0.218,0.018
2026-09-08,06,2026090706,VTPH,0.002,0.074,0.42,0.118,1.693,0.377,6.988,0.08,0.0
2026-09-08,06,2026090706,VTPM,1.493,2.013,5.365,2.526,17.475,4.429,29.236,0.818,0.116
2026-09-08,06,2026090706,VTPO,0.087,0.156,0.592,1.005,12.373,1.48,19.313,0.28,0.036
2026-09-08,06,2026090706,VTPP,0.0,0.004,0.016,0.009,0.055,0.632,16.463,0.071,0.027
2026-09-08,06,2026090706,VTSB,0.408,0.581,1.101,0.744,4.179,1.751,12.693,0.4,0.027
2026-09-08,06,2026090706,VTSC,13.213,10.706,15.416,8.583,32.96,9.605,55.454,0.849,0.36
2026-09-08,06,2026090706,VTSE,0.045,0.118,0.53,1.137,4.471,2.219,10.822,0.609,0.013
2026-09-08,06,2026090706,VTSF,0.017,0.083,0.245,0.397,3.272,1.4,30.259,0.276,0.031
2026-09-08,06,2026090706,VTSG,0.97,1.24,3.661,4.432,12.387,2.509,12.387,0.551,0.036
2026-09-08,06,2026090706,VTSM,7.635,4.379,9.521,1.944,12.438,1.124,14.111,0.2,0.036
2026-09-08,06,2026090706,VTSP,1.426,2.047,3.345,1.864,9.055,2.504,13.443,0.573,0.044
2026-09-08,06,2026090706,VTSR,22.469,19.166,25.301,14.465,32.996,15.355,47.063,1.0,0.684
2026-09-08,06,2026090706,VTSS,0.25,0.028,0.25,0.107,3.371,0.258,10.851,0.058,0.004
2026-09-08,06,2026090706,VTST,1.119,4.902,9.419,9.567,42.087,4.997,42.087,0.84,0.111
2026-09-08,06,2026090706,VTSY,3.328,4.052,8.699,6.714,26.552,7.622,44.071,0.813,0.267
2026-09-08,06,2026090706,VTUD,9.095,12.62,30.453,11.487,40.517,6.789,40.517,0.733,0.24
2026-09-08,06,2026090706,VTUI,11.766,12.322,25.238,10.064,30.974,9.377,119.733,0.836,0.302
2026-09-08,06,2026090706,VTUK,0.067,0.901,2.785,4.411,28.866,2.425,28.866,0.382,0.062
2026-09-08,06,2026090706,VTUL,4.395,2.822,9.331,2.112,18.545,4.974,43.015,0.547,0.169
2026-09-08,06,2026090706,VTUO,0.105,0.124,0.33,0.091,0.37,0.055,0.786,0.0,0.0
2026-09-08,06,2026090706,VTUQ,0.0,0.0,0.0,0.0,0.0,0.023,1.17,0.009,0.0
2026-09-08,06,2026090706,VTUU,1.638,2.191,6.181,3.313,11.558,4.526,22.9,0.778,0.107
2026-09-08,06,2026090706,VTUV,0.04,0.109,0.307,0.057,0.307,0.147,4.743,0.036,0.0
2026-09-08,06,2026090706,VTUW,19.377,22.713,42.214,20.67,63.983,16.551,90.109,0.796,0.516
2026-09-08,12,2026090712,VTBD,0.041,0.053,0.085,0.93,10.765,1.847,14.865,0.396,0.04
2026-09-08,12,2026090712,VTBO,0.318,0.243,0.523,0.285,2.534,1.285,14.429,0.338,0.009
2026-09-08,12,2026090712,VTBS,0.068,0.636,2.695,0.429,2.704,0.694,8.493,0.196,0.0
2026-09-08,12,2026090712,VTCC,0.015,0.006,0.015,0.64,18.716,1.171,42.106,0.129,0.04
2026-09-08,12,2026090712,VTCH,1.013,4.475,15.502,5.819,31.431,4.027,34.788,0.622,0.111
2026-09-08,12,2026090712,VTCL,0.301,0.63,2.583,0.437,3.258,0.753,12.022,0.209,0.013
2026-09-08,12,2026090712,VTCN,0.001,0.032,0.198,0.433,5.462,1.743,52.169,0.222,0.031
2026-09-08,12,2026090712,VTCP,0.217,1.451,8.253,3.011,30.535,1.766,30.535,0.231,0.071
2026-09-08,12,2026090712,VTCT,0.0,0.111,0.552,0.72,11.537,1.021,21.856,0.204,0.027
2026-09-08,12,2026090712,VTPB,5.928,7.175,14.664,6.509,39.076,3.499,39.076,0.444,0.093
2026-09-08,12,2026090712,VTPH,1.197,2.619,7.229,1.89,7.229,2.193,18.415,0.547,0.027
2026-09-08,12,2026090712,VTPM,0.192,0.375,0.912,0.837,4.823,2.224,20.196,0.467,0.036
2026-09-08,12,2026090712,VTPO,0.063,0.324,1.009,2.051,15.212,1.841,33.276,0.324,0.044
2026-09-08,12,2026090712,VTPP,0.0,0.0,0.0,0.002,0.1,0.147,3.225,0.04,0.0
2026-09-08,12,2026090712,VTSB,4.875,3.718,7.226,2.035,7.941,1.556,17.209,0.351,0.018
2026-09-08,12,2026090712,VTSC,48.149,35.608,49.094,19.258,49.094,14.709,49.094,0.924,0.573
2026-09-08,12,2026090712,VTSE,12.592,8.219,13.013,6.891,15.551,7.0,30.584,0.956,0.2
2026-09-08,12,2026090712,VTSF,6.956,4.594,12.294,2.831,13.365,4.302,33.192,0.622,0.147
2026-09-08,12,2026090712,VTSG,0.465,0.789,1.268,0.815,2.214,0.773,5.21,0.276,0.0
2026-09-08,12,2026090712,VTSM,0.093,0.192,0.845,0.287,3.36,1.351,17.883,0.338,0.009
2026-09-08,12,2026090712,VTSP,5.199,2.405,5.199,1.617,5.602,1.946,8.722,0.547,0.0
2026-09-08,12,2026090712,VTSR,12.567,15.796,34.11,17.071,42.612,14.18,42.612,0.987,0.653
2026-09-08,12,2026090712,VTSS,0.0,0.073,0.397,0.101,1.673,0.095,1.673,0.022,0.0
2026-09-08,12,2026090712,VTST,2.149,1.984,3.176,3.193,12.973,3.352,12.973,0.693,0.036
2026-09-08,12,2026090712,VTSY,0.066,0.66,1.622,3.265,11.576,9.328,89.89,0.822,0.316
2026-09-08,12,2026090712,VTUD,2.279,2.603,3.915,3.382,7.504,3.737,26.064,0.698,0.102
2026-09-08,12,2026090712,VTUI,0.365,1.086,4.089,4.768,31.87,5.83,74.81,0.569,0.178
2026-09-08,12,2026090712,VTUK,0.0,0.0,0.0,0.001,0.016,0.124,12.79,0.022,0.004
2026-09-08,12,2026090712,VTUL,0.838,2.41,7.647,6.362,47.805,5.368,48.486,0.458,0.169
2026-09-08,12,2026090712,VTUO,0.011,0.129,0.47,0.173,0.944,0.394,10.899,0.098,0.004
2026-09-08,12,2026090712,VTUQ,0.001,0.003,0.012,0.019,0.258,0.486,11.669,0.084,0.004
2026-09-08,12,2026090712,VTUU,0.9,1.107,2.013,2.399,10.818,4.157,23.171,0.747,0.102
2026-09-08,12,2026090712,VTUV,0.226,0.333,0.842,2.248,15.494,1.507,15.494,0.253,0.044
2026-09-08,12,2026090712,VTUW,3.59,4.577,14.725,5.011,21.436,8.628,52.21,0.809,0.293
2026-09-08,18,2026090718,VTBD,2.843,3.605,9.24,4.831,27.555,3.887,27.555,0.578,0.093
2026-09-08,18,2026090718,VTBO,2.8,1.583,3.249,1.011,7.147,1.913,16.697,0.404,0.058
2026-09-08,18,2026090718,VTBS,0.308,0.388,0.752,0.71,4.668,2.13,27.555,0.369,0.04
2026-09-08,18,2026090718,VTCC,0.0,0.011,0.076,2.948,58.377,1.893,58.377,0.187,0.049
2026-09-08,18,2026090718,VTCH,1.093,0.792,1.093,1.304,6.571,2.703,14.227,0.609,0.036
2026-09-08,18,2026090718,VTCL,3.739,4.334,17.648,1.737,17.648,1.783,40.955,0.236,0.049
2026-09-08,18,2026090718,VTCN,0.254,0.231,0.45,0.265,0.875,1.277,28.302,0.271,0.018
2026-09-08,18,2026090718,VTCP,1.42,0.354,1.42,0.195,2.185,2.142,34.402,0.2,0.084
2026-09-08,18,2026090718,VTCT,0.0,0.1,0.293,0.289,2.975,0.624,29.563,0.147,0.004
2026-09-08,18,2026090718,VTPB,3.198,4.237,9.15,4.987,28.369,2.442,38.165,0.311,0.067
2026-09-08,18,2026090718,VTPH,7.155,3.97,7.155,2.054,10.55,3.907,30.305,0.391,0.16
2026-09-08,18,2026090718,VTPM,0.757,0.668,0.876,0.447,3.334,0.943,11.579,0.24,0.009
2026-09-08,18,2026090718,VTPO,4.538,8.956,28.235,5.212,28.235,3.968,38.096,0.422,0.147
2026-09-08,18,2026090718,VTPP,0.012,0.039,0.163,0.105,1.193,0.181,1.94,0.04,0.0
2026-09-08,18,2026090718,VTSB,1.112,0.458,1.112,0.391,3.46,0.373,4.137,0.12,0.0
2026-09-08,18,2026090718,VTSC,0.268,0.612,1.222,1.654,7.702,4.395,44.511,0.778,0.08
2026-09-08,18,2026090718,VTSE,0.645,1.378,2.583,2.119,10.286,5.63,35.898,0.849,0.151
2026-09-08,18,2026090718,VTSF,0.383,0.558,1.895,0.646,4.585,1.963,18.381,0.387,0.04
2026-09-08,18,2026090718,VTSG,0.106,0.121,0.301,0.626,4.628,1.403,17.313,0.178,0.044
2026-09-08,18,2026090718,VTSM,0.064,0.019,0.069,0.033,0.314,0.058,0.76,0.0,0.0
2026-09-08,18,2026090718,VTSP,0.506,1.838,5.535,0.99,5.535,0.877,9.422,0.222,0.0
2026-09-08,18,2026090718,VTSR,4.277,5.146,13.378,9.001,23.477,9.962,30.905,0.969,0.453
2026-09-08,18,2026090718,VTSS,0.151,0.47,1.877,0.386,5.111,0.259,5.111,0.071,0.0
2026-09-08,18,2026090718,VTST,2.681,1.762,2.934,2.644,13.679,3.562,19.908,0.804,0.067
2026-09-08,18,2026090718,VTSY,2.054,2.05,4.244,2.346,17.687,4.597,58.848,0.436,0.156
2026-09-08,18,2026090718,VTUD,1.405,1.528,2.447,1.237,3.753,3.42,40.013,0.493,0.102
2026-09-08,18,2026090718,VTUI,1.049,1.59,2.842,2.917,26.752,6.113,48.946,0.6,0.209
2026-09-08,18,2026090718,VTUK,0.084,0.15,0.885,1.782,12.362,1.108,16.097,0.249,0.018
2026-09-08,18,2026090718,VTUL,0.078,0.321,0.882,0.955,7.481,4.144,54.693,0.578,0.116
2026-09-08,18,2026090718,VTUO,0.049,0.233,1.258,1.183,6.338,0.871,6.338,0.244,0.0
2026-09-08,18,2026090718,VTUQ,0.039,0.067,0.3,0.199,0.972,0.509,8.661,0.129,0.0
2026-09-08,18,2026090718,VTUU,8.334,8.684,10.461,12.262,21.242,10.875,42.706,0.964,0.422
2026-09-08,18,2026090718,VTUV,0.049,0.573,1.649,0.39,1.649,0.487,7.938,0.12,0.0
2026-09-08,18,2026090718,VTUW,0.19,0.897,3.959,3.216,23.441,1.659,24.638,0.276,0.049
2026-09-09,00,2026090800,VTBD,0.0,0.002,0.009,0.042,0.425,1.312,19.503,0.249,0.031
2026-09-09,00,2026090800,VTBO,0.37,0.877,3.241,2.007,8.372,2.477,25.392,0.48,0.044
2026-09-09,00,2026090800,VTBS,16.642,9.289,17.34,4.867,19.503,2.468,19.503,0.462,0.071
2026-09-09,00,2026090800,VTCC,0.412,0.365,1.571,0.789,12.394,0.75,17.61,0.12,0.013
2026-09-09,00,2026090800,VTCH,0.693,0.986,3.047,1.634,10.19,3.597,25.344,0.578,0.12
2026-09-09,00,2026090800,VTCL,0.0,0.0,0.0,0.058,2.429,0.233,16.454,0.04,0.009
2026-09-09,00,2026090800,VTCN,12.695,9.239,17.276,5.141,23.604,5.595,78.062,0.44,0.173
2026-09-09,00,2026090800,VTCP,0.552,0.562,2.096,0.668,6.512,2.301,44.306,0.24,0.089
2026-09-09,00,2026090800,VTCT,10.605,14.313,35.34,11.314,40.545,11.241,81.267,0.796,0.36
2026-09-09,00,2026090800,VTPB,5.658,7.734,22.725,6.665,68.304,6.913,88.308,0.471,0.191
2026-09-09,00,2026090800,VTPH,0.01,0.013,0.09,0.088,1.334,0.354,3.321,0.124,0.0
2026-09-09,00,2026090800,VTPM,0.298,0.567,0.768,0.613,2.214,1.276,19.273,0.324,0.013
2026-09-09,00,2026090800,VTPO,0.025,0.005,0.025,0.058,1.011,0.889,20.391,0.138,0.036
2026-09-09,00,2026090800,VTPP,0.597,0.655,1.635,1.85,13.154,3.377,55.945,0.391,0.107
2026-09-09,00,2026090800,VTSB,8.615,3.94,8.861,1.709,9.893,1.782,23.809,0.324,0.044
2026-09-09,00,2026090800,VTSC,5.986,7.848,20.497,9.299,29.016,9.075,43.765,0.844,0.307
2026-09-09,00,2026090800,VTSE,0.417,0.862,1.636,0.564,3.4,0.594,15.086,0.169,0.004
2026-09-09,00,2026090800,VTSF,0.239,0.374,0.823,0.389,5.377,1.499,22.565,0.293,0.027
2026-09-09,00,2026090800,VTSG,0.334,4.038,12.521,7.127,23.971,7.519,38.086,0.8,0.316
2026-09-09,00,2026090800,VTSM,0.057,0.08,0.366,0.133,1.367,0.189,2.096,0.031,0.0
2026-09-09,00,2026090800,VTSP,13.253,12.525,18.614,10.713,27.748,7.687,37.534,0.738,0.302
2026-09-09,00,2026090800,VTSR,15.942,10.27,20.577,16.387,37.448,11.786,37.46,1.0,0.507
2026-09-09,00,2026090800,VTSS,0.0,0.0,0.0,0.021,0.459,0.531,9.806,0.129,0.0
2026-09-09,00,2026090800,VTST,6.459,8.608,20.437,10.414,23.227,8.442,32.292,0.947,0.307
2026-09-09,00,2026090800,VTSY,0.181,0.476,1.66,1.705,19.674,2.381,32.822,0.387,0.071
2026-09-09,00,2026090800,VTUD,34.868,29.203,41.279,20.929,41.279,16.736,72.518,0.982,0.596
2026-09-09,00,2026090800,VTUI,52.862,34.124,58.025,13.288,58.025,13.376,130.729,0.596,0.298
2026-09-09,00,2026090800,VTUK,1.461,6.314,16.437,6.194,30.014,4.546,46.604,0.613,0.147
2026-09-09,00,2026090800,VTUL,16.862,19.666,29.823,25.252,59.664,22.749,105.548,1.0,0.773
2026-09-09,00,2026090800,VTUO,1.744,1.863,4.665,4.209,16.072,3.029,35.907,0.551,0.067
2026-09-09,00,2026090800,VTUQ,1.293,1.312,2.847,1.263,4.034,1.458,10.16,0.391,0.004
2026-09-09,00,2026090800,VTUU,12.093,11.858,27.259,21.299,79.099,32.408,109.734,1.0,0.818
2026-09-09,00,2026090800,VTUV,8.559,4.908,8.559,4.923,22.36,12.183,143.436,0.924,0.342
2026-09-09,00,2026090800,VTUW,6.818,6.332,7.165,7.437,31.809,11.855,61.775,0.947,0.4
2026-09-09,06,2026090806,VTBD,1.591,2.07,7.202,3.534,14.985,5.267,37.696,0.778,0.169
2026-09-09,06,2026090806,VTBO,11.096,7.473,11.463,6.979,22.38,5.758,22.38,0.671,0.262
2026-09-09,06,2026090806,VTBS,1.435,4.452,16.267,3.492,18.095,5.691,37.696,0.613,0.187
2026-09-09,06,2026090806,VTCC,0.075,0.823,3.414,3.333,34.462,2.546,34.462,0.418,0.071
2026-09-09,06,2026090806,VTCH,3.105,2.747,6.597,3.471,18.215,6.744,50.178,0.822,0.187
2026-09-09,06,2026090806,VTCL,0.451,1.902,12.968,0.726,12.968,2.445,24.634,0.422,0.071
2026-09-09,06,2026090806,VTCN,7.989,9.251,20.67,10.489,29.952,11.205,46.753,0.996,0.422
2026-09-09,06,2026090806,VTCP,0.056,0.299,1.454,1.239,10.19,4.259,44.47,0.529,0.156
2026-09-09,06,2026090806,VTCT,25.969,22.136,39.57,13.839,39.57,11.542,57.614,0.938,0.449
2026-09-09,06,2026090806,VTPB,0.654,2.575,13.826,6.603,46.651,8.841,83.409,0.582,0.293
2026-09-09,06,2026090806,VTPH,0.0,0.016,0.049,0.063,0.35,0.174,5.233,0.044,0.0
2026-09-09,06,2026090806,VTPM,1.936,0.718,2.508,0.525,2.722,1.517,16.639,0.369,0.027
2026-09-09,06,2026090806,VTPO,9.471,10.927,37.348,13.166,70.524,4.482,70.524,0.409,0.129
2026-09-09,06,2026090806,VTPP,0.555,0.776,3.347,0.796,11.363,1.804,24.57,0.293,0.049
2026-09-09,06,2026090806,VTSB,1.86,0.842,2.776,0.812,3.58,1.24,9.387,0.369,0.0
2026-09-09,06,2026090806,VTSC,3.922,5.888,11.638,8.19,23.273,8.404,63.568,0.778,0.293
2026-09-09,06,2026090806,VTSE,0.855,3.378,10.245,1.72,10.245,1.166,10.245,0.289,0.004
2026-09-09,06,2026090806,VTSF,5.665,3.038,9.336,2.502,11.116,4.74,49.372,0.716,0.142
2026-09-09,06,2026090806,VTSG,0.757,5.828,11.713,10.274,25.858,9.96,28.867,0.978,0.409
2026-09-09,06,2026090806,VTSM,0.239,0.232,0.552,0.331,1.261,0.323,1.516,0.049,0.0
2026-09-09,06,2026090806,VTSP,35.52,18.422,35.52,10.697,35.52,7.429,35.52,0.956,0.262
2026-09-09,06,2026090806,VTSR,29.186,24.7,38.743,19.707,44.299,16.553,68.993,0.902,0.627
2026-09-09,06,2026090806,VTSS,0.084,0.056,0.15,0.082,0.366,0.848,17.435,0.191,0.013
2026-09-09,06,2026090806,VTST,12.893,14.882,26.938,12.188,31.754,11.324,31.983,0.982,0.489
2026-09-09,06,2026090806,VTSY,16.836,12.453,21.724,9.133,23.402,6.218,30.925,0.689,0.267
2026-09-09,06,2026090806,VTUD,13.191,14.226,17.042,10.105,22.112,15.234,55.906,0.964,0.667
2026-09-09,06,2026090806,VTUI,0.101,0.252,0.655,1.548,35.91,2.504,35.91,0.342,0.098
2026-09-09,06,2026090806,VTUK,42.905,41.538,68.574,36.8,98.891,31.722,98.891,1.0,0.8
2026-09-09,06,2026090806,VTUL,1.919,3.702,8.905,5.729,15.59,12.054,100.795,0.893,0.373
2026-09-09,06,2026090806,VTUO,4.201,2.697,6.08,0.903,6.08,0.394,6.08,0.093,0.0
2026-09-09,06,2026090806,VTUQ,0.044,0.452,2.931,0.552,6.061,0.921,12.228,0.244,0.013
2026-09-09,06,2026090806,VTUU,16.878,18.283,28.794,23.0,77.763,19.221,128.286,0.924,0.618
2026-09-09,06,2026090806,VTUV,0.187,0.224,0.548,0.831,5.196,5.208,56.984,0.516,0.142
2026-09-09,06,2026090806,VTUW,0.419,1.816,7.086,1.733,14.907,2.331,35.068,0.333,0.071
2026-09-09,12,2026090812,VTBD,0.0,0.013,0.075,0.263,1.981,0.613,17.497,0.124,0.013
2026-09-09,12,2026090812,VTBO,0.488,0.981,2.7,2.444,8.918,5.955,36.117,0.689,0.196
2026-09-09,12,2026090812,VTBS,0.002,0.026,0.132,0.091,0.527,0.209,3.899,0.049,0.0
2026-09-09,12,2026090812,VTCC,0.138,0.375,1.263,2.891,30.536,5.038,43.83,0.502,0.169
2026-09-09,12,2026090812,VTCH,2.017,3.848,18.445,5.556,19.227,8.422,87.356,0.893,0.244
2026-09-09,12,2026090812,VTCL,0.0,0.011,0.076,0.024,0.158,0.135,3.713,0.036,0.0
2026-09-09,12,2026090812,VTCN,0.003,0.009,0.046,0.105,1.104,2.517,50.803,0.249,0.076
2026-09-09,12,2026090812,VTCP,0.326,0.366,1.057,0.916,7.879,2.798,29.582,0.484,0.076
2026-09-09,12,2026090812,VTCT,2.457,2.657,6.116,2.923,8.605,3.348,33.2,0.529,0.076
2026-09-09,12,2026090812,VTPB,13.204,7.575,24.487,2.777,24.487,8.824,132.024,0.551,0.227
2026-09-09,12,2026090812,VTPH,0.008,0.127,0.344,0.127,1.416,0.769,12.659,0.164,0.018
2026-09-09,12,2026090812,VTPM,2.234,2.41,4.189,1.913,6.319,2.251,17.658,0.564,0.022
2026-09-09,12,2026090812,VTPO,0.007,0.002,0.007,0.032,0.533,0.228,5.857,0.053,0.0
2026-09-09,12,2026090812,VTPP,20.746,10.917,30.446,3.946,30.446,1.912,30.446,0.307,0.044
2026-09-09,12,2026090812,VTSB,0.0,0.002,0.011,0.037,0.774,0.748,13.316,0.129,0.036
2026-09-09,12,2026090812,VTSC,0.113,0.527,1.595,2.051,12.11,4.053,21.523,0.622,0.142
2026-09-09,12,2026090812,VTSE,16.47,13.145,16.57,5.603,17.316,2.612,17.316,0.453,0.067
2026-09-09,12,2026090812,VTSF,21.294,13.049,22.5,6.887,22.5,6.973,31.202,0.836,0.253
2026-09-09,12,2026090812,VTSG,0.246,3.102,10.1,3.69,16.164,3.025,20.455,0.542,0.084
2026-09-09,12,2026090812,VTSM,0.025,0.009,0.025,0.011,0.201,0.018,0.201,0.0,0.0
2026-09-09,12,2026090812,VTSP,0.904,0.609,1.264,1.148,6.849,4.294,31.736,0.622,0.129
2026-09-09,12,2026090812,VTSR,0.906,2.198,7.562,7.489,19.503,6.096,22.059,0.884,0.222
2026-09-09,12,2026090812,VTSS,0.077,0.547,2.685,0.946,10.247,3.02,33.108,0.342,0.12
2026-09-09,12,2026090812,VTST,0.8,1.511,3.433,3.206,9.045,6.422,27.528,0.876,0.213
2026-09-09,12,2026090812,VTSY,3.018,6.247,12.871,10.184,24.699,5.314,38.224,0.649,0.178
2026-09-09,12,2026090812,VTUD,22.643,25.366,45.835,22.429,45.835,23.292,94.74,1.0,0.733
2026-09-09,12,2026090812,VTUI,49.047,35.443,49.047,32.97,82.449,38.551,162.67,0.884,0.729
2026-09-09,12,2026090812,VTUK,46.605,36.313,58.719,31.73,94.332,13.725,94.332,0.671,0.378
2026-09-09,12,2026090812,VTUL,0.986,4.72,34.555,6.026,34.555,5.854,64.392,0.658,0.213
2026-09-09,12,2026090812,VTUO,1.322,6.676,26.535,7.697,48.192,8.397,52.169,0.524,0.236
2026-09-09,12,2026090812,VTUQ,0.918,1.434,7.033,1.635,13.234,2.218,16.909,0.338,0.08
2026-09-09,12,2026090812,VTUU,39.131,31.871,73.997,15.098,73.997,10.334,73.997,0.907,0.396
2026-09-09,12,2026090812,VTUV,7.193,11.96,25.684,15.537,46.429,13.082,63.625,0.973,0.467
2026-09-09,12,2026090812,VTUW,2.179,2.388,3.752,5.436,58.398,5.157,79.191,0.627,0.147
2026-09-09,18,2026090818,VTBD,12.063,12.322,22.407,10.516,36.146,9.07,44.788,0.867,0.364
2026-09-09,18,2026090818,VTBO,9.69,9.126,10.6,12.307,36.564,12.197,43.406,0.849,0.436
2026-09-09,18,2026090818,VTBS,1.844,1.83,3.131,4.538,14.012,8.234,45.272,0.636,0.267
2026-09-09,18,2026090818,VTCC,0.335,0.126,0.356,0.434,11.822,1.589,32.272,0.311,0.036
2026-09-09,18,2026090818,VTCH,3.936,4.101,8.551,5.158,16.188,9.181,79.316,0.773,0.267
2026-09-09,18,2026090818,VTCL,0.231,0.183,0.444,0.237,1.455,2.082,31.023,0.342,0.053
2026-09-09,18,2026090818,VTCN,0.027,0.058,0.193,0.17,1.355,1.338,42.014,0.2,0.031
2026-09-09,18,2026090818,VTCP,0.153,0.288,0.771,1.207,7.096,1.378,16.013,0.311,0.009
2026-09-09,18,2026090818,VTCT,0.328,0.264,1.138,0.268,1.138,0.616,5.773,0.182,0.0
2026-09-09,18,2026090818,VTPB,1.464,1.929,5.445,5.616,45.004,4.508,64.439,0.449,0.124
2026-09-09,18,2026090818,VTPH,0.0,0.035,0.314,0.043,0.371,0.19,2.807,0.044,0.0
2026-09-09,18,2026090818,VTPM,3.417,3.194,5.307,3.358,8.3,4.887,36.757,0.924,0.116
2026-09-09,18,2026090818,VTPO,1.247,3.113,6.94,5.602,19.211,5.055,28.608,0.813,0.156
2026-09-09,18,2026090818,VTPP,0.021,0.068,0.227,0.595,5.053,1.503,21.336,0.227,0.044
2026-09-09,18,2026090818,VTSB,0.009,0.007,0.032,0.081,0.842,0.679,9.621,0.133,0.0
2026-09-09,18,2026090818,VTSC,9.108,7.463,18.283,4.668,18.483,4.087,24.16,0.604,0.138
2026-09-09,18,2026090818,VTSE,0.075,1.284,3.832,0.658,4.264,1.078,10.887,0.258,0.009
2026-09-09,18,2026090818,VTSF,4.285,3.1,6.844,6.461,18.391,7.404,46.671,0.827,0.276
2026-09-09,18,2026090818,VTSG,0.005,0.426,0.88,1.481,8.761,1.988,18.225,0.507,0.027
2026-09-09,18,2026090818,VTSM,0.142,0.106,0.269,0.054,0.485,0.025,1.003,0.004,0.0
2026-09-09,18,2026090818,VTSP,9.886,5.641,9.886,5.362,17.219,5.348,22.716,0.871,0.169
2026-09-09,18,2026090818,VTSR,1.075,3.873,10.24,5.445,16.815,5.617,25.754,0.84,0.187
2026-09-09,18,2026090818,VTSS,0.06,0.248,0.656,1.588,12.219,2.95,31.667,0.387,0.116
2026-09-09,18,2026090818,VTST,1.841,1.951,5.751,5.703,30.71,5.054,30.71,0.636,0.209
2026-09-09,18,2026090818,VTSY,26.858,21.07,28.106,15.673,30.448,8.721,31.185,0.751,0.351
2026-09-09,18,2026090818,VTUD,22.859,21.683,52.765,17.708,52.765,18.175,83.496,0.893,0.56
2026-09-09,18,2026090818,VTUI,12.617,15.613,30.126,12.951,55.401,10.439,55.401,0.88,0.364
2026-09-09,18,2026090818,VTUK,1.282,4.711,23.622,2.809,23.622,5.476,66.885,0.516,0.196
2026-09-09,18,2026090818,VTUL,15.795,12.033,24.492,9.887,60.523,12.97,64.086,0.924,0.404
2026-09-09,18,2026090818,VTUO,0.217,0.572,1.175,1.129,4.9,1.985,21.824,0.4,0.036
2026-09-09,18,2026090818,VTUQ,0.256,0.243,0.449,0.224,0.627,0.215,2.172,0.027,0.0
2026-09-09,18,2026090818,VTUU,12.202,19.225,47.319,24.277,78.153,22.688,78.153,0.929,0.684
2026-09-09,18,2026090818,VTUV,20.685,20.833,34.697,18.651,56.625,25.458,161.829,1.0,0.707
2026-09-09,18,2026090818,VTUW,9.705,15.183,40.226,14.536,40.226,13.727,50.669,0.964,0.476
2026-09-10,00,2026090900,VTBD,1.7,1.543,2.251,1.447,10.575,2.563,28.571,0.547,0.058
2026-09-10,00,2026090900,VTBO,19.257,16.84,34.795,13.725,35.897,11.174,51.738,0.938,0.458
2026-09-10,00,2026090900,VTBS,1.537,0.96,1.537,1.076,4.863,1.499,11.966,0.542,0.004
2026-09-10,00,2026090900,VTCC,9.18,16.734,36.298,14.845,38.135,11.287,48.596,0.933,0.431
2026-09-10,00,2026090900,VTCH,4.795,6.949,11.226,8.112,23.173,9.243,41.313,0.996,0.311
2026-09-10,00,2026090900,VTCL,9.42,14.932,28.479,18.1,66.193,16.151,66.193,0.929,0.556
2026-09-10,00,2026090900,VTCN,21.976,18.797,24.709,15.324,39.225,9.55,51.89,0.813,0.378
2026-09-10,00,2026090900,VTCP,11.258,11.818,19.015,12.96,36.177,14.12,74.74,0.987,0.556
2026-09-10,00,2026090900,VTCT,27.352,26.579,37.149,29.91,58.363,34.925,109.544,1.0,1.0
2026-09-10,00,2026090900,VTPB,24.175,26.68,30.805,22.654,42.889,34.997,135.319,1.0,0.911
2026-09-10,00,2026090900,VTPH,18.483,19.189,25.532,16.113,25.885,10.138,25.885,0.933,0.453
2026-09-10,00,2026090900,VTPM,1.531,1.898,4.916,2.01,27.558,2.087,27.558,0.32,0.062
2026-09-10,00,2026090900,VTPO,0.084,0.882,2.526,3.211,29.692,3.591,31.57,0.653,0.089
2026-09-10,00,2026090900,VTPP,0.012,0.046,0.094,0.601,3.718,4.251,32.152,0.467,0.156
2026-09-10,00,2026090900,VTSB,9.569,4.295,9.569,1.513,9.569,0.467,9.569,0.129,0.0
2026-09-10,00,2026090900,VTSC,1.578,3.387,9.431,6.165,29.903,8.941,46.592,0.813,0.329
2026-09-10,00,2026090900,VTSE,0.662,3.639,14.429,8.001,19.235,5.32,19.235,0.769,0.209
2026-09-10,00,2026090900,VTSF,0.069,0.097,0.29,0.155,0.901,1.276,13.547,0.347,0.009
2026-09-10,00,2026090900,VTSG,0.042,0.614,1.317,3.504,20.016,2.794,20.016,0.578,0.076
2026-09-10,00,2026090900,VTSM,0.02,0.078,0.243,0.723,6.757,0.654,14.502,0.12,0.018
2026-09-10,00,2026090900,VTSP,0.374,1.977,3.186,2.421,12.03,3.432,14.828,0.702,0.058
2026-09-10,00,2026090900,VTSR,0.135,0.621,2.061,2.149,7.487,3.853,18.847,0.738,0.111
2026-09-10,00,2026090900,VTSS,0.353,0.171,0.405,0.437,3.693,1.476,19.37,0.316,0.018
2026-09-10,00,2026090900,VTST,0.807,1.285,3.664,3.626,25.178,6.222,29.468,0.72,0.222
2026-09-10,00,2026090900,VTSY,13.159,17.742,23.747,11.623,29.947,6.464,36.266,0.724,0.24
2026-09-10,00,2026090900,VTUD,10.971,14.296,24.396,13.832,24.709,15.481,66.383,0.991,0.524
2026-09-10,00,2026090900,VTUI,0.615,2.347,9.589,2.774,10.48,1.624,10.48,0.4,0.009
2026-09-10,00,2026090900,VTUK,3.297,6.059,10.685,8.826,25.289,15.119,73.299,0.991,0.529
2026-09-10,00,2026090900,VTUL,30.056,35.615,42.477,43.675,91.971,40.531,106.214,1.0,0.982
2026-09-10,00,2026090900,VTUO,0.352,0.715,1.673,2.437,29.508,7.046,63.326,0.827,0.178
2026-09-10,00,2026090900,VTUQ,40.815,48.078,72.213,54.459,104.266,46.594,140.477,1.0,0.938
2026-09-10,00,2026090900,VTUU,11.247,12.67,22.579,19.849,104.208,12.901,104.208,0.929,0.378
2026-09-10,00,2026090900,VTUV,8.695,15.709,44.238,18.864,51.638,20.584,103.128,0.987,0.747
2026-09-10,00,2026090900,VTUW,0.0,0.003,0.014,0.1,2.371,1.283,9.493,0.333,0.0
2026-09-10,06,2026090906,VTBD,16.199,19.001,37.073,22.096,53.853,14.538,54.628,0.884,0.533
2026-09-10,06,2026090906,VTBO,10.689,15.73,20.598,22.297,46.72,21.219,55.021,1.0,0.831
2026-09-10,06,2026090906,VTBS,4.953,5.455,7.421,12.486,59.048,31.587,201.242,0.947,0.627
2026-09-10,06,2026090906,VTCC,20.572,17.976,20.863,20.87,41.679,27.802,71.96,1.0,0.969
2026-09-10,06,2026090906,VTCH,11.733,9.104,14.923,8.25,17.083,11.168,88.841,1.0,0.387
2026-09-10,06,2026090906,VTCL,2.65,6.443,17.222,13.652,39.587,12.52,58.134,0.938,0.453
2026-09-10,06,2026090906,VTCN,4.025,4.009,5.636,4.374,14.259,6.985,46.196,0.889,0.249
2026-09-10,06,2026090906,VTCP,4.868,6.948,14.929,4.223,21.699,3.84,36.041,0.52,0.133
2026-09-10,06,2026090906,VTCT,4.733,7.32,15.887,10.207,28.767,17.653,85.645,0.996,0.6
2026-09-10,06,2026090906,VTPB,15.886,12.898,20.314,13.851,36.595,11.984,60.803,0.942,0.458
2026-09-10,06,2026090906,VTPH,4.667,5.357,12.585,9.598,37.434,13.687,66.385,0.796,0.458
2026-09-10,06,2026090906,VTPM,0.359,0.516,1.031,1.37,8.477,5.126,38.964,0.533,0.173
2026-09-10,06,2026090906,VTPO,8.498,9.61,18.589,17.71,61.514,17.021,61.514,0.96,0.622
2026-09-10,06,2026090906,VTPP,9.256,11.241,25.925,6.963,27.045,8.069,57.76,0.938,0.204
2026-09-10,06,2026090906,VTSB,5.034,2.436,9.022,1.625,16.036,1.512,25.171,0.258,0.036
2026-09-10,06,2026090906,VTSC,20.693,22.822,34.318,18.613,44.189,12.093,44.189,0.964,0.507
2026-09-10,06,2026090906,VTSE,22.832,12.835,26.867,8.857,26.867,5.15,26.867,0.764,0.187
2026-09-10,06,2026090906,VTSF,0.003,0.021,0.066,0.292,3.662,4.077,23.115,0.502,0.169
2026-09-10,06,2026090906,VTSG,20.199,21.238,33.347,15.315,33.347,9.92,33.347,0.969,0.422
2026-09-10,06,2026090906,VTSM,0.612,0.694,0.937,1.896,7.32,2.99,26.648,0.489,0.076
2026-09-10,06,2026090906,VTSP,1.916,1.482,2.673,1.993,5.55,3.11,16.047,0.716,0.044
2026-09-10,06,2026090906,VTSR,5.454,9.2,18.424,14.528,26.969,10.368,33.726,0.987,0.431
2026-09-10,06,2026090906,VTSS,0.091,0.151,0.594,0.241,2.09,2.46,53.655,0.253,0.071
2026-09-10,06,2026090906,VTST,1.151,2.298,5.385,4.61,28.448,8.44,40.677,0.942,0.293
2026-09-10,06,2026090906,VTSY,21.703,12.716,21.703,10.277,25.513,6.74,52.147,0.738,0.249
2026-09-10,06,2026090906,VTUD,0.0,0.031,0.08,0.084,0.79,0.449,5.834,0.124,0.0
2026-09-10,06,2026090906,VTUI,0.36,0.39,0.666,0.451,3.174,1.126,9.946,0.28,0.0
2026-09-10,06,2026090906,VTUK,15.204,10.488,17.524,8.493,23.241,4.74,23.241,0.729,0.133
2026-09-10,06,2026090906,VTUL,6.409,5.073,6.628,4.837,19.645,9.962,55.307,0.969,0.298
2026-09-10,06,2026090906,VTUO,7.629,8.115,11.252,4.68,11.252,4.366,22.169,0.698,0.12
2026-09-10,06,2026090906,VTUQ,30.574,27.022,51.499,24.514,52.454,20.979,89.195,1.0,0.791
2026-09-10,06,2026090906,VTUU,7.086,5.993,8.677,5.31,16.546,4.607,26.641,0.747,0.142
2026-09-10,06,2026090906,VTUV,3.022,2.162,6.309,1.74,9.201,1.99,34.078,0.311,0.049
2026-09-10,06,2026090906,VTUW,0.0,0.01,0.086,0.139,2.112,0.498,4.534,0.169,0.0
2026-09-10,12,2026090912,VTBD,28.828,29.503,40.325,32.477,77.983,25.18,77.983,0.973,0.711
2026-09-10,12,2026090912,VTBO,61.163,65.009,72.369,62.281,77.207,52.944,100.162,1.0,1.0
2026-09-10,12,2026090912,VTBS,57.138,41.841,75.422,26.225,75.422,23.572,75.869,1.0,0.68
2026-09-10,12,2026090912,VTCC,29.477,22.808,30.652,25.518,56.809,24.528,56.809,1.0,0.92
2026-09-10,12,2026090912,VTCH,19.583,23.367,44.571,23.026,59.068,19.026,65.294,1.0,0.773
2026-09-10,12,2026090912,VTCL,32.215,30.76,41.95,22.241,43.889,18.271,43.889,1.0,0.778
2026-09-10,12,2026090912,VTCN,11.419,9.297,11.419,8.71,19.372,16.057,45.937,1.0,0.64
2026-09-10,12,2026090912,VTCP,3.374,1.398,4.07,1.235,10.597,2.781,30.756,0.458,0.071
2026-09-10,12,2026090912,VTCT,21.513,26.576,33.095,35.231,80.441,38.961,103.654,1.0,0.982
2026-09-10,12,2026090912,VTPB,2.302,3.711,8.963,4.553,20.638,5.022,28.127,0.733,0.138
2026-09-10,12,2026090912,VTPH,16.615,16.138,22.767,10.838,25.709,16.335,101.597,0.88,0.524
2026-09-10,12,2026090912,VTPM,0.146,0.068,0.146,0.535,7.053,0.981,14.456,0.222,0.009
2026-09-10,12,2026090912,VTPO,0.116,0.161,0.325,1.033,13.855,5.545,47.435,0.511,0.204
2026-09-10,12,2026090912,VTPP,0.678,0.658,1.54,0.499,1.933,0.441,1.933,0.107,0.0
2026-09-10,12,2026090912,VTSB,0.087,0.301,1.088,0.396,6.255,0.794,10.693,0.164,0.004
2026-09-10,12,2026090912,VTSC,28.834,25.189,35.683,19.689,42.078,17.42,69.998,0.933,0.573
2026-09-10,12,2026090912,VTSE,6.409,8.09,20.787,7.06,22.948,5.05,22.948,0.636,0.213
2026-09-10,12,2026090912,VTSF,0.683,0.602,1.136,0.738,3.2,5.48,37.651,0.524,0.169
2026-09-10,12,2026090912,VTSG,0.095,0.364,0.805,1.251,7.439,2.545,13.223,0.578,0.04
2026-09-10,12,2026090912,VTSM,0.004,0.021,0.075,0.07,0.304,0.238,2.962,0.062,0.0
2026-09-10,12,2026090912,VTSP,2.576,2.059,3.598,4.133,14.491,3.6,22.781,0.64,0.111
2026-09-10,12,2026090912,VTSR,3.255,4.386,10.586,5.054,18.11,4.439,19.039,0.876,0.08
2026-09-10,12,2026090912,VTSS,0.0,0.011,0.038,0.02,0.181,1.076,30.011,0.107,0.036
2026-09-10,12,2026090912,VTST,0.167,0.668,1.657,2.029,5.774,3.392,15.895,0.738,0.062
2026-09-10,12,2026090912,VTSY,34.002,29.251,44.466,26.753,65.597,15.98,65.597,0.969,0.564
2026-09-10,12,2026090912,VTUD,0.959,1.436,4.31,2.505,9.092,3.363,13.511,0.52,0.107
2026-09-10,12,2026090912,VTUI,0.044,0.031,0.052,0.431,4.537,0.214,4.537,0.058,0.0
2026-09-10,12,2026090912,VTUK,7.509,8.916,16.21,9.535,18.988,11.902,43.151,0.991,0.489
2026-09-10,12,2026090912,VTUL,54.244,51.293,57.213,40.319,57.213,26.006,64.497,1.0,0.889
2026-09-10,12,2026090912,VTUO,10.125,11.779,15.4,13.518,24.227,10.46,30.365,0.987,0.48
2026-09-10,12,2026090912,VTUQ,24.215,16.361,24.215,14.772,26.038,17.954,58.822,1.0,0.693
2026-09-10,12,2026090912,VTUU,10.988,13.126,21.671,17.281,50.049,16.784,84.787,0.902,0.582
2026-09-10,12,2026090912,VTUV,6.45,6.121,12.413,6.527,20.709,6.841,30.519,0.724,0.302
2026-09-10,12,2026090912,VTUW,0.068,0.247,0.745,1.683,13.939,2.942,26.936,0.373,0.107
2026-09-10,18,2026090918,VTBD,0.041,0.085,0.283,0.357,3.897,0.345,3.918,0.062,0.0
2026-09-10,18,2026090918,VTBO,6.773,7.328,16.578,9.026,32.024,16.384,78.89,1.0,0.542
2026-09-10,18,2026090918,VTBS,0.492,0.41,0.708,0.422,0.987,0.285,1.993,0.009,0.0
2026-09-10,18,2026090918,VTCC,13.562,16.023,22.753,16.364,28.406,16.131,49.606,1.0,0.764
2026-09-10,18,2026090918,VTCH,12.537,13.891,22.244,12.302,38.66,12.765,52.794,0.991,0.436
2026-09-10,18,2026090918,VTCL,1.13,0.877,1.185,1.618,4.612,6.584,42.366,0.8,0.227
2026-09-10,18,2026090918,VTCN,12.484,12.37,14.651,14.17,24.02,12.099,33.649,1.0,0.596
2026-09-10,18,2026090918,VTCP,6.96,6.543,16.029,6.067,20.109,9.829,39.352,1.0,0.293
2026-09-10,18,2026090918,VTCT,21.379,26.473,50.593,36.619,123.059,33.629,129.414,1.0,0.684
2026-09-10,18,2026090918,VTPB,6.262,7.043,9.385,11.459,27.396,15.857,48.803,1.0,0.676
2026-09-10,18,2026090918,VTPH,9.874,10.52,15.33,11.807,27.021,15.318,46.43,0.956,0.644
2026-09-10,18,2026090918,VTPM,0.008,0.018,0.038,0.483,13.723,1.659,25.996,0.284,0.044
2026-09-10,18,2026090918,VTPO,8.463,9.854,17.061,13.588,29.711,18.534,133.737,1.0,0.604
2026-09-10,18,2026090918,VTPP,0.281,0.825,1.683,1.302,8.011,3.018,31.673,0.493,0.089
2026-09-10,18,2026090918,VTSB,1.619,2.483,6.304,1.191,6.359,0.698,6.854,0.209,0.0
2026-09-10,18,2026090918,VTSC,7.257,8.34,17.043,6.912,23.885,5.76,25.92,0.822,0.196
2026-09-10,18,2026090918,VTSE,9.361,6.609,12.366,4.761,17.668,6.556,44.777,0.769,0.236
2026-09-10,18,2026090918,VTSF,0.693,1.572,4.471,2.557,10.213,13.693,101.211,0.671,0.347
2026-09-10,18,2026090918,VTSG,0.657,1.693,6.622,1.155,6.622,1.695,12.436,0.431,0.022
2026-09-10,18,2026090918,VTSM,0.082,0.053,0.187,0.203,0.792,0.617,14.029,0.116,0.009
2026-09-10,18,2026090918,VTSP,0.151,0.68,1.316,2.871,7.582,3.69,17.825,0.769,0.04
2026-09-10,18,2026090918,VTSR,7.597,5.217,10.524,7.785,21.273,6.84,24.076,0.876,0.276
2026-09-10,18,2026090918,VTSS,0.107,0.108,0.197,0.265,3.093,2.419,47.648,0.262,0.071
2026-09-10,18,2026090918,VTST,0.006,0.025,0.052,0.437,3.874,4.193,43.682,0.431,0.164
2026-09-10,18,2026090918,VTSY,20.756,16.69,23.216,13.015,24.997,8.507,34.438,0.933,0.324
2026-09-10,18,2026090918,VTUD,1.066,1.129,2.088,1.246,4.072,2.252,12.823,0.653,0.018
2026-09-10,18,2026090918,VTUI,1.334,1.358,2.686,2.449,11.236,2.83,16.288,0.591,0.062
2026-09-10,18,2026090918,VTUK,8.612,11.767,18.31,11.493,29.761,13.819,74.752,1.0,0.48
2026-09-10,18,2026090918,VTUL,20.051,23.375,38.611,25.779,58.779,26.505,92.372,1.0,0.769
2026-09-10,18,2026090918,VTUO,46.012,33.864,46.012,23.801,46.012,19.232,54.514,1.0,0.813
2026-09-10,18,2026090918,VTUQ,7.454,9.048,15.913,10.411,31.738,11.439,34.822,0.996,0.48
2026-09-10,18,2026090918,VTUU,8.763,8.356,15.662,6.677,39.832,4.047,43.958,0.511,0.124
2026-09-10,18,2026090918,VTUV,0.028,0.088,0.362,0.763,7.018,1.192,8.297,0.364,0.0
2026-09-10,18,2026090918,VTUW,6.757,7.816,12.297,10.239,35.684,10.402,53.313,0.809,0.356
2026-09-11,00,2026091000,VTBD,2.463,2.633,6.893,2.427,10.977,2.97,20.614,0.569,0.071
2026-09-11,00,2026091000,VTBO,31.506,34.077,44.154,31.082,106.776,21.017,167.153,0.907,0.542
2026-09-11,00,2026091000,VTBS,1.217,1.984,3.744,1.998,16.947,3.802,28.678,0.507,0.142
2026-09-11,00,2026091000,VTCC,6.647,6.388,13.187,7.111,17.06,5.449,18.569,0.884,0.2
2026-09-11,00,2026091000,VTCH,15.612,12.489,25.648,7.755,26.939,5.568,37.313,0.796,0.16
2026-09-11,00,2026091000,VTCL,0.452,0.923,3.38,1.481,6.786,0.71,7.163,0.169,0.0
2026-09-11,00,2026091000,VTCN,7.273,6.063,8.944,5.654,11.833,3.248,14.47,0.693,0.031
2026-09-11,00,2026091000,VTCP,0.0,0.0,0.0,0.003,0.052,0.021,0.857,0.0,0.0
2026-09-11,00,2026091000,VTCT,46.312,49.895,69.381,36.9,69.381,23.093,70.532,0.96,0.676
2026-09-11,00,2026091000,VTPB,1.017,2.011,5.756,3.94,20.562,2.468,22.351,0.378,0.084
2026-09-11,00,2026091000,VTPH,0.177,0.327,1.25,1.063,6.961,3.654,58.813,0.378,0.089
2026-09-11,00,2026091000,VTPM,20.916,21.311,26.891,17.979,47.905,10.428,47.93,0.684,0.378
2026-09-11,00,2026091000,VTPO,2.912,3.683,6.526,2.83,11.794,2.85,35.735,0.409,0.076
2026-09-11,00,2026091000,VTPP,0.563,2.12,8.906,1.27,8.906,1.259,10.427,0.36,0.004
2026-09-11,00,2026091000,VTSB,2.267,3.319,7.563,3.013,12.331,3.381,31.555,0.444,0.116
2026-09-11,00,2026091000,VTSC,14.103,15.904,28.467,13.944,33.404,10.459,34.012,0.853,0.418
2026-09-11,00,2026091000,VTSE,0.087,0.053,0.107,0.117,1.016,1.211,19.558,0.231,0.022
2026-09-11,00,2026091000,VTSF,0.292,1.939,8.193,4.663,19.737,6.113,38.41,0.72,0.24
2026-09-11,00,2026091000,VTSG,0.056,0.049,0.126,0.547,11.493,1.63,13.988,0.293,0.062
2026-09-11,00,2026091000,VTSM,0.167,0.291,0.71,0.418,2.227,1.085,16.213,0.178,0.027
2026-09-11,00,2026091000,VTSP,1.185,0.872,1.361,0.857,2.513,1.108,8.81,0.373,0.0
2026-09-11,00,2026091000,VTSR,19.466,18.882,30.313,19.835,35.388,15.213,60.408,1.0,0.604
2026-09-11,00,2026091000,VTSS,6.443,10.823,28.837,11.832,29.284,9.771,29.302,0.933,0.422
2026-09-11,00,2026091000,VTST,3.479,3.374,7.136,2.603,9.34,5.122,27.113,0.551,0.204
2026-09-11,00,2026091000,VTSY,3.341,8.914,24.624,21.227,62.894,33.678,111.346,1.0,0.809
2026-09-11,00,2026091000,VTUD,0.063,0.195,0.618,0.733,5.516,0.859,8.689,0.222,0.0
2026-09-11,00,2026091000,VTUI,0.22,0.237,0.495,0.34,1.412,0.496,4.307,0.16,0.0
2026-09-11,00,2026091000,VTUK,0.197,0.127,0.309,0.087,0.444,0.088,1.688,0.013,0.0
2026-09-11,00,2026091000,VTUL,0.006,0.011,0.036,0.064,0.749,0.366,11.365,0.089,0.004
2026-09-11,00,2026091000,VTUO,0.001,0.025,0.156,0.136,1.519,0.524,7.815,0.129,0.0
2026-09-11,00,2026091000,VTUQ,0.313,0.394,0.914,0.248,0.914,0.535,4.329,0.142,0.0
2026-09-11,00,2026091000,VTUU,0.022,0.055,0.175,0.121,1.066,0.55,6.091,0.173,0.0
2026-09-11,00,2026091000,VTUV,0.0,0.0,0.001,0.0,0.001,0.018,0.553,0.0,0.0
2026-09-11,00,2026091000,VTUW,0.001,0.163,0.873,0.348,3.084,0.111,3.084,0.027,0.0
2026-09-11,06,2026091006,VTBD,0.023,0.092,0.213,0.088,0.45,0.516,8.169,0.129,0.0
2026-09-11,06,2026091006,VTBO,1.389,2.487,5.682,10.945,50.711,14.623,63.207,0.769,0.422
2026-09-11,06,2026091006,VTBS,0.0,0.036,0.252,0.113,1.122,0.155,10.085,0.013,0.004
2026-09-11,06,2026091006,VTCC,0.006,0.048,0.197,0.232,1.271,0.848,15.442,0.173,0.018
2026-09-11,06,2026091006,VTCH,0.083,0.373,1.209,0.371,3.413,0.928,16.832,0.191,0.022
2026-09-11,06,2026091006,VTCL,0.281,0.188,0.305,0.341,1.424,0.653,11.216,0.124,0.004
2026-09-11,06,2026091006,VTCN,8.167,6.649,12.823,5.343,15.579,3.252,17.601,0.609,0.076
2026-09-11,06,2026091006,VTCP,0.005,0.066,0.209,0.065,0.519,0.078,1.57,0.009,0.0
2026-09-11,06,2026091006,VTCT,2.256,1.09,3.573,0.677,3.961,1.551,20.174,0.391,0.036
2026-09-11,06,2026091006,VTPB,1.277,2.294,5.724,2.663,10.262,1.266,11.294,0.307,0.013
2026-09-11,06,2026091006,VTPH,0.794,0.959,1.748,2.618,13.881,9.481,41.954,0.778,0.364
2026-09-11,06,2026091006,VTPM,6.639,5.61,7.559,3.456,7.559,2.529,8.57,0.711,0.0
2026-09-11,06,2026091006,VTPO,0.004,0.081,0.452,0.129,1.015,0.21,5.239,0.044,0.0
2026-09-11,06,2026091006,VTPP,0.402,0.555,1.435,0.369,1.81,1.379,9.754,0.347,0.0
2026-09-11,06,2026091006,VTSB,2.068,1.677,5.567,1.742,12.821,3.022,41.267,0.32,0.102
2026-09-11,06,2026091006,VTSC,2.371,4.112,13.421,6.351,19.63,11.693,61.589,0.911,0.431
2026-09-11,06,2026091006,VTSE,0.269,0.206,0.467,0.234,1.889,1.727,21.263,0.271,0.049
2026-09-11,06,2026091006,VTSF,2.54,3.717,5.849,3.283,9.839,10.567,72.34,0.862,0.236
2026-09-11,06,2026091006,VTSG,0.113,0.199,0.521,0.773,9.578,1.938,11.997,0.449,0.018
2026-09-11,06,2026091006,VTSM,0.472,0.754,1.969,1.586,12.413,3.353,23.498,0.551,0.093
2026-09-11,06,2026091006,VTSP,0.617,0.606,0.985,1.214,5.469,2.49,12.198,0.649,0.018
2026-09-11,06,2026091006,VTSR,28.55,27.486,43.356,30.516,64.167,25.195,64.167,1.0,0.916
2026-09-11,06,2026091006,VTSS,0.516,1.967,4.594,7.237,31.334,13.43,55.502,0.818,0.476
2026-09-11,06,2026091006,VTST,0.064,0.278,0.752,2.689,14.118,4.361,33.819,0.782,0.098
2026-09-11,06,2026091006,VTSY,4.862,5.224,13.468,6.017,31.14,7.169,31.14,0.836,0.262
2026-09-11,06,2026091006,VTUD,0.0,0.0,0.0,0.0,0.0,0.064,1.089,0.013,0.0
2026-09-11,06,2026091006,VTUI,0.012,0.138,0.651,0.729,4.311,0.744,5.36,0.244,0.0
2026-09-11,06,2026091006,VTUK,0.06,0.078,0.182,0.212,1.07,0.587,9.055,0.098,0.0
2026-09-11,06,2026091006,VTUL,0.0,0.004,0.02,0.134,0.974,0.157,2.941,0.031,0.0
2026-09-11,06,2026091006,VTUO,1.02,0.835,1.271,0.496,1.615,2.01,18.272,0.418,0.044
2026-09-11,06,2026091006,VTUQ,0.855,0.976,1.787,1.219,6.022,1.112,6.022,0.373,0.0
2026-09-11,06,2026091006,VTUU,0.001,0.004,0.014,0.042,0.846,0.263,5.414,0.062,0.0
2026-09-11,06,2026091006,VTUV,6.552,4.99,9.263,3.4,12.022,1.715,12.022,0.298,0.031
2026-09-11,06,2026091006,VTUW,0.164,0.334,1.614,0.333,2.075,0.149,2.075,0.067,0.0
2026-09-11,12,2026091012,VTBD,13.958,10.228,19.533,8.027,19.533,8.634,41.642,0.916,0.32
2026-09-11,12,2026091012,VTBO,0.022,0.028,0.049,0.109,1.138,1.428,29.578,0.2,0.04
2026-09-11,12,2026091012,VTBS,2.006,3.278,8.183,6.477,19.562,5.183,23.184,0.804,0.173
2026-09-11,12,2026091012,VTCC,0.047,0.186,0.473,1.746,15.649,2.809,15.649,0.556,0.067
2026-09-11,12,2026091012,VTCH,0.178,0.357,1.387,0.853,3.913,2.009,21.142,0.418,0.044
2026-09-11,12,2026091012,VTCL,0.01,0.003,0.01,0.03,0.447,0.102,1.754,0.022,0.0
2026-09-11,12,2026091012,VTCN,1.57,2.824,9.453,1.046,9.453,1.291,9.453,0.396,0.0
2026-09-11,12,2026091012,VTCP,0.0,0.001,0.008,0.008,0.136,0.15,4.462,0.04,0.0
2026-09-11,12,2026091012,VTCT,4.314,5.28,8.478,5.386,11.202,4.704,27.556,0.871,0.102
2026-09-11,12,2026091012,VTPB,0.035,0.022,0.046,0.593,4.969,1.228,13.561,0.258,0.013
2026-09-11,12,2026091012,VTPH,5.739,2.913,9.722,2.301,12.827,4.504,31.732,0.716,0.142
2026-09-11,12,2026091012,VTPM,0.038,0.083,0.204,0.167,0.802,0.481,8.606,0.107,0.0
2026-09-11,12,2026091012,VTPO,0.078,0.025,0.083,0.021,0.194,0.076,0.846,0.0,0.0
2026-09-11,12,2026091012,VTPP,2.566,1.788,2.68,0.95,3.338,0.917,12.154,0.293,0.004
2026-09-11,12,2026091012,VTSB,0.025,0.761,5.185,0.841,8.599,0.978,11.584,0.267,0.004
2026-09-11,12,2026091012,VTSC,44.84,36.313,56.116,22.707,56.116,19.922,64.533,1.0,0.764
2026-09-11,12,2026091012,VTSE,0.131,0.076,0.227,0.141,0.534,1.429,14.167,0.338,0.013
2026-09-11,12,2026091012,VTSF,2.075,2.888,5.75,4.154,11.567,8.273,43.631,0.72,0.356
2026-09-11,12,2026091012,VTSG,0.582,0.555,1.346,2.005,8.861,4.651,30.859,0.693,0.12
2026-09-11,12,2026091012,VTSM,0.173,0.613,2.218,1.262,6.636,1.615,11.909,0.356,0.009
2026-09-11,12,2026091012,VTSP,6.703,5.598,8.693,5.121,9.914,3.914,12.602,0.898,0.018
2026-09-11,12,2026091012,VTSR,25.486,21.996,39.158,20.155,39.158,17.507,50.757,0.951,0.702
2026-09-11,12,2026091012,VTSS,1.075,2.645,7.796,8.062,26.147,9.971,55.601,0.791,0.413
2026-09-11,12,2026091012,VTST,9.369,8.287,13.359,7.168,24.372,13.042,72.547,0.956,0.351
2026-09-11,12,2026091012,VTSY,9.349,8.89,14.992,9.15,22.394,12.006,33.308,0.991,0.538
2026-09-11,12,2026091012,VTUD,0.006,0.035,0.213,0.2,1.195,0.761,9.999,0.16,0.0
2026-09-11,12,2026091012,VTUI,0.781,0.686,1.848,0.717,4.017,0.609,7.453,0.191,0.0
2026-09-11,12,2026091012,VTUK,0.463,0.273,0.786,0.197,2.29,0.455,3.536,0.142,0.0
2026-09-11,12,2026091012,VTUL,0.236,0.143,0.311,0.111,0.819,0.276,5.016,0.062,0.0
2026-09-11,12,2026091012,VTUO,0.724,0.474,0.804,0.299,1.452,0.479,2.346,0.16,0.0
2026-09-11,12,2026091012,VTUQ,0.184,1.168,3.54,0.91,5.107,1.424,6.659,0.449,0.0
2026-09-11,12,2026091012,VTUU,0.18,0.176,0.479,0.474,3.139,1.217,9.235,0.329,0.0
2026-09-11,12,2026091012,VTUV,0.0,0.0,0.001,0.034,0.235,0.292,5.191,0.08,0.0
2026-09-11,12,2026091012,VTUW,0.406,0.308,0.691,0.127,0.691,0.07,1.257,0.004,0.0
2026-09-11,18,2026091018,VTBD,7.77,8.991,11.897,9.412,17.45,10.512,33.494,1.0,0.391
2026-09-11,18,2026091018,VTBO,1.866,4.51,12.456,3.045,16.947,2.625,26.771,0.387,0.084
2026-09-11,18,2026091018,VTBS,9.641,11.311,20.095,11.942,25.474,14.492,45.487,1.0,0.573
2026-09-11,18,2026091018,VTCC,1.12,2.197,4.311,3.187,15.908,6.585,42.066,0.738,0.218
2026-09-11,18,2026091018,VTCH,5.676,4.146,8.468,2.354,8.468,1.875,17.656,0.556,0.009
2026-09-11,18,2026091018,VTCL,0.063,0.067,0.285,0.293,2.781,0.679,9.812,0.191,0.0
2026-09-11,18,2026091018,VTCN,1.629,3.232,7.459,6.303,22.865,4.764,27.457,0.716,0.151
2026-09-11,18,2026091018,VTCP,0.005,0.05,0.308,0.05,0.308,0.067,2.275,0.009,0.0
2026-09-11,18,2026091018,VTCT,1.339,0.983,1.794,2.206,14.907,2.51,14.907,0.653,0.022
2026-09-11,18,2026091018,VTPB,2.858,3.242,4.221,2.91,6.326,2.524,10.135,0.609,0.004
2026-09-11,18,2026091018,VTPH,0.318,0.272,0.572,0.121,0.572,0.229,2.515,0.053,0.0
2026-09-11,18,2026091018,VTPM,14.987,12.928,16.826,7.598,16.826,6.631,20.252,1.0,0.164
2026-09-11,18,2026091018,VTPO,0.014,0.347,1.521,1.745,7.408,1.074,9.996,0.231,0.0
2026-09-11,18,2026091018,VTPP,0.964,0.82,1.628,1.786,6.185,1.779,10.202,0.444,0.004
2026-09-11,18,2026091018,VTSB,5.791,2.865,6.409,1.424,9.184,1.454,27.537,0.32,0.022
2026-09-11,18,2026091018,VTSC,24.291,27.148,44.273,32.853,93.592,33.046,104.841,1.0,0.889
2026-09-11,18,2026091018,VTSE,0.008,0.039,0.093,0.271,2.216,0.842,7.172,0.293,0.0
2026-09-11,18,2026091018,VTSF,0.688,6.35,24.045,11.107,26.954,11.931,27.388,0.964,0.551
2026-09-11,18,2026091018,VTSG,2.637,3.375,7.93,3.196,11.406,2.81,18.599,0.716,0.027
2026-09-11,18,2026091018,VTSM,1.971,4.581,13.397,5.683,18.153,5.511,23.82,0.858,0.151
2026-09-11,18,2026091018,VTSP,4.408,6.811,20.01,9.956,29.461,8.018,29.461,0.942,0.307
2026-09-11,18,2026091018,VTSR,8.868,13.27,37.884,17.322,51.726,18.846,75.172,0.996,0.609
2026-09-11,18,2026091018,VTSS,8.039,13.028,31.117,19.221,59.929,16.023,61.79,0.916,0.587
2026-09-11,18,2026091018,VTST,17.983,13.527,26.271,7.227,26.419,12.328,87.846,0.72,0.364
2026-09-11,18,2026091018,VTSY,28.146,27.989,34.71,22.667,45.122,17.174,48.356,0.982,0.671
2026-09-11,18,2026091018,VTUD,0.621,1.271,1.913,3.594,11.949,2.994,15.145,0.542,0.08
2026-09-11,18,2026091018,VTUI,0.524,0.445,0.811,0.602,2.46,0.497,3.732,0.124,0.0
2026-09-11,18,2026091018,VTUK,0.101,1.684,7.789,2.927,11.962,1.581,11.962,0.396,0.013
2026-09-11,18,2026091018,VTUL,0.023,0.01,0.044,0.047,0.787,1.089,12.885,0.191,0.022
2026-09-11,18,2026091018,VTUO,0.026,0.044,0.079,1.438,7.224,2.968,19.379,0.556,0.053
2026-09-11,18,2026091018,VTUQ,3.843,4.297,7.175,1.93,7.175,1.771,9.813,0.467,0.0
2026-09-11,18,2026091018,VTUU,0.799,1.275,3.286,5.479,24.308,7.107,29.315,0.76,0.244
2026-09-11,18,2026091018,VTUV,0.812,0.689,1.394,0.531,2.052,0.514,3.627,0.178,0.0
2026-09-11,18,2026091018,VTUW,0.012,0.017,0.039,0.108,0.784,0.172,2.553,0.04,0.0
2026-09-12,00,2026091100,VTBD,2.964,2.84,4.04,2.908,7.052,2.95,10.818,0.836,0.004
2026-09-12,00,2026091100,VTBO,2.154,2.255,4.562,1.907,7.104,8.108,72.167,0.738,0.284
2026-09-12,00,2026091100,VTBS,3.937,2.396,3.937,2.368,9.134,2.777,15.491,0.662,0.036
2026-09-12,00,2026091100,VTCC,0.284,0.047,0.284,0.076,1.831,1.159,33.154,0.173,0.031
2026-09-12,00,2026091100,VTCH,0.192,1.31,7.738,2.201,18.19,7.47,53.493,0.524,0.253
2026-09-12,00,2026091100,VTCL,0.203,1.004,3.711,0.726,8.439,0.525,8.439,0.133,0.0
2026-09-12,00,2026091100,VTCN,0.007,0.065,0.355,0.055,0.489,0.272,5.34,0.093,0.0
2026-09-12,00,2026091100,VTCP,0.007,0.148,0.607,2.351,20.157,1.142,20.157,0.204,0.031
2026-09-12,00,2026091100,VTCT,0.0,0.0,0.0,0.0,0.0,0.0,0.002,0.0,0.0
2026-09-12,00,2026091100,VTPB,0.0,0.0,0.0,0.0,0.0,0.005,0.466,0.0,0.0
2026-09-12,00,2026091100,VTPH,8.107,8.708,13.176,7.921,18.869,10.397,43.41,0.88,0.44
2026-09-12,00,2026091100,VTPM,0.261,0.303,0.827,0.229,1.146,0.164,3.474,0.031,0.0
2026-09-12,00,2026091100,VTPO,0.0,0.0,0.0,0.0,0.0,0.0,0.0,0.0,0.0
2026-09-12,00,2026091100,VTPP,0.0,0.0,0.0,0.0,0.0,0.0,0.073,0.0,0.0
2026-09-12,00,2026091100,VTSB,53.833,47.941,54.871,40.414,106.856,27.138,134.967,0.991,0.716
2026-09-12,00,2026091100,VTSC,12.722,15.391,31.858,15.928,46.643,15.3,52.588,0.973,0.533
2026-09-12,00,2026091100,VTSE,3.82,8.081,20.978,6.743,30.551,7.135,43.773,0.711,0.267
2026-09-12,00,2026091100,VTSF,0.463,1.099,3.98,3.814,25.341,7.402,73.79,0.742,0.222
2026-09-12,00,2026091100,VTSG,0.063,0.685,4.534,9.558,79.999,9.777,79.999,0.68,0.36
2026-09-12,00,2026091100,VTSM,11.735,8.667,11.735,5.253,15.605,4.005,17.171,0.769,0.071
2026-09-12,00,2026091100,VTSP,15.628,10.658,20.243,7.027,20.309,4.81,20.309,0.791,0.138
2026-09-12,00,2026091100,VTSR,20.364,27.66,54.94,24.284,54.94,28.736,104.774,0.991,0.8
2026-09-12,00,2026091100,VTSS,1.813,3.757,10.842,5.005,34.756,9.372,56.272,0.88,0.316
2026-09-12,00,2026091100,VTST,1.469,1.309,2.49,1.882,5.74,8.417,92.314,0.787,0.218
2026-09-12,00,2026091100,VTSY,16.037,20.895,30.949,27.936,59.705,21.971,100.479,0.991,0.733
2026-09-12,00,2026091100,VTUD,0.0,0.0,0.0,0.0,0.0,0.0,0.0,0.0,0.0
2026-09-12,00,2026091100,VTUI,0.002,0.01,0.052,0.019,0.12,0.019,0.425,0.0,0.0
2026-09-12,00,2026091100,VTUK,0.004,0.129,0.486,0.114,0.688,0.049,0.688,0.0,0.0
2026-09-12,00,2026091100,VTUL,0.0,0.0,0.002,0.005,0.112,0.087,3.933,0.022,0.0
2026-09-12,00,2026091100,VTUO,6.091,6.027,10.012,6.497,18.544,7.72,24.605,0.978,0.289
2026-09-12,00,2026091100,VTUQ,0.645,1.246,4.198,3.429,18.698,3.221,20.469,0.511,0.089
2026-09-12,00,2026091100,VTUU,0.134,0.17,0.323,0.206,0.521,0.208,0.836,0.0,0.0
2026-09-12,00,2026091100,VTUV,5.501,4.388,6.172,2.854,7.482,2.115,11.694,0.582,0.013
2026-09-12,00,2026091100,VTUW,0.0,0.0,0.0,0.0,0.002,0.052,1.437,0.013,0.0
2026-09-12,06,2026091106,VTBD,1.092,1.488,3.212,4.579,15.049,6.256,21.58,0.862,0.213
2026-09-12,06,2026091106,VTBO,6.584,8.172,16.276,6.314,19.935,5.824,32.4,0.738,0.187
2026-09-12,06,2026091106,VTBS,0.293,0.274,0.516,0.485,4.096,3.326,21.407,0.498,0.116
2026-09-12,06,2026091106,VTCC,1.416,1.47,5.57,0.774,5.57,1.2,20.48,0.262,0.013
2026-09-12,06,2026091106,VTCH,0.676,2.704,10.436,5.713,31.658,7.098,34.843,0.707,0.271
2026-09-12,06,2026091106,VTCL,0.233,0.236,0.605,0.659,4.034,0.738,7.585,0.196,0.0
2026-09-12,06,2026091106,VTCN,0.0,0.014,0.071,0.011,0.21,0.212,7.464,0.053,0.0
2026-09-12,06,2026091106,VTCP,13.374,8.95,15.03,5.391,30.129,3.63,40.652,0.516,0.089
2026-09-12,06,2026091106,VTCT,0.0,0.0,0.0,0.0,0.0,0.004,0.397,0.0,0.0
2026-09-12,06,2026091106,VTPB,0.0,0.0,0.0,0.048,1.673,0.042,1.673,0.009,0.0
2026-09-12,06,2026091106,VTPH,36.069,32.29,42.121,20.004,42.121,18.757,57.426,0.969,0.622
2026-09-12,06,2026091106,VTPM,0.0,0.0,0.0,0.012,0.354,0.092,5.094,0.031,0.0
2026-09-12,06,2026091106,VTPO,0.0,0.005,0.038,0.028,0.308,0.064,3.178,0.018,0.0
2026-09-12,06,2026091106,VTPP,0.0,0.001,0.005,0.0,0.005,0.0,0.018,0.0,0.0
2026-09-12,06,2026091106,VTSB,5.654,12.838,27.388,27.646,93.49,21.403,105.721,0.911,0.622
2026-09-12,06,2026091106,VTSC,54.841,46.175,62.621,41.767,63.869,42.017,115.796,1.0,0.973
2026-09-12,06,2026091106,VTSE,1.398,5.446,16.871,13.058,54.85,15.674,78.258,0.956,0.476
2026-09-12,06,2026091106,VTSF,18.684,18.933,31.096,18.428,46.28,19.07,74.508,0.978,0.649
2026-09-12,06,2026091106,VTSG,6.83,3.229,8.897,2.875,10.198,5.829,37.776,0.751,0.213
2026-09-12,06,2026091106,VTSM,88.501,67.575,108.651,59.845,176.823,40.871,196.39,1.0,0.787
2026-09-12,06,2026091106,VTSP,0.176,0.547,1.678,1.991,29.766,5.888,57.528,0.667,0.218
2026-09-12,06,2026091106,VTSR,80.646,82.69,105.141,77.159,232.779,69.534,244.357,1.0,0.893
2026-09-12,06,2026091106,VTSS,0.269,0.385,0.73,1.091,6.88,5.131,32.038,0.609,0.191
2026-09-12,06,2026091106,VTST,3.969,6.952,15.389,11.097,31.285,11.909,45.703,0.991,0.507
2026-09-12,06,2026091106,VTSY,1.306,3.483,11.09,3.36,24.534,3.514,27.415,0.436,0.12
2026-09-12,06,2026091106,VTUD,0.0,0.0,0.0,0.0,0.0,0.0,0.0,0.0,0.0
2026-09-12,06,2026091106,VTUI,0.0,0.0,0.0,0.0,0.0,0.001,0.04,0.0,0.0
2026-09-12,06,2026091106,VTUK,0.0,0.001,0.004,0.007,0.081,0.031,0.786,0.0,0.0
2026-09-12,06,2026091106,VTUL,0.0,0.0,0.0,0.001,0.035,0.044,1.723,0.013,0.0
2026-09-12,06,2026091106,VTUO,4.827,5.307,11.221,6.701,19.071,5.255,19.071,0.84,0.138
2026-09-12,06,2026091106,VTUQ,4.342,3.739,7.665,2.732,9.333,2.735,12.95,0.76,0.031
2026-09-12,06,2026091106,VTUU,5.869,5.058,6.958,4.736,9.403,5.808,20.702,1.0,0.116
2026-09-12,06,2026091106,VTUV,0.043,0.069,0.135,0.133,0.595,0.433,4.509,0.133,0.0
2026-09-12,06,2026091106,VTUW,0.072,0.084,0.31,0.065,0.6,0.02,0.6,0.0,0.0
2026-09-12,12,2026091112,VTBD,3.324,4.595,9.816,6.945,20.075,6.009,28.434,0.724,0.244
2026-09-12,12,2026091112,VTBO,0.094,0.092,0.176,0.054,0.482,0.273,10.157,0.067,0.004
2026-09-12,12,2026091112,VTBS,3.661,5.644,9.46,7.453,14.525,6.248,20.894,0.876,0.213
2026-09-12,12,2026091112,VTCC,0.255,0.406,1.999,1.422,19.087,1.74,27.31,0.236,0.058
2026-09-12,12,2026091112,VTCH,0.561,1.577,8.221,5.529,42.95,4.742,42.95,0.551,0.173
2026-09-12,12,2026091112,VTCL,0.035,0.274,1.125,0.871,7.506,0.519,11.983,0.116,0.004
2026-09-12,12,2026091112,VTCN,0.002,0.023,0.086,0.017,0.086,0.009,0.096,0.0,0.0
2026-09-12,12,2026091112,VTCP,0.0,0.002,0.006,0.199,3.214,0.695,8.03,0.2,0.0
2026-09-12,12,2026091112,VTCT,0.0,0.0,0.0,0.002,0.039,0.032,1.382,0.009,0.0
2026-09-12,12,2026091112,VTPB,0.002,0.025,0.125,0.023,0.371,0.036,1.637,0.004,0.0
2026-09-12,12,2026091112,VTPH,39.22,38.657,43.306,34.659,49.658,25.976,49.658,1.0,0.916
2026-09-12,12,2026091112,VTPM,0.02,0.009,0.033,0.003,0.033,0.017,0.681,0.0,0.0
2026-09-12,12,2026091112,VTPO,0.0,0.0,0.0,0.002,0.092,0.002,0.17,0.0,0.0
2026-09-12,12,2026091112,VTPP,0.0,0.0,0.0,0.0,0.0,0.009,0.574,0.0,0.0
2026-09-12,12,2026091112,VTSB,7.881,12.761,21.249,14.929,34.257,16.391,63.843,0.991,0.591
2026-09-12,12,2026091112,VTSC,63.193,62.898,78.523,55.523,103.528,38.237,103.528,1.0,0.956
2026-09-12,12,2026091112,VTSE,7.348,8.378,12.903,7.963,21.165,7.212,34.809,0.831,0.244
2026-09-12,12,2026091112,VTSF,2.483,5.335,13.564,8.48,30.222,15.748,89.365,0.867,0.449
2026-09-12,12,2026091112,VTSG,0.147,0.633,1.766,2.953,21.393,7.038,52.431,0.653,0.253
2026-09-12,12,2026091112,VTSM,43.15,45.503,103.821,49.792,135.865,44.388,179.088,0.996,0.782
2026-09-12,12,2026091112,VTSP,30.797,25.193,43.373,16.307,43.642,11.845,48.216,0.858,0.44
2026-09-12,12,2026091112,VTSR,1.13,3.18,13.578,8.215,27.837,12.539,57.152,0.991,0.453
2026-09-12,12,2026091112,VTSS,0.502,1.832,8.036,2.95,25.75,8.767,74.686,0.644,0.262
2026-09-12,12,2026091112,VTST,22.105,11.535,22.105,7.426,36.475,8.22,64.398,0.818,0.24
2026-09-12,12,2026091112,VTSY,24.898,22.614,31.565,23.008,61.999,13.666,61.999,0.844,0.48
2026-09-12,12,2026091112,VTUD,0.0,0.0,0.0,0.0,0.0,0.0,0.0,0.0,0.0
2026-09-12,12,2026091112,VTUI,0.0,0.0,0.0,0.0,0.0,0.0,0.0,0.0,0.0
2026-09-12,12,2026091112,VTUK,0.0,0.0,0.0,0.0,0.0,0.001,0.046,0.0,0.0
2026-09-12,12,2026091112,VTUL,0.005,0.019,0.129,0.38,4.823,0.183,4.823,0.036,0.0
2026-09-12,12,2026091112,VTUO,1.492,1.132,2.011,0.727,2.481,0.761,4.025,0.289,0.0
2026-09-12,12,2026091112,VTUQ,2.056,1.758,2.864,0.999,2.864,0.764,3.046,0.28,0.0
2026-09-12,12,2026091112,VTUU,5.736,5.349,6.238,4.788,6.238,5.273,14.143,1.0,0.036
2026-09-12,12,2026091112,VTUV,0.0,0.003,0.014,0.007,0.092,0.008,0.243,0.0,0.0
2026-09-12,12,2026091112,VTUW,2.375,2.106,3.06,1.527,3.769,0.822,7.838,0.249,0.0
2026-09-12,18,2026091118,VTBD,1.288,2.07,6.347,2.089,11.05,1.814,14.803,0.404,0.036
2026-09-12,18,2026091118,VTBO,29.345,30.015,35.591,21.8,41.11,14.086,43.919,0.853,0.538
2026-09-12,18,2026091118,VTBS,0.083,0.485,1.798,0.461,2.836,0.614,7.487,0.187,0.0
2026-09-12,18,2026091118,VTCC,0.0,0.002,0.008,0.218,2.731,1.388,18.673,0.209,0.04
2026-09-12,18,2026091118,VTCH,1.686,3.221,10.161,5.92,30.836,7.089,42.877,0.649,0.262
2026-09-12,18,2026091118,VTCL,0.017,0.009,0.032,0.098,1.485,0.45,13.58,0.124,0.004
2026-09-12,18,2026091118,VTCN,0.104,0.056,0.109,0.027,0.185,0.139,2.815,0.027,0.0
2026-09-12,18,2026091118,VTCP,0.009,0.05,0.186,0.425,7.788,0.682,9.481,0.187,0.0
2026-09-12,18,2026091118,VTCT,0.0,0.0,0.0,0.0,0.0,0.0,0.0,0.0,0.0
2026-09-12,18,2026091118,VTPB,0.092,0.027,0.092,0.006,0.092,0.011,0.316,0.0,0.0
2026-09-12,18,2026091118,VTPH,30.308,28.447,33.319,19.45,37.232,12.886,52.17,0.978,0.52
2026-09-12,18,2026091118,VTPM,0.0,0.0,0.001,0.001,0.015,0.002,0.038,0.0,0.0
2026-09-12,18,2026091118,VTPO,0.0,0.0,0.003,0.004,0.064,0.011,0.445,0.0,0.0
2026-09-12,18,2026091118,VTPP,0.219,0.173,0.59,0.438,3.065,0.614,20.466,0.12,0.013
2026-09-12,18,2026091118,VTSB,6.622,13.31,43.603,20.427,71.454,18.308,83.24,0.769,0.48
2026-09-12,18,2026091118,VTSC,35.382,34.561,45.768,25.547,56.386,20.806,61.705,1.0,0.796
2026-09-12,18,2026091118,VTSE,0.121,0.528,1.599,1.114,5.209,2.854,31.369,0.529,0.071
2026-09-12,18,2026091118,VTSF,38.986,31.618,45.59,23.428,45.59,20.191,67.964,0.996,0.804
2026-09-12,18,2026091118,VTSG,0.112,0.061,0.115,0.108,0.773,3.114,23.128,0.413,0.093
2026-09-12,18,2026091118,VTSM,33.031,42.937,75.735,44.593,87.21,35.72,99.978,1.0,0.916
2026-09-12,18,2026091118,VTSP,2.944,5.061,9.06,9.566,58.363,6.767,58.363,0.844,0.164
2026-09-12,18,2026091118,VTSR,16.455,16.258,23.452,19.342,67.456,17.601,67.456,1.0,0.676
2026-09-12,18,2026091118,VTSS,3.953,6.103,10.577,8.35,29.244,9.169,61.277,0.849,0.316
2026-09-12,18,2026091118,VTST,1.121,4.886,13.185,15.115,59.228,18.993,80.379,0.804,0.542
2026-09-12,18,2026091118,VTSY,0.364,1.038,2.118,5.168,18.429,9.716,94.027,0.889,0.382
2026-09-12,18,2026091118,VTUD,0.0,0.0,0.0,0.0,0.0,0.0,0.001,0.0,0.0
2026-09-12,18,2026091118,VTUI,0.094,0.118,0.226,0.094,0.299,0.088,0.724,0.0,0.0
2026-09-12,18,2026091118,VTUK,0.321,0.411,0.856,0.66,1.907,0.812,3.115,0.351,0.0
2026-09-12,18,2026091118,VTUL,0.001,0.01,0.045,0.031,0.243,0.032,0.243,0.0,0.0
2026-09-12,18,2026091118,VTUO,1.302,1.538,3.538,2.747,11.082,3.408,13.33,0.516,0.102
2026-09-12,18,2026091118,VTUQ,5.822,6.399,7.728,7.384,14.698,7.042,15.019,1.0,0.289
2026-09-12,18,2026091118,VTUU,2.029,2.527,5.038,3.623,8.407,4.546,12.037,1.0,0.018
2026-09-12,18,2026091118,VTUV,4.662,4.272,4.931,3.71,5.446,3.041,5.446,0.956,0.0
2026-09-12,18,2026091118,VTUW,0.34,0.485,0.777,1.252,4.596,1.518,5.593,0.489,0.0
2026-09-13,06,2026091206,VTBD,0.052,0.095,0.498,0.21,1.275,0.214,2.084,0.053,0.0
2026-09-13,06,2026091206,VTBO,0.04,0.043,0.093,1.128,13.942,1.338,16.421,0.191,0.044
2026-09-13,06,2026091206,VTBS,0.054,0.077,0.182,0.08,0.53,0.251,9.628,0.044,0.0
2026-09-13,06,2026091206,VTCC,1.482,2.056,5.476,1.66,6.972,0.791,11.299,0.173,0.009
2026-09-13,06,2026091206,VTCH,0.049,0.034,0.152,0.034,0.356,0.203,8.785,0.044,0.0
2026-09-13,06,2026091206,VTCL,0.621,0.628,0.818,0.868,3.219,1.451,12.01,0.369,0.013
2026-09-13,06,2026091206,VTCN,0.015,0.029,0.132,0.012,0.163,0.094,2.379,0.031,0.0
2026-09-13,06,2026091206,VTCP,0.165,1.177,3.717,1.077,3.869,0.828,3.869,0.28,0.0
2026-09-13,06,2026091206,VTCT,0.0,0.0,0.0,0.0,0.0,0.002,0.234,0.0,0.0
2026-09-13,06,2026091206,VTPB,0.13,0.109,0.181,0.078,0.386,1.878,37.859,0.249,0.058
2026-09-13,06,2026091206,VTPH,0.427,0.497,0.668,1.322,5.133,5.766,31.782,0.8,0.173
2026-09-13,06,2026091206,VTPM,1.742,5.447,21.678,6.728,27.904,4.005,40.957,0.52,0.12
2026-09-13,06,2026091206,VTPO,0.145,0.16,0.353,0.499,6.059,0.927,9.955,0.213,0.0
2026-09-13,06,2026091206,VTPP,2.519,1.986,3.598,2.165,8.184,4.147,22.487,0.587,0.142
2026-09-13,06,2026091206,VTSB,9.325,16.456,32.098,27.007,79.138,26.932,127.379,0.982,0.751
2026-09-13,06,2026091206,VTSC,13.937,12.261,17.279,16.535,50.771,23.051,74.409,0.991,0.8
2026-09-13,06,2026091206,VTSE,8.083,11.956,28.32,11.868,29.416,10.385,68.54,0.973,0.338
2026-09-13,06,2026091206,VTSF,18.006,23.354,36.522,31.336,82.029,29.43,101.962,1.0,0.822
2026-09-13,06,2026091206,VTSG,5.071,6.123,12.451,5.636,25.259,7.664,30.486,0.893,0.284
2026-09-13,06,2026091206,VTSM,3.047,11.476,33.263,11.578,39.261,5.815,39.261,0.813,0.191
2026-09-13,06,2026091206,VTSP,14.335,6.491,19.598,5.484,19.598,5.224,33.5,0.76,0.191
2026-09-13,06,2026091206,VTSR,10.108,12.766,27.024,10.773,32.539,14.463,78.867,0.849,0.427
2026-09-13,06,2026091206,VTSS,0.646,0.537,1.172,0.775,5.168,2.675,40.299,0.338,0.093
2026-09-13,06,2026091206,VTST,22.336,20.242,47.825,12.827,47.825,8.693,47.825,0.92,0.329
2026-09-13,06,2026091206,VTSY,2.769,3.271,7.329,3.42,15.157,8.027,61.403,0.684,0.24
2026-09-13,06,2026091206,VTUD,0.35,0.384,0.488,0.315,0.488,0.261,1.111,0.009,0.0
2026-09-13,06,2026091206,VTUI,1.602,1.475,2.151,1.229,2.523,0.971,2.582,0.458,0.0
2026-09-13,06,2026091206,VTUK,0.096,0.091,0.17,0.072,0.201,0.067,0.381,0.0,0.0
2026-09-13,06,2026091206,VTUL,0.041,0.181,0.298,0.344,1.845,0.492,4.558,0.111,0.0
2026-09-13,06,2026091206,VTUO,2.111,2.065,2.207,2.008,2.728,2.312,11.845,0.751,0.013
2026-09-13,06,2026091206,VTUQ,0.333,1.031,4.276,1.584,5.91,1.109,5.91,0.369,0.0
2026-09-13,06,2026091206,VTUU,16.517,13.126,21.888,12.265,22.915,13.19,33.013,1.0,0.644
2026-09-13,06,2026091206,VTUV,2.896,3.355,6.73,3.407,10.28,3.75,12.092,0.796,0.071
2026-09-13,06,2026091206,VTUW,15.565,13.275,15.565,9.75,15.587,6.885,31.024,1.0,0.222
2026-09-13,12,2026091212,VTBD,0.008,0.006,0.009,0.004,0.02,0.118,2.148,0.04,0.0
2026-09-13,12,2026091212,VTBO,0.0,0.0,0.0,0.034,0.451,0.185,2.134,0.053,0.0
2026-09-13,12,2026091212,VTBS,0.377,0.439,1.157,0.327,2.148,0.238,3.567,0.076,0.0
2026-09-13,12,2026091212,VTCC,0.0,0.0,0.0,0.006,0.134,0.101,4.444,0.036,0.0
2026-09-13,12,2026091212,VTCH,0.0,0.106,0.472,0.766,6.501,0.245,6.501,0.058,0.0
2026-09-13,12,2026091212,VTCL,0.001,0.023,0.08,0.139,1.941,0.337,6.278,0.098,0.0
2026-09-13,12,2026091212,VTCN,0.0,0.0,0.0,0.0,0.0,0.126,4.97,0.036,0.0
2026-09-13,12,2026091212,VTCP,0.0,0.001,0.004,0.004,0.038,0.035,0.859,0.0,0.0
2026-09-13,12,2026091212,VTCT,0.0,0.0,0.0,0.0,0.003,0.0,0.003,0.0,0.0
2026-09-13,12,2026091212,VTPB,0.005,0.031,0.08,0.022,0.099,0.57,14.173,0.133,0.009
2026-09-13,12,2026091212,VTPH,0.161,0.168,0.427,0.313,2.141,0.396,2.636,0.147,0.0
2026-09-13,12,2026091212,VTPM,22.348,22.708,51.283,20.88,67.357,16.637,78.446,0.884,0.444
2026-09-13,12,2026091212,VTPO,0.0,0.035,0.202,0.036,0.265,0.184,6.454,0.036,0.0
2026-09-13,12,2026091212,VTPP,0.644,2.358,8.966,2.674,12.322,3.044,19.216,0.591,0.084
2026-09-13,12,2026091212,VTSB,1.247,2.225,5.806,3.881,18.106,8.849,48.308,0.778,0.333
2026-09-13,12,2026091212,VTSC,66.37,45.198,66.37,35.183,80.026,39.668,120.39,0.987,0.88
2026-09-13,12,2026091212,VTSE,3.079,2.938,3.343,3.287,7.239,4.33,27.849,0.893,0.08
2026-09-13,12,2026091212,VTSF,3.08,6.078,14.704,12.943,66.512,24.931,118.608,0.924,0.609
2026-09-13,12,2026091212,VTSG,0.055,0.253,1.3,0.344,2.216,3.738,63.858,0.342,0.08
2026-09-13,12,2026091212,VTSM,4.517,11.725,30.378,15.705,42.945,10.521,51.44,0.809,0.356
2026-09-13,12,2026091212,VTSP,0.158,0.647,4.018,3.253,16.818,1.552,16.818,0.307,0.044
2026-09-13,12,2026091212,VTSR,6.397,2.961,7.104,4.347,24.001,12.058,97.692,0.809,0.378
2026-09-13,12,2026091212,VTSS,1.113,1.752,3.884,3.468,15.472,7.14,54.004,0.764,0.222
2026-09-13,12,2026091212,VTST,1.835,1.774,3.002,1.384,3.378,6.38,40.528,0.827,0.209
2026-09-13,12,2026091212,VTSY,1.598,3.821,12.001,9.209,39.875,14.313,100.3,0.907,0.413
2026-09-13,12,2026091212,VTUD,1.42,1.405,1.737,1.208,1.905,0.673,1.905,0.249,0.0
2026-09-13,12,2026091212,VTUI,5.128,5.002,8.002,4.164,9.539,3.042,11.67,0.72,0.022
2026-09-13,12,2026091212,VTUK,0.008,0.02,0.059,0.022,0.096,0.103,1.83,0.022,0.0
2026-09-13,12,2026091212,VTUL,2.284,1.53,3.253,0.572,3.253,0.201,3.253,0.049,0.0
2026-09-13,12,2026091212,VTUO,3.577,3.708,5.847,3.774,6.363,3.76,7.747,1.0,0.0
2026-09-13,12,2026091212,VTUQ,0.057,0.051,0.061,0.043,0.119,0.072,0.618,0.0,0.0
2026-09-13,12,2026091212,VTUU,12.268,12.939,18.115,14.371,23.343,16.016,31.181,1.0,0.804
2026-09-13,12,2026091212,VTUV,1.388,1.488,2.314,1.586,2.906,2.236,6.184,0.889,0.0
2026-09-13,12,2026091212,VTUW,3.199,3.615,6.953,6.113,24.076,8.022,24.128,0.978,0.333
2026-09-13,18,2026091218,VTBD,0.597,0.464,0.763,0.299,1.854,0.21,2.343,0.062,0.0
2026-09-13,18,2026091218,VTBO,0.001,0.033,0.195,0.036,0.425,0.03,0.788,0.0,0.0
2026-09-13,18,2026091218,VTBS,0.001,0.035,0.162,0.085,0.359,0.105,2.017,0.018,0.0
2026-09-13,18,2026091218,VTCC,0.0,0.0,0.0,0.0,0.0,0.0,0.037,0.0,0.0
2026-09-13,18,2026091218,VTCH,1.056,0.554,1.547,1.397,9.187,0.84,12.942,0.209,0.004
2026-09-13,18,2026091218,VTCL,0.013,0.008,0.027,0.031,0.182,0.034,0.336,0.0,0.0
2026-09-13,18,2026091218,VTCN,0.0,0.028,0.194,0.068,0.604,0.361,3.971,0.12,0.0
2026-09-13,18,2026091218,VTCP,0.0,0.001,0.005,0.004,0.053,0.057,0.961,0.0,0.0
2026-09-13,18,2026091218,VTCT,0.0,0.0,0.0,0.0,0.002,0.0,0.008,0.0,0.0
2026-09-13,18,2026091218,VTPB,0.085,0.107,0.218,0.346,4.993,6.219,54.724,0.507,0.209
2026-09-13,18,2026091218,VTPH,0.9,1.248,2.283,1.966,5.767,3.108,14.724,0.778,0.031
2026-09-13,18,2026091218,VTPM,14.14,14.508,25.617,9.791,25.617,6.341,27.66,0.787,0.249
2026-09-13,18,2026091218,VTPO,0.071,0.098,0.351,0.138,0.535,0.145,1.197,0.004,0.0
2026-09-13,18,2026091218,VTPP,4.792,6.254,17.74,5.248,17.74,3.884,31.047,0.56,0.142
2026-09-13,18,2026091218,VTSB,15.856,22.537,49.484,25.096,76.03,27.664,134.537,0.956,0.684
2026-09-13,18,2026091218,VTSC,17.705,20.628,30.894,32.918,71.864,37.634,124.062,1.0,0.844
2026-09-13,18,2026091218,VTSE,10.082,15.242,41.349,15.995,44.344,13.424,44.344,0.831,0.507
2026-09-13,18,2026091218,VTSF,2.318,3.835,11.048,7.103,32.829,12.999,118.88,0.769,0.373
2026-09-13,18,2026091218,VTSG,0.103,0.321,1.625,0.525,5.9,2.155,26.744,0.484,0.04
2026-09-13,18,2026091218,VTSM,27.752,29.708,53.404,32.793,99.237,17.748,99.237,0.831,0.502
2026-09-13,18,2026091218,VTSP,0.146,0.08,0.19,0.217,5.52,0.621,10.336,0.156,0.004
2026-09-13,18,2026091218,VTSR,11.561,9.493,31.889,3.363,31.889,5.611,41.181,0.671,0.187
2026-09-13,18,2026091218,VTSS,10.363,10.078,22.304,7.449,22.304,5.068,36.978,0.627,0.173
2026-09-13,18,2026091218,VTST,4.415,8.455,19.65,9.449,38.64,8.758,54.254,0.916,0.307
2026-09-13,18,2026091218,VTSY,0.303,0.298,0.653,2.173,12.959,8.127,42.855,0.782,0.276
2026-09-13,18,2026091218,VTUD,1.97,1.725,2.621,1.32,2.723,0.863,3.477,0.36,0.0
2026-09-13,18,2026091218,VTUI,5.553,5.276,6.095,4.638,7.411,5.067,12.521,0.978,0.049
2026-09-13,18,2026091218,VTUK,1.583,1.326,1.793,1.079,2.155,1.085,4.146,0.484,0.0
2026-09-13,18,2026091218,VTUL,0.012,0.007,0.012,0.006,0.028,0.019,0.175,0.0,0.0
2026-09-13,18,2026091218,VTUO,1.889,1.884,2.142,2.043,3.096,2.439,9.126,0.996,0.0
2026-09-13,18,2026091218,VTUQ,0.014,0.014,0.036,0.014,0.058,0.339,3.972,0.124,0.0
2026-09-13,18,2026091218,VTUU,28.865,28.747,34.185,29.305,44.701,28.962,44.701,1.0,1.0
2026-09-13,18,2026091218,VTUV,2.7,2.901,4.455,3.463,7.661,3.841,7.774,0.996,0.0
2026-09-13,18,2026091218,VTUW,7.362,7.661,8.589,9.24,14.293,11.172,21.331,1.0,0.56
2026-09-14,00,2026091300,VTBD,7.243,5.381,10.301,4.208,19.57,2.9,30.104,0.507,0.049
2026-09-14,00,2026091300,VTBO,2.168,3.914,11.309,6.576,35.829,9.945,54.411,0.871,0.307
2026-09-14,00,2026091300,VTBS,34.035,19.8,34.035,8.531,34.035,6.248,37.847,0.764,0.178
2026-09-14,00,2026091300,VTCC,1.819,1.668,2.743,1.782,7.303,4.822,35.081,0.653,0.213
2026-09-14,00,2026091300,VTCH,0.13,1.655,10.28,5.772,40.49,4.273,40.49,0.529,0.124
2026-09-14,00,2026091300,VTCL,1.433,1.942,3.387,6.514,30.141,4.269,30.141,0.596,0.151
2026-09-14,00,2026091300,VTCN,1.309,1.41,2.607,1.971,10.736,5.781,37.593,0.653,0.204
2026-09-14,00,2026091300,VTCP,0.031,0.084,0.294,0.866,8.309,1.454,14.116,0.347,0.018
2026-09-14,00,2026091300,VTCT,0.008,0.015,0.07,0.031,0.148,0.165,1.785,0.036,0.0
2026-09-14,00,2026091300,VTPB,1.496,1.649,2.881,5.177,17.956,9.456,43.095,0.938,0.333
2026-09-14,00,2026091300,VTPH,0.0,0.0,0.002,0.002,0.045,0.499,32.75,0.053,0.013
2026-09-14,00,2026091300,VTPM,20.138,20.261,35.724,17.321,51.6,14.086,69.014,0.987,0.52
2026-09-14,00,2026091300,VTPO,0.277,0.395,0.716,1.475,13.445,3.4,25.827,0.533,0.089
2026-09-14,00,2026091300,VTPP,0.32,1.536,9.043,0.84,9.043,1.062,14.814,0.2,0.013
2026-09-14,00,2026091300,VTSB,0.238,1.476,8.445,4.157,19.192,3.416,26.925,0.449,0.116
2026-09-14,00,2026091300,VTSC,0.094,0.778,4.928,5.934,57.134,4.748,61.667,0.502,0.124
2026-09-14,00,2026091300,VTSE,0.176,0.598,1.73,1.291,12.909,4.895,56.414,0.418,0.16
2026-09-14,00,2026091300,VTSF,4.709,8.927,26.99,16.748,43.438,15.328,53.896,0.956,0.529
2026-09-14,00,2026091300,VTSG,0.29,0.166,0.445,0.12,0.455,0.264,3.835,0.058,0.0
2026-09-14,00,2026091300,VTSM,6.872,9.657,19.794,9.308,22.932,10.822,58.808,0.88,0.338
2026-09-14,00,2026091300,VTSP,0.032,0.069,0.28,0.141,1.196,0.274,2.636,0.058,0.0
2026-09-14,00,2026091300,VTSR,0.234,0.388,1.286,0.232,1.286,2.062,74.485,0.173,0.044
2026-09-14,00,2026091300,VTSS,0.155,0.206,0.557,0.641,5.284,2.587,30.092,0.4,0.067
2026-09-14,00,2026091300,VTST,2.99,1.802,3.972,1.492,7.012,2.236,23.948,0.404,0.044
2026-09-14,00,2026091300,VTSY,17.452,15.048,21.629,17.896,94.933,19.978,119.98,0.862,0.564
2026-09-14,00,2026091300,VTUD,6.456,6.459,6.956,6.31,8.871,7.662,14.92,1.0,0.231
2026-09-14,00,2026091300,VTUI,6.066,5.858,6.714,5.79,11.152,3.931,12.113,0.942,0.022
2026-09-14,00,2026091300,VTUK,7.78,10.483,19.904,16.94,55.298,14.723,56.143,0.991,0.476
2026-09-14,00,2026091300,VTUL,0.361,0.453,1.278,0.533,2.221,1.28,12.963,0.404,0.009
2026-09-14,00,2026091300,VTUO,1.51,1.229,1.761,1.281,3.696,2.442,11.847,0.818,0.022
2026-09-14,00,2026091300,VTUQ,7.441,5.853,8.049,4.242,9.193,4.46,16.723,0.92,0.067
2026-09-14,00,2026091300,VTUU,2.921,2.548,4.101,2.42,7.405,2.077,12.879,0.573,0.009
2026-09-14,00,2026091300,VTUV,35.698,31.735,39.321,27.013,47.632,21.789,48.211,1.0,0.742
2026-09-14,00,2026091300,VTUW,2.31,2.989,7.955,3.939,18.104,2.836,18.852,0.68,0.053
2026-09-14,06,2026091306,VTBD,5.33,6.961,17.357,9.276,41.258,12.173,79.859,0.849,0.351
2026-09-14,06,2026091306,VTBO,10.378,16.16,35.247,18.454,76.776,12.109,76.776,0.907,0.422
2026-09-14,06,2026091306,VTBS,6.097,9.309,22.278,10.665,39.648,16.969,189.697,0.929,0.44
2026-09-14,06,2026091306,VTCC,0.309,0.419,1.284,0.802,3.037,0.653,3.779,0.24,0.0
2026-09-14,06,2026091306,VTCH,0.0,0.004,0.04,0.134,0.987,0.856,18.286,0.133,0.027
2026-09-14,06,2026091306,VTCL,6.38,6.553,9.806,4.967,11.371,4.6,17.636,0.88,0.107
2026-09-14,06,2026091306,VTCN,0.013,0.028,0.143,0.152,1.382,1.16,8.398,0.333,0.0
2026-09-14,06,2026091306,VTCP,0.67,0.766,1.508,1.596,10.781,2.702,20.969,0.631,0.044
2026-09-14,06,2026091306,VTCT,0.082,0.074,0.213,0.045,0.213,0.03,0.361,0.0,0.0
2026-09-14,06,2026091306,VTPB,7.11,6.741,8.605,11.108,53.437,22.444,78.523,0.871,0.582
2026-09-14,06,2026091306,VTPH,0.021,0.002,0.021,0.005,0.113,0.274,18.713,0.053,0.009
2026-09-14,06,2026091306,VTPM,11.851,10.79,17.842,7.135,19.516,5.736,34.868,0.738,0.191
2026-09-14,06,2026091306,VTPO,5.375,5.693,12.205,8.893,33.459,10.082,69.522,0.844,0.373
2026-09-14,06,2026091306,VTPP,0.426,0.323,0.579,1.738,15.779,9.194,99.416,0.493,0.231
2026-09-14,06,2026091306,VTSB,4.187,5.511,13.788,5.756,26.498,8.226,53.374,0.68,0.28
2026-09-14,06,2026091306,VTSC,0.876,2.907,5.141,9.265,37.602,11.982,80.506,0.796,0.356
2026-09-14,06,2026091306,VTSE,4.939,6.834,23.442,2.998,27.045,11.797,108.026,0.564,0.289
2026-09-14,06,2026091306,VTSF,40.303,30.585,40.303,20.788,40.769,19.229,72.729,0.973,0.689
2026-09-14,06,2026091306,VTSG,0.251,0.206,0.631,0.923,6.508,1.755,28.237,0.307,0.044
2026-09-14,06,2026091306,VTSM,15.035,10.161,16.124,6.392,20.157,4.926,44.492,0.471,0.182
2026-09-14,06,2026091306,VTSP,1.374,3.335,10.2,12.338,52.199,9.37,61.307,0.853,0.324
2026-09-14,06,2026091306,VTSR,0.22,0.193,0.482,0.128,0.796,1.241,37.867,0.16,0.027
2026-09-14,06,2026091306,VTSS,0.086,0.141,0.426,1.374,12.322,3.12,25.076,0.462,0.107
2026-09-14,06,2026091306,VTST,9.33,8.391,19.439,5.322,24.991,5.686,35.418,0.68,0.204
2026-09-14,06,2026091306,VTSY,0.105,0.76,5.132,7.185,42.834,8.923,59.617,0.662,0.32
2026-09-14,06,2026091306,VTUD,14.297,11.238,14.581,7.885,15.909,8.933,54.479,0.964,0.342
2026-09-14,06,2026091306,VTUI,10.56,11.394,19.182,14.645,48.654,17.376,72.629,0.893,0.529
2026-09-14,06,2026091306,VTUK,3.915,6.054,9.263,9.554,20.093,9.821,28.173,1.0,0.453
2026-09-14,06,2026091306,VTUL,2.641,4.662,10.096,5.412,10.133,3.672,13.999,0.844,0.022
2026-09-14,06,2026091306,VTUO,4.472,4.393,5.844,3.946,9.086,3.291,10.25,0.929,0.004
2026-09-14,06,2026091306,VTUQ,3.077,3.304,4.645,3.012,5.486,2.405,5.486,0.947,0.0
2026-09-14,06,2026091306,VTUU,20.186,26.775,62.91,29.923,78.032,23.833,79.746,0.973,0.604
2026-09-14,06,2026091306,VTUV,1.193,1.171,1.925,1.836,8.283,2.765,17.353,0.867,0.036
2026-09-14,06,2026091306,VTUW,9.913,12.839,29.059,10.573,29.3,7.397,29.3,0.947,0.227
2026-09-14,12,2026091312,VTBD,2.987,2.772,4.148,2.2,7.113,2.407,13.127,0.498,0.036
2026-09-14,12,2026091312,VTBO,16.135,16.312,28.335,17.715,77.779,24.095,141.374,0.911,0.591
2026-09-14,12,2026091312,VTBS,0.229,0.31,0.539,0.44,2.775,0.583,11.169,0.089,0.004
2026-09-14,12,2026091312,VTCC,0.047,0.076,0.225,0.136,0.683,0.92,7.043,0.258,0.0
2026-09-14,12,2026091312,VTCH,1.575,2.444,4.731,3.305,13.177,1.786,13.177,0.378,0.036
2026-09-14,12,2026091312,VTCL,1.246,1.505,1.897,2.572,7.258,9.635,86.491,0.893,0.227
2026-09-14,12,2026091312,VTCN,0.376,0.394,1.073,0.382,2.327,1.018,6.633,0.329,0.0
2026-09-14,12,2026091312,VTCP,19.224,14.876,28.654,9.166,28.654,3.844,28.654,0.484,0.129
2026-09-14,12,2026091312,VTCT,0.097,0.059,0.123,0.041,0.128,0.041,0.288,0.0,0.0
2026-09-14,12,2026091312,VTPB,1.815,3.3,7.304,3.455,14.521,5.555,70.26,0.982,0.08
2026-09-14,12,2026091312,VTPH,1.111,2.599,8.2,3.407,16.154,2.385,21.781,0.356,0.076
2026-09-14,12,2026091312,VTPM,2.592,3.525,7.883,4.245,13.736,6.635,30.697,0.729,0.262
2026-09-14,12,2026091312,VTPO,17.832,14.672,19.013,10.244,19.013,7.591,31.811,0.893,0.338
2026-09-14,12,2026091312,VTPP,6.063,7.336,17.278,9.848,41.228,12.383,76.201,0.911,0.422
2026-09-14,12,2026091312,VTSB,26.58,23.3,41.494,15.682,41.494,16.339,73.639,0.973,0.516
2026-09-14,12,2026091312,VTSC,3.13,7.001,31.299,6.188,35.49,10.425,56.632,0.724,0.351
2026-09-14,12,2026091312,VTSE,18.713,14.453,33.746,16.311,67.542,13.328,107.367,0.622,0.364
2026-09-14,12,2026091312,VTSF,1.695,7.166,18.564,17.899,45.248,15.023,52.744,0.96,0.564
2026-09-14,12,2026091312,VTSG,0.377,0.745,1.271,1.249,10.934,2.998,25.132,0.511,0.067
2026-09-14,12,2026091312,VTSM,9.876,13.232,30.711,10.207,31.196,8.82,41.085,0.649,0.342
2026-09-14,12,2026091312,VTSP,4.314,4.193,7.164,4.572,15.562,5.345,32.761,0.729,0.191
2026-09-14,12,2026091312,VTSR,0.11,0.058,0.192,0.08,0.467,0.205,2.875,0.053,0.0
2026-09-14,12,2026091312,VTSS,0.337,0.295,0.667,2.49,23.244,5.926,43.325,0.68,0.218
2026-09-14,12,2026091312,VTST,0.188,0.683,2.626,1.023,4.622,2.489,30.355,0.453,0.049
2026-09-14,12,2026091312,VTSY,15.366,9.24,21.216,24.014,157.106,19.855,172.269,0.702,0.36
2026-09-14,12,2026091312,VTUD,0.713,0.734,1.132,1.07,4.462,1.302,5.863,0.413,0.0
2026-09-14,12,2026091312,VTUI,0.624,0.854,1.439,0.918,2.098,1.578,7.674,0.6,0.0
2026-09-14,12,2026091312,VTUK,2.16,1.886,2.661,1.781,5.278,1.809,10.962,0.689,0.009
2026-09-14,12,2026091312,VTUL,22.055,19.12,23.534,9.484,23.534,3.989,23.534,0.658,0.111
2026-09-14,12,2026091312,VTUO,0.906,0.825,1.043,1.139,3.122,1.406,5.664,0.493,0.0
2026-09-14,12,2026091312,VTUQ,6.2,5.002,8.439,5.589,17.414,6.493,23.073,0.96,0.2
2026-09-14,12,2026091312,VTUU,2.388,1.98,3.037,2.891,7.362,6.923,31.422,0.938,0.236
2026-09-14,12,2026091312,VTUV,0.824,1.131,2.11,1.004,2.311,0.837,2.995,0.333,0.0
2026-09-14,12,2026091312,VTUW,32.586,33.583,39.509,41.217,113.311,36.741,113.311,1.0,1.0
2026-09-14,18,2026091318,VTBD,0.177,0.209,0.663,0.954,10.669,2.696,24.026,0.409,0.084
2026-09-14,18,2026091318,VTBO,49.458,55.414,75.121,62.635,124.335,50.775,124.335,1.0,1.0
2026-09-14,18,2026091318,VTBS,34.85,25.992,37.704,20.017,42.9,10.47,67.753,0.898,0.342
2026-09-14,18,2026091318,VTCC,0.738,0.532,1.327,0.466,1.734,0.294,1.734,0.058,0.0
2026-09-14,18,2026091318,VTCH,0.0,0.016,0.073,0.02,0.261,0.032,0.636,0.0,0.0
2026-09-14,18,2026091318,VTCL,0.281,0.228,0.369,0.139,0.541,0.304,5.677,0.084,0.0
2026-09-14,18,2026091318,VTCN,0.035,0.163,0.422,0.694,3.467,0.781,4.393,0.222,0.0
2026-09-14,18,2026091318,VTCP,1.607,1.651,3.144,1.693,6.787,3.245,26.757,0.556,0.098
2026-09-14,18,2026091318,VTCT,0.005,0.01,0.031,0.012,0.054,0.174,4.538,0.053,0.0
2026-09-14,18,2026091318,VTPB,0.576,1.547,5.527,2.165,9.436,6.449,50.57,0.822,0.187
2026-09-14,18,2026091318,VTPH,0.003,0.014,0.035,0.033,0.409,0.243,7.889,0.049,0.0
2026-09-14,18,2026091318,VTPM,39.914,38.896,46.399,32.856,48.727,28.688,72.65,1.0,0.956
2026-09-14,18,2026091318,VTPO,11.109,14.381,18.37,13.862,25.941,12.674,34.61,0.978,0.582
2026-09-14,18,2026091318,VTPP,2.265,2.445,5.279,2.932,8.711,8.881,35.781,0.827,0.347
2026-09-14,18,2026091318,VTSB,8.429,9.387,12.253,12.516,34.144,16.927,55.37,0.947,0.604
2026-09-14,18,2026091318,VTSC,1.028,5.463,24.61,7.263,55.517,9.834,78.546,0.604,0.316
2026-09-14,18,2026091318,VTSE,0.09,0.118,0.195,0.193,1.593,1.569,30.738,0.24,0.049
2026-09-14,18,2026091318,VTSF,1.774,3.498,7.252,10.699,32.909,16.237,56.807,1.0,0.64
2026-09-14,18,2026091318,VTSG,0.11,0.375,0.8,1.268,4.485,2.338,23.205,0.511,0.04
2026-09-14,18,2026091318,VTSM,7.274,8.893,21.474,13.967,48.387,13.689,60.786,0.796,0.427
2026-09-14,18,2026091318,VTSP,1.338,2.468,4.691,3.952,11.987,4.563,29.685,0.853,0.102
2026-09-14,18,2026091318,VTSR,0.161,0.124,0.213,0.15,1.367,1.44,17.238,0.276,0.027
2026-09-14,18,2026091318,VTSS,0.006,0.052,0.222,0.186,0.902,1.794,24.901,0.324,0.049
2026-09-14,18,2026091318,VTST,0.016,0.042,0.178,0.124,0.721,1.146,23.549,0.2,0.027
2026-09-14,18,2026091318,VTSY,26.602,21.197,37.669,16.522,48.534,14.4,93.265,0.893,0.373
2026-09-14,18,2026091318,VTUD,13.423,11.467,18.702,9.345,18.702,6.551,18.702,1.0,0.204
2026-09-14,18,2026091318,VTUI,4.382,4.999,5.682,6.814,10.891,6.503,14.099,1.0,0.191
2026-09-14,18,2026091318,VTUK,9.298,10.78,16.036,14.067,35.558,17.548,42.739,1.0,0.738
2026-09-14,18,2026091318,VTUL,0.082,0.145,0.27,0.345,1.264,0.743,5.431,0.231,0.0
2026-09-14,18,2026091318,VTUO,2.619,2.556,3.398,2.265,3.858,2.568,9.415,0.831,0.0
2026-09-14,18,2026091318,VTUQ,4.414,4.181,5.895,4.259,8.03,3.636,9.265,1.0,0.0
2026-09-14,18,2026091318,VTUU,5.895,5.673,7.266,5.404,9.571,4.579,11.003,0.933,0.013
2026-09-14,18,2026091318,VTUV,2.868,3.104,3.771,4.541,9.365,5.049,15.31,1.0,0.013
2026-09-14,18,2026091318,VTUW,6.998,6.193,6.998,5.161,7.65,6.571,45.479,1.0,0.129
2026-09-15,00,2026091400,VTBD,5.364,3.681,12.172,2.828,25.566,3.535,40.64,0.564,0.111
2026-09-15,00,2026091400,VTBO,16.04,17.775,22.512,20.617,42.915,32.331,108.484,1.0,0.916
2026-09-15,00,2026091400,VTBS,1.562,2.716,6.661,2.903,8.914,4.469,29.506,0.627,0.147
2026-09-15,00,2026091400,VTCC,0.052,0.024,0.052,0.173,5.003,1.034,19.06,0.231,0.027
2026-09-15,00,2026091400,VTCH,15.978,9.718,15.978,4.838,15.978,4.374,27.496,0.649,0.151
2026-09-15,00,2026091400,VTCL,0.008,0.284,1.146,0.604,9.25,0.345,9.25,0.08,0.0
2026-09-15,00,2026091400,VTCN,0.145,0.206,0.633,0.924,21.689,6.671,52.604,0.498,0.213
2026-09-15,00,2026091400,VTCP,0.719,4.549,24.061,3.374,24.061,2.644,24.061,0.48,0.053
2026-09-15,00,2026091400,VTCT,99.273,82.135,136.253,45.566,136.253,25.67,136.253,0.978,0.653
2026-09-15,00,2026091400,VTPB,10.785,11.637,24.568,13.523,48.321,23.324,122.146,1.0,0.604
2026-09-15,00,2026091400,VTPH,0.532,0.507,1.163,3.096,21.497,10.705,63.451,0.613,0.378
2026-09-15,00,2026091400,VTPM,1.418,1.897,5.779,3.839,12.671,6.344,33.546,0.773,0.204
2026-09-15,00,2026091400,VTPO,17.134,13.811,28.499,10.719,43.001,12.784,72.642,0.818,0.436
2026-09-15,00,2026091400,VTPP,0.802,4.7,10.945,5.471,29.964,5.5,42.374,0.729,0.147
2026-09-15,00,2026091400,VTSB,0.025,0.068,0.283,0.287,1.876,1.347,12.274,0.32,0.009
2026-09-15,00,2026091400,VTSC,1.342,4.401,14.095,30.831,135.214,41.935,227.456,0.902,0.698
2026-09-15,00,2026091400,VTSE,16.882,17.979,36.02,19.654,57.204,13.635,60.722,0.809,0.418
2026-09-15,00,2026091400,VTSF,26.033,21.199,31.376,17.079,32.641,15.998,97.607,0.818,0.507
2026-09-15,00,2026091400,VTSG,0.155,0.406,0.764,0.759,6.605,1.541,18.496,0.32,0.022
2026-09-15,00,2026091400,VTSM,13.426,13.679,29.493,8.376,29.493,5.55,32.379,0.511,0.244
2026-09-15,00,2026091400,VTSP,0.748,0.669,1.488,1.042,6.372,1.073,16.265,0.258,0.013
2026-09-15,00,2026091400,VTSR,11.593,9.103,12.19,6.553,14.403,3.714,14.403,0.831,0.08
2026-09-15,00,2026091400,VTSS,7.115,7.574,23.629,3.76,23.629,6.452,46.173,0.578,0.204
2026-09-15,00,2026091400,VTST,0.046,0.169,0.732,0.416,2.543,2.928,25.635,0.422,0.084
2026-09-15,00,2026091400,VTSY,78.589,69.552,130.124,49.861,130.124,41.897,147.479,0.978,0.88
2026-09-15,00,2026091400,VTUD,11.129,16.573,31.339,14.436,46.246,10.03,46.246,0.836,0.436
2026-09-15,00,2026091400,VTUI,11.211,11.569,12.935,12.231,21.513,14.428,41.326,1.0,0.653
2026-09-15,00,2026091400,VTUK,5.446,8.745,14.315,17.27,80.086,15.554,80.086,1.0,0.551
2026-09-15,00,2026091400,VTUL,18.703,20.791,30.924,24.678,54.648,16.397,54.804,0.978,0.578
2026-09-15,00,2026091400,VTUO,5.062,4.958,5.928,4.321,5.954,2.73,6.754,0.778,0.0
2026-09-15,00,2026091400,VTUQ,1.817,1.305,1.845,0.918,2.19,2.27,12.302,0.609,0.009
2026-09-15,00,2026091400,VTUU,1.243,1.241,2.598,2.543,10.823,9.874,41.431,0.858,0.356
2026-09-15,00,2026091400,VTUV,7.42,8.835,18.881,10.094,25.581,9.199,30.947,0.933,0.324
2026-09-15,00,2026091400,VTUW,8.069,10.27,18.57,10.459,18.645,10.38,34.871,0.996,0.462
2026-09-15,06,2026091406,VTBD,9.441,14.804,22.485,17.169,31.943,12.184,56.97,0.933,0.498
2026-09-15,06,2026091406,VTBO,42.952,37.739,70.637,48.372,111.314,47.087,121.572,1.0,1.0
2026-09-15,06,2026091406,VTBS,2.565,4.481,11.6,4.805,13.129,6.701,30.74,0.844,0.209
2026-09-15,06,2026091406,VTCC,0.002,0.02,0.107,0.115,2.009,0.762,15.209,0.173,0.009
2026-09-15,06,2026091406,VTCH,0.19,1.063,3.331,2.852,20.795,2.722,20.795,0.502,0.08
2026-09-15,06,2026091406,VTCL,0.0,0.008,0.031,0.154,3.599,0.502,21.865,0.102,0.004
2026-09-15,06,2026091406,VTCN,0.174,0.28,0.932,0.916,9.567,1.782,26.448,0.293,0.067
2026-09-15,06,2026091406,VTCP,0.001,0.007,0.027,0.486,6.73,0.529,16.278,0.12,0.004
2026-09-15,06,2026091406,VTCT,39.67,39.709,81.255,22.781,81.255,14.084,81.255,0.809,0.444
2026-09-15,06,2026091406,VTPB,32.186,33.36,48.126,34.795,99.183,37.036,178.497,0.996,0.858
2026-09-15,06,2026091406,VTPH,12.113,17.632,38.18,14.7,38.18,7.479,45.393,0.689,0.289
2026-09-15,06,2026091406,VTPM,29.869,41.99,73.669,27.384,81.69,15.535,92.051,0.738,0.431
2026-09-15,06,2026091406,VTPO,18.147,11.645,35.027,10.744,53.937,4.389,53.937,0.52,0.111
2026-09-15,06,2026091406,VTPP,0.558,0.869,2.567,2.148,19.936,4.414,41.385,0.613,0.133
2026-09-15,06,2026091406,VTSB,2.116,7.066,16.564,11.616,23.795,10.872,45.19,0.876,0.462
2026-09-15,06,2026091406,VTSC,60.371,30.479,70.033,30.703,93.279,35.689,235.79,0.871,0.551
2026-09-15,06,2026091406,VTSE,19.82,18.508,26.833,16.455,33.414,10.828,39.259,0.804,0.458
2026-09-15,06,2026091406,VTSF,40.561,35.127,53.829,21.376,66.969,18.86,69.034,0.911,0.604
2026-09-15,06,2026091406,VTSG,1.14,3.409,8.696,8.125,37.739,9.799,50.616,0.853,0.369
2026-09-15,06,2026091406,VTSM,17.348,15.184,28.212,13.206,49.538,16.391,52.938,0.92,0.604
2026-09-15,06,2026091406,VTSP,27.613,37.224,64.757,18.24,64.757,7.782,64.757,0.867,0.213
2026-09-15,06,2026091406,VTSR,22.008,15.982,29.4,16.699,45.82,13.941,47.368,0.982,0.462
2026-09-15,06,2026091406,VTSS,1.866,2.621,7.289,5.736,31.133,11.75,64.302,0.822,0.36
2026-09-15,06,2026091406,VTST,6.865,5.971,16.394,5.098,22.876,8.184,81.192,0.773,0.289
2026-09-15,06,2026091406,VTSY,1.153,1.957,3.661,16.443,112.204,18.092,112.204,0.893,0.458
2026-09-15,06,2026091406,VTUD,0.953,0.894,1.389,3.336,24.485,12.595,83.201,0.844,0.364
2026-09-15,06,2026091406,VTUI,0.22,1.193,5.828,1.782,10.631,5.562,51.616,0.507,0.187
2026-09-15,06,2026091406,VTUK,3.819,5.682,11.228,7.467,19.926,10.707,48.05,1.0,0.369
2026-09-15,06,2026091406,VTUL,5.982,6.001,13.238,7.922,31.487,11.824,56.957,0.858,0.382
2026-09-15,06,2026091406,VTUO,8.309,8.543,12.285,9.792,13.467,9.878,38.198,0.982,0.418
2026-09-15,06,2026091406,VTUQ,11.455,13.835,21.024,18.434,57.058,27.938,75.84,1.0,0.898
2026-09-15,06,2026091406,VTUU,2.68,2.938,6.481,1.916,6.593,1.781,15.179,0.444,0.013
2026-09-15,06,2026091406,VTUV,3.194,3.849,5.991,7.174,22.623,16.646,46.339,1.0,0.613
2026-09-15,06,2026091406,VTUW,4.072,4.786,9.123,6.658,25.714,9.332,43.531,0.942,0.356
2026-09-15,12,2026091412,VTBD,0.747,2.539,6.845,6.185,32.15,8.458,42.283,0.889,0.271
2026-09-15,12,2026091412,VTBO,85.862,79.378,110.437,60.368,128.538,38.863,128.538,1.0,0.969
2026-09-15,12,2026091412,VTBS,1.732,1.779,4.508,3.293,11.891,6.47,49.775,0.751,0.2
2026-09-15,12,2026091412,VTCC,0.254,0.179,0.546,2.53,31.159,1.459,36.694,0.173,0.053
2026-09-15,12,2026091412,VTCH,0.476,1.0,4.263,9.243,95.536,6.615,95.536,0.591,0.196
2026-09-15,12,2026091412,VTCL,0.035,0.057,0.123,0.097,0.664,3.771,80.404,0.333,0.089
2026-09-15,12,2026091412,VTCN,0.051,0.095,0.488,0.669,10.684,1.951,20.942,0.311,0.053
2026-09-15,12,2026091412,VTCP,0.03,0.161,0.936,0.286,2.261,1.413,14.699,0.329,0.022
2026-09-15,12,2026091412,VTCT,0.102,0.04,0.102,0.05,0.445,0.998,24.613,0.196,0.013
2026-09-15,12,2026091412,VTPB,9.488,12.147,19.86,11.75,39.227,11.403,56.828,0.956,0.404
2026-09-15,12,2026091412,VTPH,7.455,13.934,23.547,17.278,34.201,11.83,45.975,0.858,0.436
2026-09-15,12,2026091412,VTPM,12.687,10.39,31.622,5.837,31.622,7.544,53.35,0.818,0.236
2026-09-15,12,2026091412,VTPO,24.446,27.427,42.342,31.599,79.663,29.909,91.243,1.0,0.951
2026-09-15,12,2026091412,VTPP,0.369,0.911,2.371,4.083,24.563,5.578,44.4,0.742,0.16
2026-09-15,12,2026091412,VTSB,1.199,1.881,4.286,6.922,30.401,9.316,42.447,0.844,0.36
2026-09-15,12,2026091412,VTSC,0.006,0.06,0.237,3.435,57.064,5.603,97.215,0.307,0.142
2026-09-15,12,2026091412,VTSE,57.023,49.126,63.245,31.271,63.245,16.912,63.259,0.889,0.569
2026-09-15,12,2026091412,VTSF,68.036,53.618,91.382,44.768,115.598,25.605,115.598,0.951,0.693
2026-09-15,12,2026091412,VTSG,0.835,1.245,2.446,2.05,6.258,4.838,33.369,0.822,0.133
2026-09-15,12,2026091412,VTSM,34.169,38.225,57.238,32.036,63.552,19.032,64.213,0.796,0.671
2026-09-15,12,2026091412,VTSP,3.064,1.954,3.064,5.473,27.795,10.27,68.778,0.747,0.307
2026-09-15,12,2026091412,VTSR,4.702,6.104,9.397,6.871,22.73,6.154,25.392,0.916,0.169
2026-09-15,12,2026091412,VTSS,2.285,3.857,9.202,9.974,30.976,14.791,60.735,0.902,0.489
2026-09-15,12,2026091412,VTST,0.082,0.475,1.813,3.039,21.781,8.949,58.892,0.702,0.329
2026-09-15,12,2026091412,VTSY,49.071,46.06,96.597,40.14,141.675,23.942,147.108,0.898,0.529
2026-09-15,12,2026091412,VTUD,9.449,11.199,18.102,15.889,33.351,12.073,51.478,0.947,0.44
2026-09-15,12,2026091412,VTUI,7.55,7.239,9.576,6.039,10.954,6.671,22.101,1.0,0.147
2026-09-15,12,2026091412,VTUK,0.802,0.905,1.867,2.328,10.965,2.383,12.196,0.68,0.018
2026-09-15,12,2026091412,VTUL,4.289,6.198,18.963,5.539,18.963,7.015,54.794,0.884,0.2
2026-09-15,12,2026091412,VTUO,14.759,14.161,16.565,14.108,20.017,14.859,26.677,1.0,0.84
2026-09-15,12,2026091412,VTUQ,37.369,40.595,50.268,35.357,59.34,23.714,61.111,1.0,0.773
2026-09-15,12,2026091412,VTUU,1.631,1.778,2.791,2.794,8.996,2.657,20.143,0.649,0.053
2026-09-15,12,2026091412,VTUV,3.546,3.728,5.773,4.245,6.619,4.272,10.402,0.991,0.009
2026-09-15,12,2026091412,VTUW,11.304,14.322,26.635,16.362,37.18,19.568,39.881,1.0,0.853
2026-09-16,00,2026091500,VTBD,0.183,0.111,0.411,0.387,4.233,5.195,49.583,0.493,0.187
2026-09-16,00,2026091500,VTBO,7.56,9.245,15.217,9.941,22.562,10.8,34.452,0.969,0.449
2026-09-16,00,2026091500,VTBS,15.76,17.169,37.921,10.103,41.32,5.43,49.583,0.436,0.191
2026-09-16,00,2026091500,VTCC,0.015,0.02,0.079,0.549,10.679,2.467,78.347,0.164,0.08
2026-09-16,00,2026091500,VTCH,13.983,7.676,17.345,4.523,17.345,6.743,67.262,0.756,0.178
2026-09-16,00,2026091500,VTCL,0.238,0.116,0.263,0.127,0.732,4.199,42.791,0.431,0.133
2026-09-16,00,2026091500,VTCN,0.025,0.473,1.726,5.319,68.889,3.577,68.889,0.404,0.116
2026-09-16,00,2026091500,VTCP,16.611,22.21,53.774,18.994,53.774,13.927,61.174,0.871,0.462
2026-09-16,00,2026091500,VTCT,0.024,0.042,0.302,0.74,15.649,1.161,15.749,0.24,0.022
2026-09-16,00,2026091500,VTPB,22.935,27.494,52.708,20.849,60.571,15.073,60.571,0.947,0.547
2026-09-16,00,2026091500,VTPH,1.946,4.651,9.6,13.749,51.009,15.797,61.282,0.902,0.578
2026-09-16,00,2026091500,VTPM,4.708,5.317,9.523,7.313,15.257,4.393,18.016,0.827,0.111
2026-09-16,00,2026091500,VTPO,1.297,1.248,2.357,4.32,17.425,12.604,67.991,0.92,0.396
2026-09-16,00,2026091500,VTPP,17.853,22.861,48.952,31.315,60.107,29.71,87.073,1.0,0.876
2026-09-16,00,2026091500,VTSB,1.38,3.304,9.673,3.32,17.334,11.714,58.774,0.862,0.373
2026-09-16,00,2026091500,VTSC,0.535,0.743,1.763,2.547,22.224,13.329,196.238,0.609,0.284
2026-09-16,00,2026091500,VTSE,1.075,4.469,12.185,4.247,16.579,4.007,17.321,0.791,0.142
2026-09-16,00,2026091500,VTSF,10.799,12.025,21.823,16.426,62.122,16.609,74.507,0.947,0.56
2026-09-16,00,2026091500,VTSG,15.08,16.855,21.756,17.223,33.069,19.641,59.205,1.0,0.88
2026-09-16,00,2026091500,VTSM,8.299,9.586,16.215,12.385,24.438,9.8,29.754,0.898,0.458
2026-09-16,00,2026091500,VTSP,27.017,33.581,51.525,39.07,70.299,31.256,110.559,1.0,0.822
2026-09-16,00,2026091500,VTSR,28.316,30.95,57.055,43.42,125.424,39.581,144.342,1.0,0.92
2026-09-16,00,2026091500,VTSS,6.613,9.524,30.049,11.209,41.918,23.944,131.49,0.764,0.507
2026-09-16,00,2026091500,VTST,19.742,23.39,52.345,25.09,69.695,23.56,77.956,1.0,0.764
2026-09-16,00,2026091500,VTSY,52.315,51.75,77.953,52.404,86.199,63.514,184.319,1.0,0.973
2026-09-16,00,2026091500,VTUD,24.943,19.635,27.444,11.969,36.465,9.224,63.741,0.8,0.307
2026-09-16,00,2026091500,VTUI,52.663,44.879,65.874,27.699,65.874,19.494,65.874,0.96,0.684
2026-09-16,00,2026091500,VTUK,7.283,7.184,11.163,7.031,23.66,3.726,23.66,0.613,0.102
2026-09-16,00,2026091500,VTUL,6.34,4.62,13.07,4.052,15.868,3.144,32.102,0.516,0.08
2026-09-16,00,2026091500,VTUO,9.64,8.211,14.165,5.596,26.518,5.215,29.698,0.822,0.151
2026-09-16,00,2026091500,VTUQ,1.016,1.178,2.289,5.959,24.618,7.465,38.17,0.884,0.289
2026-09-16,00,2026091500,VTUU,11.691,7.42,16.292,4.777,16.292,7.295,33.098,0.778,0.298
2026-09-16,00,2026091500,VTUV,5.624,5.819,14.58,5.843,31.558,4.776,47.396,0.582,0.124
2026-09-16,00,2026091500,VTUW,13.705,24.438,41.157,24.493,50.912,17.253,75.293,0.969,0.604
2026-09-16,12,2026091512,VTBD,3.603,4.979,12.684,6.77,32.602,3.74,32.602,0.511,0.124
2026-09-16,12,2026091512,VTBO,10.921,16.395,22.24,18.062,34.606,25.559,69.772,1.0,0.844
2026-09-16,12,2026091512,VTBS,0.579,0.801,3.303,2.225,28.125,2.752,33.709,0.307,0.089
2026-09-16,12,2026091512,VTCC,0.346,0.792,1.808,3.023,31.73,3.453,31.73,0.431,0.12
2026-09-16,12,2026091512,VTCH,0.118,0.301,1.057,2.575,35.438,1.932,35.438,0.369,0.04
2026-09-16,12,2026091512,VTCL,1.737,2.142,3.905,4.319,19.516,4.108,28.586,0.542,0.133
2026-09-16,12,2026091512,VTCN,2.302,0.985,2.302,0.445,2.302,1.71,35.877,0.284,0.036
2026-09-16,12,2026091512,VTCP,5.238,7.52,19.456,10.945,32.445,11.473,58.601,0.902,0.453
2026-09-16,12,2026091512,VTCT,4.033,4.859,18.074,4.605,34.286,4.657,52.173,0.502,0.164
2026-09-16,12,2026091512,VTPB,9.878,9.262,13.851,8.764,22.844,7.792,29.207,0.858,0.307
2026-09-16,12,2026091512,VTPH,11.69,14.843,31.764,21.483,63.404,18.527,63.404,0.947,0.689
2026-09-16,12,2026091512,VTPM,0.009,0.026,0.07,0.179,0.64,0.741,6.124,0.236,0.0
2026-09-16,12,2026091512,VTPO,1.311,1.503,3.544,2.227,13.442,3.891,45.131,0.622,0.089
2026-09-16,12,2026091512,VTPP,16.367,14.752,26.464,12.298,41.27,8.884,43.502,0.796,0.329
2026-09-16,12,2026091512,VTSB,0.746,1.407,2.991,1.998,6.702,6.575,46.617,0.871,0.187
2026-09-16,12,2026091512,VTSC,36.69,41.999,57.711,42.33,83.994,41.102,138.8,0.991,0.858
2026-09-16,12,2026091512,VTSE,4.131,4.559,5.109,5.725,10.151,9.694,29.186,0.996,0.382
2026-09-16,12,2026091512,VTSF,38.799,39.035,46.819,36.87,76.888,40.873,98.416,1.0,0.982
2026-09-16,12,2026091512,VTSG,12.196,14.334,32.379,13.179,36.458,9.868,39.862,0.924,0.396
2026-09-16,12,2026091512,VTSM,0.025,0.081,0.141,0.34,3.54,0.756,4.881,0.227,0.0
2026-09-16,12,2026091512,VTSP,27.228,29.553,44.639,26.354,44.639,29.351,76.514,1.0,0.956
2026-09-16,12,2026091512,VTSR,57.795,59.944,85.524,56.657,104.244,52.867,121.418,1.0,0.991
2026-09-16,12,2026091512,VTSS,10.897,18.554,37.018,10.955,37.018,12.388,70.531,0.876,0.436
2026-09-16,12,2026091512,VTST,7.546,9.994,18.62,22.215,51.933,20.932,112.177,1.0,0.742
2026-09-16,12,2026091512,VTSY,27.135,30.401,47.03,50.406,142.48,58.397,211.06,1.0,0.978
2026-09-16,12,2026091512,VTUD,0.958,1.687,4.554,2.409,8.693,5.94,39.795,0.742,0.191
2026-09-16,12,2026091512,VTUI,0.683,1.283,2.948,1.795,6.901,2.944,17.522,0.573,0.071
2026-09-16,12,2026091512,VTUK,1.746,2.01,5.189,6.316,30.012,8.802,41.695,0.916,0.32
2026-09-16,12,2026091512,VTUL,11.479,11.61,19.995,18.643,62.725,12.224,62.725,0.907,0.449
2026-09-16,12,2026091512,VTUO,4.45,7.868,15.63,10.106,28.258,17.273,86.823,0.951,0.502
2026-09-16,12,2026091512,VTUQ,0.36,6.313,22.562,10.725,30.258,5.208,30.258,0.782,0.173
2026-09-16,12,2026091512,VTUU,0.342,0.258,0.389,0.191,0.6,1.555,18.234,0.289,0.031
2026-09-16,12,2026091512,VTUV,0.074,0.319,0.843,4.021,30.608,3.605,30.608,0.458,0.12
2026-09-16,12,2026091512,VTUW,1.294,2.688,11.356,3.584,18.8,3.975,38.415,0.56,0.138
2026-09-16,18,2026091518,VTBD,0.14,0.437,1.34,0.472,2.051,2.285,24.739,0.418,0.058
2026-09-16,18,2026091518,VTBO,37.608,39.276,51.759,31.447,52.864,23.318,52.864,1.0,0.751
2026-09-16,18,2026091518,VTBS,0.138,0.56,1.76,3.941,23.81,2.919,29.217,0.333,0.089
2026-09-16,18,2026091518,VTCC,0.647,0.493,1.384,1.416,9.269,2.37,42.633,0.387,0.04
2026-09-16,18,2026091518,VTCH,10.164,6.845,12.319,7.979,47.974,3.59,47.974,0.507,0.102
2026-09-16,18,2026091518,VTCL,0.464,0.579,1.558,0.863,3.208,1.036,7.382,0.302,0.0
2026-09-16,18,2026091518,VTCN,10.119,11.868,18.341,10.729,23.248,12.195,46.601,0.92,0.551
2026-09-16,18,2026091518,VTCP,13.556,15.999,22.504,22.355,43.036,26.573,77.56,1.0,0.991
2026-09-16,18,2026091518,VTCT,8.325,12.02,34.595,15.536,46.724,15.156,135.179,0.711,0.387
2026-09-16,18,2026091518,VTPB,11.848,13.256,16.736,14.127,29.593,12.776,32.548,1.0,0.622
2026-09-16,18,2026091518,VTPH,1.064,2.522,9.924,13.704,80.831,10.208,80.831,0.724,0.32
2026-09-16,18,2026091518,VTPM,0.019,0.014,0.03,0.672,15.76,5.351,53.147,0.462,0.191
2026-09-16,18,2026091518,VTPO,12.047,6.397,17.498,3.96,25.477,6.144,39.996,0.769,0.227
2026-09-16,18,2026091518,VTPP,3.029,11.661,39.557,18.478,84.962,14.485,84.962,0.827,0.471
2026-09-16,18,2026091518,VTSB,16.57,18.776,44.426,14.972,47.238,19.262,60.068,1.0,0.707
2026-09-16,18,2026091518,VTSC,52.821,43.16,63.584,29.658,63.584,24.49,67.835,1.0,0.818
2026-09-16,18,2026091518,VTSE,15.921,12.318,16.358,8.057,17.962,6.949,25.626,0.804,0.338
2026-09-16,18,2026091518,VTSF,5.979,6.287,11.195,13.198,54.109,27.948,123.406,0.924,0.644
2026-09-16,18,2026091518,VTSG,0.817,3.061,11.593,6.251,32.164,10.809,76.344,0.742,0.356
2026-09-16,18,2026091518,VTSM,0.013,0.123,0.491,0.223,1.149,1.091,18.193,0.187,0.027
2026-09-16,18,2026091518,VTSP,103.807,95.432,117.048,71.629,117.048,53.533,117.048,1.0,0.996
2026-09-16,18,2026091518,VTSR,60.776,64.596,88.185,60.825,104.055,44.26,106.072,1.0,0.956
2026-09-16,18,2026091518,VTSS,0.063,1.626,9.932,9.758,37.833,9.051,46.173,0.738,0.298
2026-09-16,18,2026091518,VTST,0.543,1.597,6.386,5.829,24.238,15.415,127.442,0.884,0.511
2026-09-16,18,2026091518,VTSY,4.778,5.685,9.307,17.726,73.909,51.448,178.649,1.0,0.862
2026-09-16,18,2026091518,VTUD,24.287,27.363,36.509,25.848,42.281,19.714,73.044,0.987,0.742
2026-09-16,18,2026091518,VTUI,1.56,1.344,1.995,2.538,9.443,2.52,12.721,0.689,0.013
2026-09-16,18,2026091518,VTUK,2.54,4.868,13.971,4.254,14.256,2.767,22.559,0.613,0.044
2026-09-16,18,2026091518,VTUL,15.898,18.995,44.304,15.013,48.906,14.113,65.508,0.969,0.507
2026-09-16,18,2026091518,VTUO,0.651,0.922,2.746,5.594,19.296,6.39,34.067,0.804,0.258
2026-09-16,18,2026091518,VTUQ,7.842,6.691,13.113,3.654,14.073,3.283,23.857,0.591,0.089
2026-09-16,18,2026091518,VTUU,0.158,0.242,0.603,0.417,1.356,0.518,3.281,0.169,0.0
2026-09-16,18,2026091518,VTUV,1.297,1.413,3.079,1.983,10.734,6.535,37.347,0.822,0.222
2026-09-16,18,2026091518,VTUW,4.269,3.674,5.297,5.888,23.563,4.925,23.563,0.849,0.138
2026-09-17,00,2026091600,VTBD,0.021,0.093,0.219,0.827,6.782,5.367,79.366,0.311,0.169
2026-09-17,00,2026091600,VTBO,9.897,8.701,20.707,11.843,57.887,17.023,101.137,0.862,0.449
2026-09-17,00,2026091600,VTBS,1.438,0.536,1.438,0.197,1.438,0.657,21.394,0.102,0.013
2026-09-17,00,2026091600,VTCC,0.113,0.895,3.054,4.447,60.283,7.164,64.021,0.689,0.209
2026-09-17,00,2026091600,VTCH,0.087,0.099,0.306,0.636,7.272,4.784,70.596,0.364,0.116
2026-09-17,00,2026091600,VTCL,0.056,0.115,0.238,0.381,1.81,2.32,29.383,0.413,0.049
2026-09-17,00,2026091600,VTCN,7.997,5.611,10.283,6.465,21.045,7.113,38.466,0.844,0.271
2026-09-17,00,2026091600,VTCP,3.473,2.97,7.15,3.284,28.273,11.306,93.152,0.649,0.276
2026-09-17,00,2026091600,VTCT,26.6,27.146,47.741,24.886,78.16,23.243,94.589,1.0,0.791
2026-09-17,00,2026091600,VTPB,10.492,9.237,13.52,13.06,52.506,10.86,80.318,0.769,0.324
2026-09-17,00,2026091600,VTPH,2.02,2.413,7.418,4.455,25.012,3.346,29.334,0.378,0.116
2026-09-17,00,2026091600,VTPM,0.042,0.109,0.242,0.374,1.959,0.61,5.628,0.187,0.0
2026-09-17,00,2026091600,VTPO,0.064,0.069,0.101,0.152,1.906,0.22,9.552,0.036,0.0
2026-09-17,00,2026091600,VTPP,39.187,29.889,45.296,15.592,64.658,6.08,67.938,0.533,0.173
2026-09-17,00,2026091600,VTSB,0.586,0.907,1.857,2.791,13.785,3.418,17.755,0.684,0.093
2026-09-17,00,2026091600,VTSC,0.257,1.511,4.957,2.23,15.706,10.335,72.45,0.538,0.289
2026-09-17,00,2026091600,VTSE,0.741,1.165,3.179,1.323,5.505,1.915,12.009,0.52,0.018
2026-09-17,00,2026091600,VTSF,0.0,0.0,0.0,0.009,0.151,0.347,11.399,0.062,0.004
2026-09-17,00,2026091600,VTSG,12.892,9.161,13.641,9.27,23.063,9.964,35.859,0.991,0.409
2026-09-17,00,2026091600,VTSM,0.246,0.13,0.262,0.148,0.675,0.87,7.798,0.231,0.0
2026-09-17,00,2026091600,VTSP,21.261,25.833,36.807,35.321,64.013,35.81,71.206,1.0,1.0
2026-09-17,00,2026091600,VTSR,53.167,55.359,79.264,57.517,104.519,45.666,110.063,1.0,0.916
2026-09-17,00,2026091600,VTSS,4.716,5.025,10.723,4.724,13.739,3.453,25.061,0.769,0.058
2026-09-17,00,2026091600,VTST,9.175,11.361,18.042,7.416,20.719,10.894,38.508,0.978,0.364
2026-09-17,00,2026091600,VTSY,7.614,9.441,22.278,8.168,34.759,10.449,74.841,0.742,0.333
2026-09-17,00,2026091600,VTUD,16.368,13.568,41.846,6.721,41.846,6.087,50.378,0.724,0.187
2026-09-17,00,2026091600,VTUI,10.117,8.333,15.834,7.641,22.907,6.723,43.841,0.849,0.262
2026-09-17,00,2026091600,VTUK,1.865,3.895,12.035,5.344,40.599,8.94,84.884,0.809,0.258
2026-09-17,00,2026091600,VTUL,4.071,5.612,13.519,5.706,23.327,10.965,71.224,0.742,0.333
2026-09-17,00,2026091600,VTUO,4.447,7.181,20.991,13.423,39.362,15.54,69.709,0.956,0.542
2026-09-17,00,2026091600,VTUQ,0.444,0.591,1.817,1.019,7.997,2.52,27.725,0.333,0.084
2026-09-17,00,2026091600,VTUU,0.826,2.297,6.628,10.216,53.135,19.411,100.83,0.956,0.56
2026-09-17,00,2026091600,VTUV,1.843,7.395,20.119,6.361,35.149,3.422,35.149,0.556,0.12
2026-09-17,00,2026091600,VTUW,9.697,16.084,22.291,20.692,39.325,19.236,74.342,0.991,0.729
2026-09-17,06,2026091606,VTBD,0.362,0.357,0.907,0.428,3.955,3.113,71.701,0.351,0.084
2026-09-17,06,2026091606,VTBO,6.346,11.76,23.701,14.223,49.582,17.679,72.747,0.978,0.596
2026-09-17,06,2026091606,VTBS,0.132,0.554,2.049,3.994,52.151,4.924,57.069,0.516,0.138
2026-09-17,06,2026091606,VTCC,6.753,9.59,20.531,17.129,72.12,11.928,72.12,0.853,0.409
2026-09-17,06,2026091606,VTCH,5.731,4.95,11.924,9.429,59.975,6.773,59.975,0.653,0.187
2026-09-17,06,2026091606,VTCL,4.249,8.523,25.545,9.365,34.486,10.355,112.677,0.782,0.329
2026-09-17,06,2026091606,VTCN,40.279,37.475,51.531,29.802,68.043,18.329,75.952,0.947,0.618
2026-09-17,06,2026091606,VTCP,0.426,1.827,6.21,9.063,45.743,16.118,86.654,0.813,0.427
2026-09-17,06,2026091606,VTCT,0.495,1.271,3.47,3.466,28.059,9.682,98.729,0.853,0.227
2026-09-17,06,2026091606,VTPB,0.046,0.068,0.109,0.145,1.121,1.197,32.1,0.173,0.027
2026-09-17,06,2026091606,VTPH,0.0,0.002,0.011,0.323,4.912,1.776,18.113,0.2,0.084
2026-09-17,06,2026091606,VTPM,0.012,0.035,0.125,0.042,0.351,0.282,4.303,0.093,0.0
2026-09-17,06,2026091606,VTPO,0.146,0.722,3.854,0.739,7.646,0.751,27.932,0.142,0.013
2026-09-17,06,2026091606,VTPP,23.464,9.38,30.215,6.193,30.215,17.416,121.753,0.676,0.436
2026-09-17,06,2026091606,VTSB,1.521,1.492,3.616,2.181,6.326,2.847,12.158,0.636,0.027
2026-09-17,06,2026091606,VTSC,2.41,5.304,16.644,6.237,22.675,5.052,31.681,0.676,0.164
2026-09-17,06,2026091606,VTSE,1.782,2.593,6.197,3.225,19.068,2.656,19.068,0.431,0.076
2026-09-17,06,2026091606,VTSF,11.112,11.499,18.05,11.333,34.176,9.232,81.632,0.738,0.316
2026-09-17,06,2026091606,VTSG,37.003,33.476,49.208,27.813,49.208,23.304,49.208,1.0,0.876
2026-09-17,06,2026091606,VTSM,0.359,0.791,1.24,1.819,6.84,1.914,12.931,0.529,0.027
2026-09-17,06,2026091606,VTSP,45.068,41.064,49.92,43.153,73.904,43.308,123.991,1.0,0.978
2026-09-17,06,2026091606,VTSR,34.272,34.095,44.79,39.153,111.58,40.918,111.58,1.0,0.933
2026-09-17,06,2026091606,VTSS,0.109,0.243,0.432,1.065,5.782,3.795,26.503,0.711,0.093
2026-09-17,06,2026091606,VTST,36.101,37.737,62.979,39.477,91.775,47.988,112.766,1.0,1.0
2026-09-17,06,2026091606,VTSY,31.263,33.491,47.856,25.801,47.856,24.242,139.484,0.991,0.742
2026-09-17,06,2026091606,VTUD,69.09,45.935,70.69,29.04,70.69,16.71,84.477,0.951,0.489
2026-09-17,06,2026091606,VTUI,12.987,11.912,21.388,9.875,26.689,11.059,46.761,0.933,0.471
2026-09-17,06,2026091606,VTUK,22.13,10.611,22.13,6.586,28.637,7.769,62.453,0.689,0.253
2026-09-17,06,2026091606,VTUL,23.859,30.952,56.316,33.946,106.519,26.403,106.519,0.973,0.68
2026-09-17,06,2026091606,VTUO,1.374,2.249,7.062,7.022,33.444,14.703,121.861,0.88,0.467
2026-09-17,06,2026091606,VTUQ,0.43,0.788,3.018,2.592,15.649,7.723,41.751,0.782,0.28
2026-09-17,06,2026091606,VTUU,0.474,0.893,2.789,1.628,18.731,1.002,18.731,0.204,0.027
2026-09-17,06,2026091606,VTUV,5.047,5.841,12.809,9.373,39.402,11.295,61.451,0.889,0.387
2026-09-17,06,2026091606,VTUW,11.701,7.212,13.203,5.324,13.833,5.24,26.395,0.809,0.178
2026-09-17,12,2026091612,VTBD,8.439,8.9,16.72,9.053,26.112,6.839,32.771,0.671,0.258
2026-09-17,12,2026091612,VTBO,19.527,21.32,42.749,16.657,42.749,15.95,71.966,1.0,0.484
2026-09-17,12,2026091612,VTBS,4.302,4.253,10.243,6.489,24.923,6.209,31.978,0.587,0.24
2026-09-17,12,2026091612,VTCC,0.4,2.521,12.421,4.212,25.841,2.685,25.841,0.409,0.084
2026-09-17,12,2026091612,VTCH,0.933,0.4,1.224,0.638,11.182,0.713,11.182,0.191,0.004
2026-09-17,12,2026091612,VTCL,0.008,0.025,0.048,0.036,0.125,0.351,10.773,0.067,0.004
2026-09-17,12,2026091612,VTCN,0.164,0.203,0.542,0.709,7.051,2.368,34.504,0.347,0.058
2026-09-17,12,2026091612,VTCP,0.075,0.565,2.783,0.558,3.435,2.688,39.995,0.356,0.089
2026-09-17,12,2026091612,VTCT,0.023,0.04,0.118,2.123,40.386,4.82,72.48,0.391,0.142
2026-09-17,12,2026091612,VTPB,0.626,1.047,5.43,4.452,46.791,3.646,46.791,0.409,0.116
2026-09-17,12,2026091612,VTPH,2.186,3.503,13.362,2.798,13.362,3.048,17.803,0.524,0.116
2026-09-17,12,2026091612,VTPM,0.165,0.14,0.23,0.311,1.384,1.281,20.042,0.249,0.022
2026-09-17,12,2026091612,VTPO,1.737,1.722,5.876,2.168,27.052,3.119,50.838,0.284,0.093
2026-09-17,12,2026091612,VTPP,3.418,12.156,48.104,20.559,86.079,13.834,87.088,0.729,0.351
2026-09-17,12,2026091612,VTSB,0.641,0.893,2.168,2.236,11.891,3.338,17.076,0.644,0.084
2026-09-17,12,2026091612,VTSC,2.283,1.662,3.907,1.441,10.226,1.885,13.302,0.391,0.04
2026-09-17,12,2026091612,VTSE,1.301,1.666,3.389,2.835,8.753,2.767,18.62,0.604,0.049
2026-09-17,12,2026091612,VTSF,0.008,0.054,0.183,0.751,10.411,3.075,29.136,0.342,0.111
2026-09-17,12,2026091612,VTSG,6.945,6.544,8.675,11.073,21.978,12.887,41.354,0.996,0.524
2026-09-17,12,2026091612,VTSM,0.743,1.543,4.377,3.02,11.177,4.196,23.262,0.6,0.124
2026-09-17,12,2026091612,VTSP,21.739,19.2,21.81,22.798,48.909,31.643,58.292,1.0,0.978
2026-09-17,12,2026091612,VTSR,7.964,10.815,13.805,20.744,52.888,29.549,104.439,1.0,0.818
2026-09-17,12,2026091612,VTSS,1.96,1.072,1.96,2.076,11.539,5.034,36.685,0.618,0.169
2026-09-17,12,2026091612,VTST,77.298,74.056,87.118,63.121,103.852,57.686,105.155,1.0,1.0
2026-09-17,12,2026091612,VTSY,28.441,36.038,73.725,28.067,81.373,16.786,81.373,0.947,0.578
2026-09-17,12,2026091612,VTUD,9.106,12.32,28.35,9.555,45.793,5.476,46.921,0.569,0.182
2026-09-17,12,2026091612,VTUI,31.945,35.886,90.554,19.53,90.554,12.437,90.554,0.964,0.44
2026-09-17,12,2026091612,VTUK,35.735,15.169,35.735,3.854,35.735,2.634,35.735,0.387,0.08
2026-09-17,12,2026091612,VTUL,3.3,3.474,7.655,4.69,31.506,18.631,196.975,0.64,0.364
2026-09-17,12,2026091612,VTUO,0.084,0.202,0.7,0.445,5.927,2.468,43.092,0.289,0.071
2026-09-17,12,2026091612,VTUQ,22.498,16.527,28.968,8.534,28.968,6.774,50.658,0.716,0.244
2026-09-17,12,2026091612,VTUU,0.677,1.968,7.871,0.802,7.871,0.806,15.748,0.164,0.009
2026-09-17,12,2026091612,VTUV,23.157,12.757,26.149,5.867,26.149,4.063,35.607,0.658,0.116
2026-09-17,12,2026091612,VTUW,26.798,30.764,59.445,35.161,94.507,21.964,94.507,1.0,0.716
2026-09-17,18,2026091618,VTBD,11.819,6.246,17.73,5.731,17.73,8.478,54.773,0.618,0.307
2026-09-17,18,2026091618,VTBO,5.17,6.179,14.024,8.711,41.528,18.56,81.259,0.924,0.489
2026-09-17,18,2026091618,VTBS,0.917,1.438,5.307,5.114,30.307,8.46,57.226,0.529,0.289
2026-09-17,18,2026091618,VTCC,42.355,44.691,70.943,33.806,87.792,14.478,87.792,0.84,0.422
2026-09-17,18,2026091618,VTCH,7.655,5.968,9.981,2.231,9.981,1.194,9.981,0.356,0.0
2026-09-17,18,2026091618,VTCL,0.034,0.042,0.065,0.052,0.136,0.855,18.651,0.138,0.027
2026-09-17,18,2026091618,VTCN,1.265,1.494,2.852,2.441,9.12,7.174,69.954,0.671,0.222
2026-09-17,18,2026091618,VTCP,13.808,22.114,55.807,31.493,84.478,27.475,157.726,0.947,0.707
2026-09-17,18,2026091618,VTCT,5.397,6.513,20.322,16.453,82.122,13.728,82.383,0.813,0.413
2026-09-17,18,2026091618,VTPB,3.424,3.807,7.163,4.808,23.302,8.178,72.946,0.68,0.258
2026-09-17,18,2026091618,VTPH,4.999,5.259,9.545,6.013,15.289,4.872,26.461,0.609,0.191
2026-09-17,18,2026091618,VTPM,1.112,2.432,7.74,1.408,11.202,1.448,17.698,0.333,0.022
2026-09-17,18,2026091618,VTPO,0.061,0.058,0.078,0.098,0.338,0.541,11.393,0.129,0.004
2026-09-17,18,2026091618,VTPP,0.185,0.555,1.455,1.87,13.264,4.25,49.044,0.462,0.133
2026-09-17,18,2026091618,VTSB,0.239,0.482,0.826,2.26,14.561,3.149,16.859,0.587,0.058
2026-09-17,18,2026091618,VTSC,1.388,1.092,2.231,2.271,13.012,4.992,34.064,0.729,0.151
2026-09-17,18,2026091618,VTSE,1.234,7.521,22.855,7.038,42.086,5.225,52.477,0.52,0.169
2026-09-17,18,2026091618,VTSF,0.269,1.111,2.58,2.957,17.9,4.551,39.934,0.618,0.133
2026-09-17,18,2026091618,VTSG,8.622,9.55,11.835,12.158,23.679,15.006,54.354,1.0,0.724
2026-09-17,18,2026091618,VTSM,0.117,0.103,0.273,0.099,0.688,0.131,1.66,0.022,0.0
2026-09-17,18,2026091618,VTSP,15.422,16.31,25.432,18.191,28.775,21.823,58.796,1.0,0.916
2026-09-17,18,2026091618,VTSR,28.035,27.835,47.781,26.828,63.556,25.902,79.186,1.0,0.804
2026-09-17,18,2026091618,VTSS,12.551,15.621,35.528,18.008,44.339,18.467,55.55,1.0,0.764
2026-09-17,18,2026091618,VTST,41.107,37.06,50.477,30.661,58.558,32.415,86.108,1.0,0.978
2026-09-17,18,2026091618,VTSY,5.024,5.502,10.745,12.028,43.914,16.484,70.596,0.987,0.564
2026-09-17,18,2026091618,VTUD,10.379,13.215,30.32,12.951,33.603,12.761,74.244,0.964,0.444
2026-09-17,18,2026091618,VTUI,9.953,7.089,12.721,5.764,17.602,8.361,49.476,0.858,0.289
2026-09-17,18,2026091618,VTUK,4.208,5.198,8.133,3.998,15.649,8.204,84.545,0.844,0.244
2026-09-17,18,2026091618,VTUL,1.665,4.702,17.178,14.116,51.399,16.885,88.373,0.938,0.551
2026-09-17,18,2026091618,VTUO,11.683,12.192,23.922,7.749,23.922,6.007,25.328,0.796,0.209
2026-09-17,18,2026091618,VTUQ,0.778,0.5,1.871,0.61,5.515,3.137,30.47,0.418,0.107
2026-09-17,18,2026091618,VTUU,0.576,0.41,0.777,0.406,2.248,1.52,42.663,0.293,0.022
2026-09-17,18,2026091618,VTUV,13.802,15.483,30.111,16.75,47.704,9.474,53.477,0.947,0.267
2026-09-17,18,2026091618,VTUW,1.754,2.437,4.32,3.7,20.06,5.625,29.204,0.853,0.173
2026-09-18,00,2026091700,VTBD,30.455,31.389,58.217,32.493,95.277,16.395,99.33,0.756,0.44
2026-09-18,00,2026091700,VTBO,50.403,32.348,65.251,21.46,65.251,11.081,65.251,0.778,0.36
2026-09-18,00,2026091700,VTBS,1.573,10.477,25.31,15.761,99.167,13.864,99.33,0.649,0.382
2026-09-18,00,2026091700,VTCC,9.364,7.64,10.892,7.002,44.333,5.922,44.333,0.836,0.218
2026-09-18,00,2026091700,VTCH,0.147,0.235,0.509,0.666,9.528,2.869,44.46,0.324,0.084
2026-09-18,00,2026091700,VTCL,8.839,9.249,15.956,9.3,25.456,9.291,29.665,0.942,0.391
2026-09-18,00,2026091700,VTCN,0.23,0.389,1.472,2.035,8.635,10.789,55.449,0.84,0.396
2026-09-18,00,2026091700,VTCP,48.036,47.257,97.491,33.983,97.491,22.704,97.491,0.996,0.809
2026-09-18,00,2026091700,VTCT,9.48,10.074,12.048,12.157,36.4,21.409,69.267,0.996,0.769
2026-09-18,00,2026091700,VTPB,8.637,6.643,10.476,5.785,28.968,15.666,113.48,0.996,0.396
2026-09-18,00,2026091700,VTPH,0.033,0.044,0.104,0.143,0.915,4.446,104.721,0.28,0.133
2026-09-18,00,2026091700,VTPM,0.022,0.043,0.149,0.341,5.297,0.613,17.732,0.156,0.004
2026-09-18,00,2026091700,VTPO,0.103,0.151,0.306,1.319,7.205,2.137,23.029,0.409,0.04
2026-09-18,00,2026091700,VTPP,2.962,2.557,12.512,2.328,23.739,2.654,38.542,0.502,0.058
2026-09-18,00,2026091700,VTSB,6.832,8.216,9.89,11.656,18.626,16.345,46.194,1.0,0.693
2026-09-18,00,2026091700,VTSC,0.089,0.206,0.45,1.669,11.755,3.237,15.905,0.547,0.129
2026-09-18,00,2026091700,VTSE,14.271,31.907,53.246,63.465,152.158,39.92,152.158,0.978,0.858
2026-09-18,00,2026091700,VTSF,0.175,0.36,1.78,0.548,6.461,1.636,19.486,0.276,0.053
2026-09-18,00,2026091700,VTSG,52.04,53.814,66.997,58.244,76.595,60.816,116.409,1.0,1.0
2026-09-18,00,2026091700,VTSM,14.555,12.632,31.801,11.424,32.434,6.436,33.929,0.591,0.258
2026-09-18,00,2026091700,VTSP,114.198,113.102,123.824,119.148,171.426,97.928,172.73,1.0,1.0
2026-09-18,00,2026091700,VTSR,30.257,38.917,75.824,59.725,120.282,59.806,155.284,1.0,0.987
2026-09-18,00,2026091700,VTSS,70.698,59.391,87.317,33.883,87.317,26.351,87.317,1.0,0.827
2026-09-18,00,2026091700,VTST,49.498,45.147,57.024,49.236,82.826,57.745,104.039,1.0,1.0
2026-09-18,00,2026091700,VTSY,9.235,12.967,21.767,14.765,35.069,10.903,45.398,0.844,0.436
2026-09-18,00,2026091700,VTUD,6.43,6.091,12.267,5.286,17.42,7.309,47.448,0.867,0.244
2026-09-18,00,2026091700,VTUI,0.019,0.029,0.08,0.04,0.294,1.057,11.336,0.173,0.013
2026-09-18,00,2026091700,VTUK,22.828,10.258,22.828,4.916,22.828,5.767,42.85,0.773,0.164
2026-09-18,00,2026091700,VTUL,11.185,11.89,16.284,11.759,36.856,16.169,82.09,1.0,0.613
2026-09-18,00,2026091700,VTUO,2.416,2.624,6.529,3.571,13.141,8.769,55.513,0.893,0.316
2026-09-18,00,2026091700,VTUQ,0.857,4.358,13.701,14.184,64.02,8.994,64.02,0.831,0.307
2026-09-18,00,2026091700,VTUU,0.471,0.994,4.016,1.548,14.704,2.286,34.217,0.404,0.049
2026-09-18,00,2026091700,VTUV,0.372,1.203,3.616,1.995,14.573,5.11,32.391,0.662,0.164
2026-09-18,00,2026091700,VTUW,0.055,0.261,1.42,0.346,2.331,0.647,8.698,0.156,0.0
2026-09-18,06,2026091706,VTBD,17.801,22.789,39.173,22.503,43.279,21.822,87.139,0.973,0.667
2026-09-18,06,2026091706,VTBO,21.972,23.183,37.097,19.773,57.356,15.539,95.162,0.942,0.502
2026-09-18,06,2026091706,VTBS,23.35,23.244,47.349,25.682,74.333,18.867,87.139,0.884,0.551
2026-09-18,06,2026091706,VTCC,5.648,5.448,7.388,9.292,25.846,24.33,77.209,1.0,0.791
2026-09-18,06,2026091706,VTCH,12.462,12.676,24.105,11.578,59.682,9.665,59.682,0.96,0.342
2026-09-18,06,2026091706,VTCL,1.161,1.887,4.268,4.125,24.417,11.346,64.356,0.956,0.32
2026-09-18,06,2026091706,VTCN,3.683,7.518,14.533,10.955,21.196,11.048,53.109,1.0,0.444
2026-09-18,06,2026091706,VTCP,11.792,14.737,26.633,15.592,44.074,12.634,115.287,0.978,0.418
2026-09-18,06,2026091706,VTCT,79.876,58.459,82.781,34.206,82.781,31.211,82.781,1.0,0.956
2026-09-18,06,2026091706,VTPB,19.641,19.465,23.691,18.074,41.585,14.584,56.138,1.0,0.542
2026-09-18,06,2026091706,VTPH,0.029,0.054,0.201,0.116,1.594,0.499,12.187,0.111,0.009
2026-09-18,06,2026091706,VTPM,1.545,2.964,11.576,3.75,16.656,6.991,59.965,0.844,0.244
2026-09-18,06,2026091706,VTPO,3.748,5.193,14.941,9.071,30.682,12.298,46.532,0.876,0.498
2026-09-18,06,2026091706,VTPP,0.468,0.759,2.691,1.473,5.603,3.37,33.253,0.591,0.098
2026-09-18,06,2026091706,VTSB,6.017,7.651,10.312,9.652,19.246,9.25,32.669,0.973,0.4
2026-09-18,06,2026091706,VTSC,16.021,15.133,16.871,17.933,30.599,26.699,55.458,1.0,0.973
2026-09-18,06,2026091706,VTSE,9.587,11.164,18.639,14.309,56.874,17.05,99.514,0.889,0.516
2026-09-18,06,2026091706,VTSF,0.676,1.04,2.602,0.725,2.826,1.003,13.557,0.231,0.013
2026-09-18,06,2026091706,VTSG,34.98,39.599,45.768,45.673,68.119,46.161,94.45,1.0,1.0
2026-09-18,06,2026091706,VTSM,0.637,0.833,1.826,1.422,4.095,1.915,26.047,0.556,0.022
2026-09-18,06,2026091706,VTSP,118.155,110.676,124.921,105.94,143.811,90.646,143.811,1.0,1.0
2026-09-18,06,2026091706,VTSR,43.886,55.292,84.551,56.763,111.085,60.302,142.936,1.0,1.0
2026-09-18,06,2026091706,VTSS,41.387,28.35,41.387,13.95,41.387,13.623,48.011,0.987,0.56
2026-09-18,06,2026091706,VTST,26.837,26.985,33.37,28.121,40.767,39.936,84.239,1.0,1.0
2026-09-18,06,2026091706,VTSY,9.518,8.498,13.505,7.597,18.872,5.381,19.944,0.844,0.191
2026-09-18,06,2026091706,VTUD,1.489,1.224,1.592,2.646,12.394,4.323,25.595,0.871,0.129
2026-09-18,06,2026091706,VTUI,0.001,0.025,0.095,0.35,2.466,0.471,3.345,0.169,0.0
2026-09-18,06,2026091706,VTUK,0.784,3.921,10.044,4.726,13.427,4.423,13.427,0.858,0.062
2026-09-18,06,2026091706,VTUL,14.4,16.684,37.192,14.364,56.011,19.522,57.92,1.0,0.8
2026-09-18,06,2026091706,VTUO,1.628,2.139,3.897,2.719,17.023,7.434,53.618,0.818,0.244
2026-09-18,06,2026091706,VTUQ,1.612,2.725,10.377,4.322,31.765,7.143,46.497,0.791,0.258
2026-09-18,06,2026091706,VTUU,3.192,2.2,5.05,1.578,10.709,0.865,10.709,0.24,0.004
2026-09-18,06,2026091706,VTUV,5.854,5.466,18.192,3.984,25.022,4.072,27.046,0.716,0.124
2026-09-18,06,2026091706,VTUW,0.649,1.3,3.343,5.131,21.479,2.938,21.479,0.453,0.102
2026-09-18,12,2026091712,VTBD,0.635,1.904,6.052,6.803,36.092,7.951,65.717,0.582,0.276
2026-09-18,12,2026091712,VTBO,0.502,0.58,1.85,1.002,6.946,4.943,46.391,0.569,0.164
2026-09-18,12,2026091712,VTBS,16.023,9.826,23.632,6.396,23.632,6.232,75.614,0.533,0.191
2026-09-18,12,2026091712,VTCC,7.222,6.649,9.191,5.347,17.483,7.797,61.216,0.884,0.2
2026-09-18,12,2026091712,VTCH,9.613,12.211,35.403,14.037,45.58,11.327,51.371,0.907,0.373
2026-09-18,12,2026091712,VTCL,23.426,33.124,60.452,33.714,63.362,25.879,76.344,1.0,0.907
2026-09-18,12,2026091712,VTCN,4.374,3.811,4.374,3.724,7.692,5.378,22.002,0.929,0.111
2026-09-18,12,2026091712,VTCP,1.062,0.88,1.724,1.072,4.333,2.534,26.898,0.462,0.071
2026-09-18,12,2026091712,VTCT,12.38,10.598,21.18,10.727,39.469,16.219,96.775,0.991,0.467
2026-09-18,12,2026091712,VTPB,3.763,6.144,10.243,6.905,47.409,12.016,75.556,1.0,0.342
2026-09-18,12,2026091712,VTPH,0.001,0.014,0.092,0.655,18.238,2.631,29.778,0.347,0.098
2026-09-18,12,2026091712,VTPM,0.343,0.442,0.625,0.996,7.141,6.122,41.29,0.702,0.244
2026-09-18,12,2026091712,VTPO,4.387,3.623,11.027,7.264,30.585,8.183,48.383,0.96,0.236
2026-09-18,12,2026091712,VTPP,6.07,7.257,16.195,8.569,31.405,8.25,68.043,0.911,0.249
2026-09-18,12,2026091712,VTSB,15.46,14.567,17.208,17.994,54.086,26.789,84.772,1.0,0.911
2026-09-18,12,2026091712,VTSC,9.227,12.623,23.374,12.081,32.755,10.505,36.086,0.951,0.422
2026-09-18,12,2026091712,VTSE,0.939,1.373,2.262,5.166,52.387,13.271,76.926,0.858,0.4
2026-09-18,12,2026091712,VTSF,0.13,0.236,0.654,0.796,3.774,2.81,28.698,0.529,0.062
2026-09-18,12,2026091712,VTSG,43.995,44.863,47.478,47.473,67.204,49.664,89.914,1.0,1.0
2026-09-18,12,2026091712,VTSM,0.201,0.556,0.896,0.754,2.886,1.55,20.8,0.342,0.022
2026-09-18,12,2026091712,VTSP,58.288,57.088,64.409,57.487,80.914,61.283,129.201,1.0,1.0
2026-09-18,12,2026091712,VTSR,87.117,82.204,97.423,82.316,120.343,60.607,120.343,1.0,1.0
2026-09-18,12,2026091712,VTSS,23.555,17.037,28.069,12.185,28.069,15.775,47.357,1.0,0.698
2026-09-18,12,2026091712,VTST,51.438,59.257,90.346,57.92,93.803,49.697,93.803,1.0,1.0
2026-09-18,12,2026091712,VTSY,1.208,1.176,1.999,0.759,2.172,1.817,12.654,0.404,0.022
2026-09-18,12,2026091712,VTUD,4.113,4.085,6.151,4.947,13.794,6.178,26.187,0.929,0.227
2026-09-18,12,2026091712,VTUI,1.036,1.099,1.919,0.794,2.86,0.811,4.028,0.28,0.0
2026-09-18,12,2026091712,VTUK,2.861,5.151,17.996,12.336,54.541,10.533,54.541,0.858,0.4
2026-09-18,12,2026091712,VTUL,15.447,13.772,21.829,12.808,29.115,15.197,53.418,1.0,0.658
2026-09-18,12,2026091712,VTUO,1.887,3.553,11.827,6.67,27.67,6.177,51.516,0.716,0.204
2026-09-18,12,2026091712,VTUQ,0.495,0.993,2.908,3.782,36.827,4.794,56.618,0.547,0.138
2026-09-18,12,2026091712,VTUU,2.637,4.541,12.603,4.051,23.727,2.857,33.148,0.48,0.071
2026-09-18,12,2026091712,VTUV,0.037,0.155,0.735,0.741,12.067,2.062,17.807,0.436,0.022
2026-09-18,12,2026091712,VTUW,0.034,0.284,1.269,0.576,2.568,1.01,12.123,0.244,0.009
2026-09-18,18,2026091718,VTBD,0.198,0.511,1.335,7.721,61.871,13.578,93.132,0.818,0.391
2026-09-18,18,2026091718,VTBO,0.315,0.721,2.171,2.519,13.803,8.576,61.253,0.827,0.258
2026-09-18,18,2026091718,VTBS,1.508,0.92,4.462,1.269,18.003,1.747,23.884,0.258,0.04
2026-09-18,18,2026091718,VTCC,15.371,12.84,17.594,12.148,36.047,11.567,49.514,0.92,0.493
2026-09-18,18,2026091718,VTCH,4.705,9.238,24.03,12.902,40.137,10.992,60.003,0.933,0.422
2026-09-18,18,2026091718,VTCL,6.907,8.292,18.505,8.336,28.024,10.432,40.716,0.991,0.404
2026-09-18,18,2026091718,VTCN,8.923,11.096,17.618,12.248,36.54,7.6,36.54,0.844,0.289
2026-09-18,18,2026091718,VTCP,2.199,1.926,3.513,1.908,7.898,3.33,19.701,0.813,0.031
2026-09-18,18,2026091718,VTCT,2.958,1.806,4.175,2.314,9.369,2.855,10.738,0.76,0.004
2026-09-18,18,2026091718,VTPB,1.773,2.204,5.201,4.089,15.683,11.972,65.672,0.991,0.404
2026-09-18,18,2026091718,VTPH,0.114,0.259,0.665,2.852,36.555,3.58,81.794,0.311,0.08
2026-09-18,18,2026091718,VTPM,0.246,0.541,0.98,1.067,4.197,3.075,31.397,0.524,0.089
2026-09-18,18,2026091718,VTPO,2.022,2.371,4.735,3.692,9.099,5.688,34.762,0.773,0.213
2026-09-18,18,2026091718,VTPP,0.887,0.881,2.591,1.198,7.291,2.188,20.991,0.507,0.027
2026-09-18,18,2026091718,VTSB,11.607,17.206,29.878,31.736,74.123,28.379,74.123,1.0,0.907
2026-09-18,18,2026091718,VTSC,14.969,18.846,42.714,15.663,42.714,13.074,42.714,0.982,0.467
2026-09-18,18,2026091718,VTSE,1.531,2.016,3.165,2.687,13.733,3.783,21.804,0.729,0.107
2026-09-18,18,2026091718,VTSF,6.347,7.255,11.379,6.744,14.248,6.442,47.653,0.942,0.138
2026-09-18,18,2026091718,VTSG,41.184,38.826,43.771,39.301,52.709,42.701,70.703,1.0,0.987
2026-09-18,18,2026091718,VTSM,6.964,7.399,10.932,10.304,37.787,11.413,48.579,0.916,0.413
2026-09-18,18,2026091718,VTSP,57.394,52.513,60.992,53.437,70.695,52.05,82.086,1.0,1.0
2026-09-18,18,2026091718,VTSR,90.726,84.32,125.254,85.499,144.141,71.499,144.141,1.0,1.0
2026-09-18,18,2026091718,VTSS,10.079,8.534,13.798,4.928,13.798,6.49,21.318,1.0,0.147
2026-09-18,18,2026091718,VTST,13.489,18.077,32.028,21.231,44.466,26.372,71.286,1.0,0.907
2026-09-18,18,2026091718,VTSY,0.017,0.037,0.118,0.142,0.744,0.216,2.467,0.062,0.0
2026-09-18,18,2026091718,VTUD,4.213,4.426,5.512,5.307,12.745,6.876,19.273,0.978,0.173
2026-09-18,18,2026091718,VTUI,11.972,9.027,13.131,5.331,16.488,3.307,19.028,0.618,0.098
2026-09-18,18,2026091718,VTUK,24.596,24.687,35.227,19.747,41.008,14.232,41.008,1.0,0.653
2026-09-18,18,2026091718,VTUL,35.773,29.657,39.249,26.734,58.136,30.805,94.779,1.0,0.742
2026-09-18,18,2026091718,VTUO,0.35,0.422,1.105,1.907,11.924,2.882,42.483,0.44,0.08
2026-09-18,18,2026091718,VTUQ,0.208,1.123,4.342,8.013,35.105,6.065,35.105,0.8,0.196
2026-09-18,18,2026091718,VTUU,18.41,14.571,33.903,14.822,52.754,6.452,52.754,0.64,0.222
2026-09-18,18,2026091718,VTUV,1.665,3.313,6.773,4.191,16.136,3.087,21.683,0.649,0.058
2026-09-18,18,2026091718,VTUW,0.0,0.01,0.09,0.016,0.271,0.202,3.769,0.053,0.0
2026-09-19,00,2026091800,VTBD,11.55,16.739,39.971,17.904,67.332,11.129,67.332,0.827,0.36
2026-09-19,00,2026091800,VTBO,42.276,42.572,72.349,37.747,78.088,27.537,119.278,0.982,0.68
2026-09-19,00,2026091800,VTBS,30.02,29.479,39.708,20.065,39.708,13.583,55.724,0.951,0.502
2026-09-19,00,2026091800,VTCC,3.874,3.087,5.733,2.63,8.675,3.765,24.058,0.738,0.098
2026-09-19,00,2026091800,VTCH,1.893,2.92,8.291,2.932,9.633,2.751,9.633,0.827,0.0
2026-09-19,00,2026091800,VTCL,0.171,0.266,0.547,0.927,6.881,2.22,23.994,0.431,0.031
2026-09-19,00,2026091800,VTCN,8.936,8.701,17.113,8.374,20.44,7.098,33.782,0.787,0.307
2026-09-19,00,2026091800,VTCP,2.062,1.033,2.062,0.312,2.062,0.261,2.82,0.067,0.0
2026-09-19,00,2026091800,VTCT,15.484,12.476,21.946,12.684,34.987,15.587,45.921,1.0,0.636
2026-09-19,00,2026091800,VTPB,2.33,5.166,13.406,5.036,15.042,5.471,21.709,0.84,0.16
2026-09-19,00,2026091800,VTPH,0.389,0.667,1.351,1.844,10.54,3.064,26.009,0.4,0.102
2026-09-19,00,2026091800,VTPM,0.098,0.105,0.247,0.433,2.505,1.653,25.779,0.498,0.013
2026-09-19,00,2026091800,VTPO,47.626,54.201,66.215,53.493,103.438,41.445,141.22,1.0,0.867
2026-09-19,00,2026091800,VTPP,11.378,8.335,11.818,9.941,29.252,20.776,62.987,0.996,0.756
2026-09-19,00,2026091800,VTSB,4.116,4.257,5.742,5.903,12.599,7.39,28.993,0.973,0.227
2026-09-19,00,2026091800,VTSC,5.223,6.228,10.685,5.404,18.074,9.479,66.713,0.693,0.262
2026-09-19,00,2026091800,VTSE,6.941,9.792,26.26,13.118,46.945,7.825,46.945,0.862,0.271
2026-09-19,00,2026091800,VTSF,2.64,3.076,6.359,4.787,14.292,4.682,19.623,0.831,0.124
2026-09-19,00,2026091800,VTSG,33.23,32.165,50.939,28.872,64.762,19.624,64.762,1.0,0.662
2026-09-19,00,2026091800,VTSM,0.46,0.393,0.811,3.283,32.226,7.376,38.425,0.511,0.284
2026-09-19,00,2026091800,VTSP,25.522,23.242,35.488,24.233,47.279,21.489,47.279,1.0,0.911
2026-09-19,00,2026091800,VTSR,41.275,40.106,49.127,34.982,50.581,24.516,56.502,1.0,0.924
2026-09-19,00,2026091800,VTSS,7.619,6.841,10.001,15.42,35.638,13.428,44.017,0.96,0.498
2026-09-19,00,2026091800,VTST,4.722,4.004,5.256,5.023,14.335,5.161,20.012,0.956,0.133
2026-09-19,00,2026091800,VTSY,4.535,3.088,9.034,4.743,31.161,4.969,38.44,0.551,0.142
2026-09-19,00,2026091800,VTUD,0.072,0.651,2.377,1.055,3.812,1.181,13.141,0.364,0.013
2026-09-19,00,2026091800,VTUI,13.994,10.602,18.225,4.779,18.241,1.89,18.241,0.396,0.036
2026-09-19,00,2026091800,VTUK,0.798,1.134,1.832,5.598,26.93,7.165,26.93,0.898,0.258
2026-09-19,00,2026091800,VTUL,3.764,7.111,21.669,12.009,32.364,13.574,73.826,1.0,0.511
2026-09-19,00,2026091800,VTUO,0.551,1.218,2.232,1.813,6.196,6.14,43.551,0.818,0.187
2026-09-19,00,2026091800,VTUQ,4.813,4.112,6.795,5.067,18.014,10.787,53.126,0.836,0.396
2026-09-19,00,2026091800,VTUU,8.01,11.395,18.796,10.569,26.009,7.747,58.735,0.8,0.231
2026-09-19,00,2026091800,VTUV,1.684,2.535,4.096,3.479,12.391,5.282,31.274,0.676,0.16
2026-09-19,00,2026091800,VTUW,0.0,0.006,0.05,0.151,1.715,0.777,8.947,0.204,0.0
2026-09-19,06,2026091806,VTBD,11.261,14.563,32.022,14.501,59.97,13.812,59.97,0.822,0.467
2026-09-19,06,2026091806,VTBO,149.646,141.019,176.316,114.494,176.316,82.659,189.801,1.0,0.956
2026-09-19,06,2026091806,VTBS,17.377,8.391,18.892,8.302,38.931,10.845,65.147,0.827,0.351
2026-09-19,06,2026091806,VTCC,7.93,9.306,15.679,10.036,18.1,8.606,22.784,1.0,0.324
2026-09-19,06,2026091806,VTCH,7.041,6.112,9.486,5.831,15.138,6.074,18.232,0.969,0.16
2026-09-19,06,2026091806,VTCL,6.294,6.642,7.833,6.697,11.5,7.48,22.804,0.996,0.169
2026-09-19,06,2026091806,VTCN,0.116,0.15,0.663,0.35,1.805,0.645,5.885,0.227,0.0
2026-09-19,06,2026091806,VTCP,1.964,3.621,12.618,4.983,25.217,3.776,25.217,0.622,0.12
2026-09-19,06,2026091806,VTCT,6.516,7.408,11.469,9.382,25.58,10.39,39.453,0.942,0.44
2026-09-19,06,2026091806,VTPB,1.281,1.43,1.745,2.42,7.333,4.728,29.399,0.88,0.129
2026-09-19,06,2026091806,VTPH,1.552,2.944,9.436,1.881,10.82,3.461,39.116,0.493,0.093
2026-09-19,06,2026091806,VTPM,0.54,0.622,1.055,0.649,1.44,1.023,6.002,0.369,0.0
2026-09-19,06,2026091806,VTPO,6.404,10.733,24.787,15.578,37.606,14.221,45.781,1.0,0.564
2026-09-19,06,2026091806,VTPP,18.687,14.878,21.466,9.791,22.798,11.203,43.71,0.978,0.48
2026-09-19,06,2026091806,VTSB,8.752,6.618,9.453,4.527,9.453,8.159,30.948,1.0,0.262
2026-09-19,06,2026091806,VTSC,15.442,16.606,28.259,15.449,30.571,24.167,100.368,0.978,0.751
2026-09-19,06,2026091806,VTSE,1.119,1.487,2.797,3.37,18.511,3.839,19.913,0.778,0.098
2026-09-19,06,2026091806,VTSF,9.929,8.487,11.642,9.947,29.033,11.404,38.548,0.956,0.476
2026-09-19,06,2026091806,VTSG,37.645,38.125,43.818,30.282,49.641,21.957,55.662,1.0,0.813
2026-09-19,06,2026091806,VTSM,1.126,3.194,12.022,12.689,51.374,10.498,58.528,0.738,0.293
2026-09-19,06,2026091806,VTSP,32.684,31.677,39.045,32.833,54.136,26.648,56.555,1.0,0.947
2026-09-19,06,2026091806,VTSR,32.955,33.475,42.725,32.333,53.335,23.892,53.335,1.0,0.991
2026-09-19,06,2026091806,VTSS,17.461,21.459,39.265,12.824,39.265,10.161,54.774,0.933,0.36
2026-09-19,06,2026091806,VTST,12.134,17.086,47.666,19.513,53.905,21.143,56.473,1.0,0.729
2026-09-19,06,2026091806,VTSY,68.559,63.901,97.956,46.216,97.956,31.586,118.888,1.0,0.822
2026-09-19,06,2026091806,VTUD,0.008,0.134,0.474,0.161,1.979,0.092,2.674,0.027,0.0
2026-09-19,06,2026091806,VTUI,0.0,0.0,0.0,0.009,0.204,0.201,7.69,0.036,0.0
2026-09-19,06,2026091806,VTUK,0.113,0.851,2.848,3.068,9.166,3.089,14.684,0.711,0.022
2026-09-19,06,2026091806,VTUL,1.293,2.978,11.649,6.66,23.643,9.42,61.878,0.702,0.382
2026-09-19,06,2026091806,VTUO,0.077,0.095,0.209,0.548,3.591,2.415,33.73,0.431,0.058
2026-09-19,06,2026091806,VTUQ,2.818,4.722,16.119,3.639,27.007,2.792,27.007,0.556,0.067
2026-09-19,06,2026091806,VTUU,0.169,0.758,2.69,0.861,5.185,1.841,34.092,0.364,0.031
2026-09-19,06,2026091806,VTUV,5.071,5.408,10.126,3.827,10.126,4.136,20.448,0.84,0.062
2026-09-19,06,2026091806,VTUW,0.0,0.001,0.004,0.007,0.038,0.053,1.344,0.009,0.0
2026-09-19,12,2026091812,VTBD,56.287,37.648,56.287,18.287,56.287,11.54,56.287,0.738,0.44
2026-09-19,12,2026091812,VTBO,23.275,14.845,27.608,15.625,35.024,26.715,109.95,1.0,0.809
2026-09-19,12,2026091812,VTBS,1.307,1.874,5.118,5.851,31.141,6.146,56.23,0.702,0.182
2026-09-19,12,2026091812,VTCC,0.431,1.707,5.717,3.854,17.373,3.663,34.794,0.476,0.129
2026-09-19,12,2026091812,VTCH,3.57,3.894,9.16,2.705,9.16,2.328,10.541,0.591,0.009
2026-09-19,12,2026091812,VTCL,0.33,0.372,0.717,0.734,5.992,1.156,8.406,0.289,0.0
2026-09-19,12,2026091812,VTCN,0.001,0.015,0.047,0.077,0.711,0.354,10.209,0.08,0.004
2026-09-19,12,2026091812,VTCP,1.286,1.161,1.912,0.932,5.213,0.755,5.213,0.293,0.0
2026-09-19,12,2026091812,VTCT,5.972,6.917,11.37,10.931,23.299,12.47,44.789,1.0,0.564
2026-09-19,12,2026091812,VTPB,25.564,29.427,38.362,31.128,45.749,19.759,45.749,0.982,0.724
2026-09-19,12,2026091812,VTPH,8.165,6.708,10.977,6.048,15.27,4.587,19.765,0.613,0.173
2026-09-19,12,2026091812,VTPM,2.685,2.738,5.309,1.888,5.309,2.44,14.143,0.596,0.009
2026-09-19,12,2026091812,VTPO,0.751,1.591,5.468,5.446,28.266,6.475,33.376,0.742,0.236
2026-09-19,12,2026091812,VTPP,0.16,0.337,0.553,1.245,5.891,2.683,13.44,0.573,0.036
2026-09-19,12,2026091812,VTSB,0.253,0.354,0.983,2.107,16.489,3.571,16.83,0.618,0.084
2026-09-19,12,2026091812,VTSC,27.879,18.099,31.74,12.516,39.612,20.496,95.358,0.867,0.551
2026-09-19,12,2026091812,VTSE,4.32,4.81,8.238,5.277,16.379,5.74,21.756,0.996,0.12
2026-09-19,12,2026091812,VTSF,3.856,3.423,5.142,4.123,16.912,5.789,32.847,0.676,0.2
2026-09-19,12,2026091812,VTSG,5.786,6.91,10.733,9.335,34.387,12.575,41.627,1.0,0.493
2026-09-19,12,2026091812,VTSM,3.898,9.985,22.514,14.491,43.867,14.805,53.135,1.0,0.591
2026-09-19,12,2026091812,VTSP,0.582,1.147,4.779,4.523,14.043,9.234,55.624,0.871,0.316
2026-09-19,12,2026091812,VTSR,22.857,31.843,47.639,43.513,63.162,41.856,87.713,1.0,0.996
2026-09-19,12,2026091812,VTSS,10.126,7.762,13.497,15.025,56.697,21.267,90.107,0.987,0.631
2026-09-19,12,2026091812,VTST,16.059,19.535,32.033,30.717,71.063,31.39,101.611,1.0,0.88
2026-09-19,12,2026091812,VTSY,7.371,10.838,24.624,12.456,49.302,18.105,76.259,1.0,0.604
2026-09-19,12,2026091812,VTUD,0.153,0.112,0.227,0.064,0.392,1.034,13.605,0.164,0.031
2026-09-19,12,2026091812,VTUI,3.712,3.2,5.705,1.958,10.174,1.342,10.174,0.293,0.004
2026-09-19,12,2026091812,VTUK,0.138,0.46,1.228,5.5,33.992,4.038,33.992,0.533,0.142
2026-09-19,12,2026091812,VTUL,2.067,2.191,4.681,2.602,7.748,2.634,17.236,0.6,0.036
2026-09-19,12,2026091812,VTUO,0.208,0.219,0.447,0.494,2.593,1.14,24.272,0.227,0.018
2026-09-19,12,2026091812,VTUQ,0.325,0.275,0.916,0.382,4.814,1.185,24.0,0.209,0.027
2026-09-19,12,2026091812,VTUU,1.501,2.14,3.982,3.492,10.511,3.855,33.103,0.631,0.12
2026-09-19,12,2026091812,VTUV,0.02,0.105,0.484,0.377,1.874,0.714,8.077,0.222,0.0
2026-09-19,12,2026091812,VTUW,13.523,5.798,19.244,3.152,21.952,4.771,37.543,0.462,0.178
2026-09-19,18,2026091818,VTBD,21.888,22.68,40.774,14.398,41.272,7.493,41.272,0.827,0.284
2026-09-19,18,2026091818,VTBO,33.052,25.469,33.624,19.474,55.99,18.014,94.832,0.947,0.511
2026-09-19,18,2026091818,VTBS,15.139,14.876,30.13,10.209,30.736,9.649,41.272,0.831,0.409
2026-09-19,18,2026091818,VTCC,0.263,0.216,0.381,0.649,7.786,1.137,19.554,0.271,0.004
2026-09-19,18,2026091818,VTCH,3.531,4.408,15.175,3.165,15.175,1.897,15.175,0.556,0.022
2026-09-19,18,2026091818,VTCL,0.203,0.208,0.561,0.119,0.659,0.239,2.808,0.062,0.0
2026-09-19,18,2026091818,VTCN,0.011,0.034,0.074,0.162,1.427,0.967,6.809,0.267,0.0
2026-09-19,18,2026091818,VTCP,5.158,4.65,10.95,3.86,15.355,1.247,15.355,0.249,0.031
2026-09-19,18,2026091818,VTCT,5.173,5.461,10.212,8.241,33.05,11.695,55.066,1.0,0.476
2026-09-19,18,2026091818,VTPB,2.502,2.234,3.904,3.565,13.106,3.658,13.106,0.902,0.049
2026-09-19,18,2026091818,VTPH,6.446,6.196,10.415,8.288,35.338,8.496,61.047,0.711,0.302
2026-09-19,18,2026091818,VTPM,5.077,4.022,5.077,3.242,5.816,3.964,12.38,0.942,0.009
2026-09-19,18,2026091818,VTPO,25.316,20.612,25.316,15.225,25.316,7.891,25.316,0.822,0.351
2026-09-19,18,2026091818,VTPP,1.309,2.697,5.04,3.892,10.526,4.165,24.128,0.764,0.08
2026-09-19,18,2026091818,VTSB,2.988,2.786,4.225,3.565,11.361,3.776,14.545,0.902,0.058
2026-09-19,18,2026091818,VTSC,2.495,3.566,8.479,4.173,20.484,7.696,64.986,0.662,0.267
2026-09-19,18,2026091818,VTSE,13.104,12.174,16.202,10.676,23.64,10.319,34.67,1.0,0.373
2026-09-19,18,2026091818,VTSF,1.405,2.575,7.676,4.559,15.084,5.944,22.228,0.893,0.204
2026-09-19,18,2026091818,VTSG,14.913,11.374,18.499,8.882,28.207,9.068,35.434,1.0,0.324
2026-09-19,18,2026091818,VTSM,0.193,0.25,0.673,0.69,3.373,0.827,4.473,0.253,0.0
2026-09-19,18,2026091818,VTSP,6.859,7.396,14.982,7.186,17.446,10.721,53.134,0.973,0.356
2026-09-19,18,2026091818,VTSR,34.412,40.352,68.115,43.223,69.937,37.92,78.221,1.0,0.96
2026-09-19,18,2026091818,VTSS,1.818,2.185,4.1,5.07,20.746,15.717,73.898,0.942,0.476
2026-09-19,18,2026091818,VTST,10.722,12.888,24.465,11.324,26.32,8.478,48.049,0.942,0.316
2026-09-19,18,2026091818,VTSY,30.209,38.528,63.836,44.199,92.967,38.304,143.91,1.0,0.853
2026-09-19,18,2026091818,VTUD,0.352,0.949,3.117,5.392,33.482,6.151,34.428,0.569,0.271
2026-09-19,18,2026091818,VTUI,13.003,9.319,15.68,5.29,18.173,5.04,19.603,0.818,0.187
2026-09-19,18,2026091818,VTUK,3.075,7.133,15.158,6.431,18.142,6.84,24.243,0.951,0.249
2026-09-19,18,2026091818,VTUL,6.001,6.379,7.752,9.534,22.238,6.762,22.757,0.969,0.222
2026-09-19,18,2026091818,VTUO,4.137,6.236,13.961,4.585,13.961,6.608,41.078,0.76,0.253
2026-09-19,18,2026091818,VTUQ,0.699,1.07,3.193,4.566,18.671,5.601,22.316,0.876,0.178
2026-09-19,18,2026091818,VTUU,1.345,2.213,7.658,1.461,12.598,1.539,16.506,0.298,0.027
2026-09-19,18,2026091818,VTUV,0.58,1.564,3.139,1.664,13.665,0.636,13.665,0.173,0.009
2026-09-19,18,2026091818,VTUW,13.316,8.578,13.998,5.045,18.924,5.457,27.064,0.738,0.191
2026-09-20,00,2026091900,VTBD,4.735,6.798,15.341,7.688,23.992,6.37,68.871,0.698,0.187
2026-09-20,00,2026091900,VTBO,40.616,40.288,59.494,30.932,59.494,20.777,71.365,0.947,0.578
2026-09-20,00,2026091900,VTBS,0.889,3.963,11.544,9.149,59.146,8.543,59.146,0.676,0.258
2026-09-20,00,2026091900,VTCC,11.771,12.072,20.845,10.297,24.234,8.67,39.814,0.88,0.338
2026-09-20,00,2026091900,VTCH,13.818,10.56,13.94,7.815,22.021,6.397,27.864,0.827,0.253
2026-09-20,00,2026091900,VTCL,5.193,8.719,17.856,8.272,20.664,8.615,37.31,0.969,0.316
2026-09-20,00,2026091900,VTCN,0.162,0.153,0.422,0.328,3.136,1.273,17.502,0.244,0.031
2026-09-20,00,2026091900,VTCP,6.061,7.16,17.962,10.156,48.292,9.35,61.576,0.707,0.311
2026-09-20,00,2026091900,VTCT,0.642,0.698,1.534,1.893,8.15,6.062,44.357,0.747,0.191
2026-09-20,00,2026091900,VTPB,0.116,0.29,1.186,1.728,16.756,4.571,27.767,0.644,0.169
2026-09-20,00,2026091900,VTPH,0.067,0.053,0.122,0.047,0.204,1.484,20.865,0.182,0.062
2026-09-20,00,2026091900,VTPM,36.418,34.111,61.642,20.884,61.642,12.914,61.642,0.978,0.436
2026-09-20,00,2026091900,VTPO,11.084,8.755,14.688,4.596,18.947,3.687,24.718,0.591,0.089
2026-09-20,00,2026091900,VTPP,2.536,6.828,17.712,10.206,19.712,13.298,51.427,1.0,0.524
2026-09-20,00,2026091900,VTSB,24.414,18.59,33.179,11.985,46.187,7.94,46.187,0.782,0.271
2026-09-20,00,2026091900,VTSC,6.223,8.121,18.902,9.82,31.757,13.182,93.339,0.622,0.436
2026-09-20,00,2026091900,VTSE,1.577,1.515,3.242,0.891,3.669,0.494,3.669,0.151,0.0
2026-09-20,00,2026091900,VTSF,0.342,0.466,0.91,0.746,2.335,2.75,28.224,0.578,0.067
2026-09-20,00,2026091900,VTSG,0.091,0.16,0.319,0.345,1.582,1.664,19.784,0.364,0.031
2026-09-20,00,2026091900,VTSM,0.06,0.043,0.079,0.044,0.264,0.104,1.097,0.013,0.0
2026-09-20,00,2026091900,VTSP,0.18,0.386,0.769,0.855,3.654,3.544,34.75,0.462,0.124
2026-09-20,00,2026091900,VTSR,1.135,2.272,4.113,2.646,6.047,2.947,10.89,0.769,0.004
2026-09-20,00,2026091900,VTSS,13.567,7.324,19.153,9.457,49.127,10.801,53.319,0.724,0.4
2026-09-20,00,2026091900,VTST,0.071,0.663,2.12,2.875,23.719,2.542,28.812,0.32,0.093
2026-09-20,00,2026091900,VTSY,48.991,38.47,56.155,35.179,92.47,45.378,151.026,1.0,0.893
2026-09-20,00,2026091900,VTUD,0.162,0.098,0.278,0.736,14.73,1.714,23.016,0.271,0.044
2026-09-20,00,2026091900,VTUI,0.027,0.26,0.839,0.413,1.657,0.677,13.274,0.191,0.004
2026-09-20,00,2026091900,VTUK,0.376,0.909,3.427,2.362,17.795,2.521,37.876,0.449,0.053
2026-09-20,00,2026091900,VTUL,5.089,6.821,12.814,11.596,52.321,8.515,52.321,0.751,0.284
2026-09-20,00,2026091900,VTUO,0.566,4.34,14.238,6.946,32.575,6.453,50.057,0.689,0.218
2026-09-20,00,2026091900,VTUQ,7.893,12.222,47.953,11.179,47.953,12.531,94.991,0.747,0.342
2026-09-20,00,2026091900,VTUU,0.068,0.156,0.466,0.768,6.011,3.782,59.804,0.484,0.093
2026-09-20,00,2026091900,VTUV,10.225,10.77,19.151,12.587,51.868,10.569,51.868,0.822,0.382
2026-09-20,00,2026091900,VTUW,3.168,2.689,3.68,5.019,21.562,5.513,29.07,0.893,0.142
2026-09-20,06,2026091906,VTBD,94.929,83.599,119.934,53.337,119.934,31.562,119.934,0.964,0.738
2026-09-20,06,2026091906,VTBO,4.455,5.635,10.13,8.131,30.694,16.072,65.559,0.978,0.489
2026-09-20,06,2026091906,VTBS,12.433,15.307,24.485,19.922,73.379,21.249,103.775,0.871,0.502
2026-09-20,06,2026091906,VTCC,3.594,8.258,18.968,11.336,28.06,7.856,39.201,0.818,0.267
2026-09-20,06,2026091906,VTCH,4.626,5.433,8.724,6.913,18.741,4.305,18.741,0.716,0.102
2026-09-20,06,2026091906,VTCL,2.32,2.796,5.072,3.455,12.521,4.284,18.902,0.853,0.093
2026-09-20,06,2026091906,VTCN,0.001,0.02,0.127,0.022,0.184,0.363,13.708,0.067,0.004
2026-09-20,06,2026091906,VTCP,4.079,4.094,6.938,4.481,14.402,10.26,58.085,0.769,0.36
2026-09-20,06,2026091906,VTCT,6.303,8.901,13.485,7.29,21.175,6.806,32.64,0.876,0.253
2026-09-20,06,2026091906,VTPB,0.381,2.021,7.075,3.436,19.869,3.322,27.279,0.471,0.093
2026-09-20,06,2026091906,VTPH,0.115,0.054,0.115,0.057,0.219,0.814,16.263,0.129,0.027
2026-09-20,06,2026091906,VTPM,34.117,34.034,50.601,32.93,99.013,27.535,104.784,0.982,0.911
2026-09-20,06,2026091906,VTPO,0.672,1.276,2.78,3.488,13.376,5.671,58.237,0.773,0.16
2026-09-20,06,2026091906,VTPP,0.28,0.307,0.449,0.423,1.124,1.931,23.947,0.418,0.027
2026-09-20,06,2026091906,VTSB,5.204,8.977,26.728,13.224,38.367,15.949,73.938,0.991,0.618
2026-09-20,06,2026091906,VTSC,1.307,0.821,1.845,1.112,8.259,1.942,17.547,0.453,0.027
2026-09-20,06,2026091906,VTSE,34.649,30.644,42.829,21.63,51.365,12.394,51.365,0.978,0.471
2026-09-20,06,2026091906,VTSF,1.29,4.838,13.248,10.266,45.565,5.145,45.565,0.573,0.16
2026-09-20,06,2026091906,VTSG,0.021,0.042,0.123,0.129,0.853,0.194,2.677,0.04,0.0
2026-09-20,06,2026091906,VTSM,0.716,0.532,0.883,0.821,5.776,9.43,92.001,0.551,0.204
2026-09-20,06,2026091906,VTSP,3.225,3.757,6.619,6.114,36.351,8.136,70.347,0.764,0.271
2026-09-20,06,2026091906,VTSR,1.305,1.323,2.649,0.676,2.649,0.512,3.659,0.151,0.0
2026-09-20,06,2026091906,VTSS,5.522,6.637,14.295,7.136,33.86,10.786,58.433,0.907,0.413
2026-09-20,06,2026091906,VTST,0.099,0.078,0.219,0.07,0.297,0.102,1.359,0.009,0.0
2026-09-20,06,2026091906,VTSY,24.222,27.633,41.186,35.954,102.126,28.552,111.184,0.996,0.782
2026-09-20,06,2026091906,VTUD,5.721,11.409,19.568,8.104,29.443,4.77,29.443,0.716,0.156
2026-09-20,06,2026091906,VTUI,0.0,0.012,0.053,0.132,1.518,0.597,12.42,0.147,0.013
2026-09-20,06,2026091906,VTUK,2.327,7.81,17.865,6.956,24.446,4.092,36.88,0.667,0.111
2026-09-20,06,2026091906,VTUL,4.915,2.055,5.833,1.357,5.833,4.666,42.139,0.573,0.16
2026-09-20,06,2026091906,VTUO,5.15,1.96,5.409,2.047,24.894,2.408,44.075,0.342,0.058
2026-09-20,06,2026091906,VTUQ,19.712,13.488,52.172,9.534,52.172,6.628,68.02,0.618,0.213
2026-09-20,06,2026091906,VTUU,3.456,6.295,11.217,8.468,48.407,9.418,51.977,0.787,0.342
2026-09-20,06,2026091906,VTUV,14.772,15.801,24.467,15.788,41.326,18.956,63.37,1.0,0.693
2026-09-20,06,2026091906,VTUW,0.135,0.509,1.997,0.778,5.993,4.048,41.146,0.418,0.142
2026-09-20,12,2026091912,VTBD,41.088,36.129,51.59,37.685,70.307,29.039,91.99,0.996,0.711
2026-09-20,12,2026091912,VTBO,6.659,5.9,10.301,11.538,46.521,15.921,87.276,0.947,0.436
2026-09-20,12,2026091912,VTBS,1.013,1.108,2.03,2.977,25.331,11.011,76.321,0.827,0.289
2026-09-20,12,2026091912,VTCC,15.43,13.276,23.906,8.842,33.786,7.647,36.546,0.893,0.32
2026-09-20,12,2026091912,VTCH,0.169,0.275,0.751,2.752,29.044,3.552,37.43,0.431,0.12
2026-09-20,12,2026091912,VTCL,3.348,8.415,22.092,9.396,30.665,8.836,38.245,0.884,0.347
2026-09-20,12,2026091912,VTCN,3.36,5.479,11.026,4.486,22.487,2.487,27.337,0.373,0.067
2026-09-20,12,2026091912,VTCP,0.148,0.136,0.348,1.514,22.097,3.695,38.186,0.373,0.151
2026-09-20,12,2026091912,VTCT,4.651,2.723,5.131,2.854,14.439,4.172,48.327,0.653,0.107
2026-09-20,12,2026091912,VTPB,0.028,0.35,2.381,2.076,15.518,6.886,65.063,0.636,0.253
2026-09-20,12,2026091912,VTPH,8.42,9.492,16.061,16.711,62.409,17.081,96.251,0.956,0.471
2026-09-20,12,2026091912,VTPM,19.721,22.317,26.688,22.359,41.987,21.022,67.146,0.996,0.809
2026-09-20,12,2026091912,VTPO,3.062,3.179,5.128,2.944,6.142,3.945,74.48,0.8,0.049
2026-09-20,12,2026091912,VTPP,16.998,13.943,20.158,13.143,37.12,11.533,68.497,0.804,0.387
2026-09-20,12,2026091912,VTSB,0.016,0.06,0.128,0.144,2.161,0.895,21.899,0.169,0.022
2026-09-20,12,2026091912,VTSC,0.331,0.431,1.67,6.741,52.999,19.383,110.415,0.516,0.382
2026-09-20,12,2026091912,VTSE,2.566,3.042,6.482,5.525,32.161,10.366,64.92,0.876,0.316
2026-09-20,12,2026091912,VTSF,0.393,0.436,0.555,0.246,0.691,0.653,5.092,0.204,0.0
2026-09-20,12,2026091912,VTSG,32.442,32.298,44.114,23.921,48.579,12.207,48.579,0.924,0.427
2026-09-20,12,2026091912,VTSM,0.069,0.097,0.154,0.148,0.54,0.714,6.58,0.218,0.0
2026-09-20,12,2026091912,VTSP,0.517,0.505,0.731,0.557,1.396,0.564,3.972,0.138,0.0
2026-09-20,12,2026091912,VTSR,0.51,0.588,1.669,0.435,2.004,0.681,4.094,0.249,0.0
2026-09-20,12,2026091912,VTSS,21.705,27.236,44.082,37.152,91.268,30.809,91.268,1.0,0.973
2026-09-20,12,2026091912,VTST,8.571,9.334,12.394,11.429,26.566,14.919,57.792,0.902,0.538
2026-09-20,12,2026091912,VTSY,7.621,10.834,26.314,12.477,28.974,24.625,155.855,1.0,0.729
2026-09-20,12,2026091912,VTUD,0.519,0.374,1.281,0.531,4.185,1.516,13.862,0.364,0.018
2026-09-20,12,2026091912,VTUI,10.605,5.002,11.488,3.157,11.488,3.139,25.758,0.467,0.098
2026-09-20,12,2026091912,VTUK,0.667,0.928,2.701,2.218,13.394,4.522,26.97,0.613,0.169
2026-09-20,12,2026091912,VTUL,1.525,0.905,2.151,1.017,5.442,0.971,15.56,0.262,0.004
2026-09-20,12,2026091912,VTUO,5.965,6.384,11.674,6.039,25.593,8.801,50.999,0.867,0.302
2026-09-20,12,2026091912,VTUQ,0.252,1.027,2.919,5.955,45.907,6.996,45.907,0.782,0.222
2026-09-20,12,2026091912,VTUU,14.728,18.151,33.698,20.795,72.778,19.058,73.137,0.978,0.662
2026-09-20,12,2026091912,VTUV,0.976,6.988,23.249,8.762,29.573,9.385,29.915,0.947,0.378
2026-09-20,12,2026091912,VTUW,16.008,14.972,23.08,9.026,48.142,4.798,48.514,0.667,0.124
2026-09-20,18,2026091918,VTBD,1.681,3.211,9.519,3.989,19.228,6.277,37.148,0.631,0.24
2026-09-20,18,2026091918,VTBO,91.978,89.538,95.521,76.282,101.28,49.527,101.28,1.0,0.884
2026-09-20,18,2026091918,VTBS,0.147,0.367,1.527,4.071,27.936,6.292,48.544,0.591,0.236
2026-09-20,18,2026091918,VTCC,2.544,2.459,4.425,2.909,13.529,2.664,13.995,0.631,0.044
2026-09-20,18,2026091918,VTCH,0.431,1.415,6.295,3.83,21.106,3.715,22.848,0.538,0.151
2026-09-20,18,2026091918,VTCL,24.965,20.309,30.744,17.502,36.669,15.995,45.513,0.982,0.644
2026-09-20,18,2026091918,VTCN,0.066,0.164,0.6,0.577,6.127,3.016,53.892,0.329,0.093
2026-09-20,18,2026091918,VTCP,3.675,3.417,6.895,5.667,29.321,5.818,54.472,0.64,0.182
2026-09-20,18,2026091918,VTCT,0.279,0.561,1.213,0.872,7.005,1.332,18.382,0.324,0.009
2026-09-20,18,2026091918,VTPB,0.021,0.036,0.108,0.254,1.662,3.339,46.004,0.356,0.111
2026-09-20,18,2026091918,VTPH,0.943,0.999,2.357,2.758,28.244,5.726,47.097,0.511,0.191
2026-09-20,18,2026091918,VTPM,8.672,7.122,9.764,6.185,13.989,8.688,59.208,0.862,0.316
2026-09-20,18,2026091918,VTPO,2.57,2.94,3.928,5.3,31.583,6.006,59.659,0.809,0.142
2026-09-20,18,2026091918,VTPP,42.166,37.146,48.336,31.8,52.318,26.732,62.212,1.0,0.862
2026-09-20,18,2026091918,VTSB,7.667,9.864,23.909,12.032,30.891,10.894,31.487,1.0,0.431
2026-09-20,18,2026091918,VTSC,31.839,27.353,50.809,12.039,50.809,16.89,125.603,0.764,0.356
2026-09-20,18,2026091918,VTSE,14.897,15.643,20.313,19.265,43.407,13.32,43.407,0.916,0.529
2026-09-20,18,2026091918,VTSF,55.027,53.733,62.109,56.674,104.478,47.16,106.342,1.0,0.942
2026-09-20,18,2026091918,VTSG,103.088,104.502,136.543,90.089,145.902,64.546,173.472,1.0,1.0
2026-09-20,18,2026091918,VTSM,22.018,19.939,45.738,18.351,52.416,21.146,61.945,1.0,0.747
2026-09-20,18,2026091918,VTSP,12.852,15.688,31.133,18.94,40.445,24.072,71.248,1.0,0.716
2026-09-20,18,2026091918,VTSR,3.401,3.83,4.475,3.509,7.719,5.609,19.455,0.942,0.16
2026-09-20,18,2026091918,VTSS,1.987,1.978,3.197,2.564,9.26,5.903,32.579,0.796,0.178
2026-09-20,18,2026091918,VTST,31.833,30.695,44.925,30.46,66.241,38.708,124.037,1.0,1.0
2026-09-20,18,2026091918,VTSY,2.642,4.974,17.127,14.77,91.883,17.676,131.272,0.893,0.413
2026-09-20,18,2026091918,VTUD,0.201,0.807,2.605,2.351,16.774,5.233,30.902,0.716,0.169
2026-09-20,18,2026091918,VTUI,0.344,0.096,0.344,0.117,0.976,1.491,33.261,0.218,0.036
2026-09-20,18,2026091918,VTUK,57.911,41.613,63.152,24.078,63.152,19.619,100.034,1.0,0.653
2026-09-20,18,2026091918,VTUL,20.579,21.36,34.453,16.144,57.627,13.36,70.387,0.92,0.467
2026-09-20,18,2026091918,VTUO,33.436,19.466,35.098,12.339,43.943,10.741,60.786,0.987,0.329
2026-09-20,18,2026091918,VTUQ,17.404,18.773,29.517,19.411,70.913,11.268,70.913,0.964,0.382
2026-09-20,18,2026091918,VTUU,17.454,16.756,29.467,16.522,31.026,14.294,91.698,0.969,0.511
2026-09-20,18,2026091918,VTUV,21.44,23.502,40.403,27.092,83.27,19.634,83.27,0.978,0.684
2026-09-20,18,2026091918,VTUW,0.0,0.0,0.0,0.106,1.369,0.269,2.475,0.089,0.0
2026-09-21,00,2026092000,VTBD,0.857,1.342,4.566,3.214,27.694,9.304,92.072,0.693,0.222
2026-09-21,00,2026092000,VTBO,20.084,16.553,23.389,13.884,39.334,21.681,84.541,1.0,0.724
2026-09-21,00,2026092000,VTBS,16.709,9.502,21.476,5.974,21.476,5.808,41.362,0.769,0.187
2026-09-21,00,2026092000,VTCC,1.426,1.911,3.834,6.511,31.686,6.7,34.022,0.813,0.244
2026-09-21,00,2026092000,VTCH,16.595,24.915,47.833,25.59,69.664,17.375,69.664,0.902,0.627
2026-09-21,00,2026092000,VTCL,0.046,0.18,0.603,0.461,7.955,0.652,9.938,0.151,0.0
2026-09-21,00,2026092000,VTCN,0.06,0.09,0.526,1.126,14.373,3.076,37.61,0.316,0.107
2026-09-21,00,2026092000,VTCP,6.538,5.443,9.666,7.733,36.773,6.11,43.809,0.742,0.196
2026-09-21,00,2026092000,VTCT,5.595,6.991,9.977,9.657,26.712,9.102,35.949,0.804,0.36
2026-09-21,00,2026092000,VTPB,14.26,16.447,24.983,10.811,31.774,5.372,36.521,0.729,0.191
2026-09-21,00,2026092000,VTPH,17.643,16.905,33.247,10.125,50.677,5.169,50.677,0.733,0.142
2026-09-21,00,2026092000,VTPM,6.108,6.517,9.611,6.812,32.649,14.259,86.002,0.867,0.369
2026-09-21,00,2026092000,VTPO,0.933,1.673,4.221,0.993,5.407,1.53,38.256,0.276,0.027
2026-09-21,00,2026092000,VTPP,0.529,1.162,3.091,5.057,60.292,3.088,60.292,0.396,0.049
2026-09-21,00,2026092000,VTSB,4.011,3.384,4.571,3.617,8.618,7.586,93.694,0.684,0.196
2026-09-21,00,2026092000,VTSC,0.446,0.71,2.054,1.29,10.633,0.934,12.282,0.227,0.013
2026-09-21,00,2026092000,VTSE,23.567,22.569,40.328,15.227,40.328,11.313,45.299,0.742,0.431
2026-09-21,00,2026092000,VTSF,37.146,35.394,44.668,28.277,45.465,19.177,50.433,1.0,0.702
2026-09-21,00,2026092000,VTSG,0.027,0.026,0.064,0.024,0.086,0.045,0.813,0.0,0.0
2026-09-21,00,2026092000,VTSM,0.045,0.045,0.107,0.171,2.794,0.689,13.092,0.133,0.009
2026-09-21,00,2026092000,VTSP,0.019,0.009,0.019,0.01,0.08,0.048,0.678,0.0,0.0
2026-09-21,00,2026092000,VTSR,4.483,3.743,6.589,1.998,9.196,1.137,9.196,0.298,0.0
2026-09-21,00,2026092000,VTSS,4.889,4.886,8.36,6.833,36.933,5.343,53.734,0.52,0.178
2026-09-21,00,2026092000,VTST,1.48,5.305,10.997,9.521,33.57,4.94,33.57,0.631,0.164
2026-09-21,00,2026092000,VTSY,8.286,7.412,12.977,10.056,34.414,7.868,42.316,0.938,0.284
2026-09-21,00,2026092000,VTUD,0.013,0.471,1.228,0.793,6.576,0.238,6.576,0.062,0.0
2026-09-21,00,2026092000,VTUI,0.0,0.0,0.0,0.001,0.026,0.004,0.241,0.0,0.0
2026-09-21,00,2026092000,VTUK,0.018,0.016,0.046,0.13,1.688,0.258,5.272,0.062,0.0
2026-09-21,00,2026092000,VTUL,2.565,3.416,5.495,2.568,6.164,7.925,60.061,0.804,0.271
2026-09-21,00,2026092000,VTUO,22.044,19.699,40.091,16.899,46.898,21.728,115.055,0.947,0.68
2026-09-21,00,2026092000,VTUQ,0.915,1.804,4.823,1.724,10.7,3.271,23.623,0.556,0.08
2026-09-21,00,2026092000,VTUU,1.39,1.633,2.368,2.438,8.637,5.029,60.9,0.724,0.111
2026-09-21,00,2026092000,VTUV,0.122,0.144,0.442,0.153,0.94,0.245,2.469,0.053,0.0
2026-09-21,00,2026092000,VTUW,0.0,0.0,0.0,0.0,0.0,0.0,0.008,0.0,0.0
2026-09-21,06,2026092006,VTBD,3.635,4.122,8.239,6.981,28.558,10.357,51.881,0.769,0.351
2026-09-21,06,2026092006,VTBO,13.391,18.993,31.772,31.189,64.57,38.951,128.371,1.0,0.956
2026-09-21,06,2026092006,VTBS,3.895,5.913,12.51,18.843,82.481,24.555,125.29,0.849,0.502
2026-09-21,06,2026092006,VTCC,0.428,1.091,4.6,4.983,38.282,4.886,38.282,0.662,0.142
2026-09-21,06,2026092006,VTCH,14.898,15.058,24.018,16.34,58.625,15.337,58.8,0.991,0.573
2026-09-21,06,2026092006,VTCL,7.665,8.339,20.41,6.489,27.362,4.258,27.362,0.742,0.107
2026-09-21,06,2026092006,VTCN,0.062,0.323,2.394,0.943,10.939,3.261,39.533,0.391,0.098
2026-09-21,06,2026092006,VTCP,15.644,7.778,15.644,8.639,34.72,8.705,52.098,0.796,0.284
2026-09-21,06,2026092006,VTCT,5.104,6.959,16.128,9.232,32.607,9.095,32.607,0.911,0.396
2026-09-21,06,2026092006,VTPB,0.498,1.415,7.96,1.198,13.715,2.073,18.529,0.351,0.062
2026-09-21,06,2026092006,VTPH,3.915,4.579,8.133,10.27,31.314,11.694,46.278,0.933,0.418
2026-09-21,06,2026092006,VTPM,1.004,1.497,4.493,3.283,12.983,10.994,80.349,0.796,0.302
2026-09-21,06,2026092006,VTPO,1.898,2.751,8.411,1.819,18.066,0.855,18.066,0.182,0.009
2026-09-21,06,2026092006,VTPP,0.036,0.666,5.043,0.82,11.194,1.771,22.858,0.369,0.018
2026-09-21,06,2026092006,VTSB,3.818,5.228,14.134,13.199,46.627,16.234,51.559,0.769,0.444
2026-09-21,06,2026092006,VTSC,2.816,5.797,11.497,6.262,15.596,4.818,25.975,0.711,0.156
2026-09-21,06,2026092006,VTSE,0.406,0.956,2.67,2.723,12.541,2.486,28.862,0.476,0.053
2026-09-21,06,2026092006,VTSF,0.789,2.214,6.491,6.18,17.715,10.05,40.445,0.84,0.404
2026-09-21,06,2026092006,VTSG,0.096,0.036,0.096,0.048,0.452,0.105,3.339,0.027,0.0
2026-09-21,06,2026092006,VTSM,0.124,0.232,0.658,0.166,0.658,0.124,0.815,0.0,0.0
2026-09-21,06,2026092006,VTSP,0.006,0.008,0.027,0.013,0.183,0.066,0.938,0.0,0.0
2026-09-21,06,2026092006,VTSR,2.952,1.507,4.69,1.403,5.505,2.045,12.56,0.551,0.027
2026-09-21,06,2026092006,VTSS,7.995,7.461,12.045,9.465,30.17,9.088,34.351,0.787,0.373
2026-09-21,06,2026092006,VTST,0.001,0.228,1.024,0.973,8.894,0.798,11.304,0.196,0.004
2026-09-21,06,2026092006,VTSY,10.78,6.543,11.104,3.154,11.104,2.952,18.643,0.609,0.071
2026-09-21,06,2026092006,VTUD,4.201,0.867,4.201,0.426,4.201,0.193,4.201,0.04,0.0
2026-09-21,06,2026092006,VTUI,0.0,0.0,0.0,0.0,0.0,0.002,0.088,0.0,0.0
2026-09-21,06,2026092006,VTUK,0.936,3.273,10.679,3.935,14.41,4.141,32.533,0.551,0.138
2026-09-21,06,2026092006,VTUL,0.059,0.997,4.857,1.813,7.122,2.316,11.086,0.689,0.004
2026-09-21,06,2026092006,VTUO,0.543,1.207,2.943,2.146,8.432,4.283,24.567,0.636,0.133
2026-09-21,06,2026092006,VTUQ,27.237,36.182,52.318,33.66,70.089,20.971,117.995,0.996,0.587
2026-09-21,06,2026092006,VTUU,0.143,0.438,1.828,1.748,8.194,2.24,19.999,0.4,0.067
2026-09-21,06,2026092006,VTUV,1.108,0.882,1.634,0.49,1.634,0.293,1.634,0.08,0.0
2026-09-21,06,2026092006,VTUW,0.0,0.0,0.0,0.0,0.002,0.012,1.037,0.004,0.0
2026-09-21,12,2026092012,VTBD,3.357,1.554,3.357,1.864,8.593,5.47,38.057,0.538,0.204
2026-09-21,12,2026092012,VTBO,30.182,24.693,34.411,20.699,37.8,19.018,80.659,1.0,0.667
2026-09-21,12,2026092012,VTBS,13.954,25.851,63.151,29.938,138.459,20.978,138.459,0.769,0.36
2026-09-21,12,2026092012,VTCC,1.132,1.888,5.391,3.497,21.731,5.016,28.537,0.693,0.173
2026-09-21,12,2026092012,VTCH,9.292,11.925,29.11,17.027,53.026,10.195,53.026,0.849,0.409
2026-09-21,12,2026092012,VTCL,1.306,3.001,10.364,4.871,21.736,4.084,27.971,0.609,0.147
2026-09-21,12,2026092012,VTCN,0.055,0.092,0.271,1.296,17.782,1.153,22.522,0.178,0.031
2026-09-21,12,2026092012,VTCP,1.036,2.036,4.793,4.506,24.227,4.747,56.89,0.6,0.133
2026-09-21,12,2026092012,VTCT,0.257,1.783,4.845,5.406,29.297,3.726,30.856,0.498,0.116
2026-09-21,12,2026092012,VTPB,1.996,2.185,4.102,4.197,34.56,5.624,63.756,0.582,0.164
2026-09-21,12,2026092012,VTPH,13.773,15.902,33.636,18.646,43.194,13.644,43.194,0.849,0.538
2026-09-21,12,2026092012,VTPM,0.556,1.247,5.054,3.29,26.678,7.23,38.838,0.653,0.302
2026-09-21,12,2026092012,VTPO,0.028,0.09,0.566,0.247,1.818,0.267,10.604,0.058,0.004
2026-09-21,12,2026092012,VTPP,0.007,0.186,1.069,0.376,5.632,2.939,42.841,0.262,0.084
2026-09-21,12,2026092012,VTSB,1.88,2.297,6.325,5.481,24.579,2.994,24.579,0.364,0.111
2026-09-21,12,2026092012,VTSC,0.085,0.112,0.219,0.331,2.915,1.591,20.517,0.378,0.022
2026-09-21,12,2026092012,VTSE,0.09,0.502,1.586,0.265,1.586,0.336,10.87,0.08,0.004
2026-09-21,12,2026092012,VTSF,9.58,9.687,15.294,7.313,23.887,5.182,38.265,0.493,0.187
2026-09-21,12,2026092012,VTSG,0.007,0.021,0.046,0.021,0.292,0.032,0.542,0.0,0.0
2026-09-21,12,2026092012,VTSM,0.091,0.128,0.303,0.092,0.461,0.093,0.965,0.0,0.0
2026-09-21,12,2026092012,VTSP,0.009,0.005,0.024,0.01,0.077,0.038,0.612,0.0,0.0
2026-09-21,12,2026092012,VTSR,0.174,0.437,1.376,0.323,1.492,0.238,2.485,0.04,0.0
2026-09-21,12,2026092012,VTSS,39.589,37.581,46.677,32.486,60.736,23.527,71.776,0.996,0.707
2026-09-21,12,2026092012,VTST,0.273,0.135,0.399,0.204,1.423,1.246,24.663,0.169,0.044
2026-09-21,12,2026092012,VTSY,20.254,20.925,58.989,22.95,74.551,22.076,76.715,0.982,0.649
2026-09-21,12,2026092012,VTUD,0.003,0.305,2.553,0.062,2.553,0.114,4.363,0.027,0.0
2026-09-21,12,2026092012,VTUI,0.0,0.0,0.0,0.0,0.0,0.0,0.0,0.0,0.0
2026-09-21,12,2026092012,VTUK,0.008,0.007,0.036,0.017,0.253,0.128,3.515,0.018,0.0
2026-09-21,12,2026092012,VTUL,0.656,1.749,6.234,3.82,14.663,7.152,42.28,0.831,0.307
2026-09-21,12,2026092012,VTUO,16.038,17.337,42.577,17.296,61.968,9.721,61.968,0.658,0.32
2026-09-21,12,2026092012,VTUQ,0.037,0.049,0.124,0.466,2.281,0.907,10.027,0.271,0.004
2026-09-21,12,2026092012,VTUU,0.276,0.71,2.368,1.115,6.221,2.699,15.686,0.538,0.071
2026-09-21,12,2026092012,VTUV,0.0,0.001,0.005,0.14,3.503,0.649,12.773,0.133,0.009
2026-09-21,12,2026092012,VTUW,0.0,0.0,0.0,0.0,0.0,0.0,0.0,0.0,0.0
2026-09-21,18,2026092018,VTBD,0.02,0.073,0.109,0.077,0.368,0.399,13.794,0.076,0.004
2026-09-21,18,2026092018,VTBO,16.282,14.614,22.388,15.305,53.442,21.123,116.698,1.0,0.489
2026-09-21,18,2026092018,VTBS,1.152,3.184,8.509,6.338,42.011,4.161,49.732,0.342,0.129
2026-09-21,18,2026092018,VTCC,1.844,1.019,3.484,0.737,3.484,1.103,16.86,0.276,0.022
2026-09-21,18,2026092018,VTCH,15.218,17.153,26.534,19.932,38.463,16.736,58.155,0.969,0.596
2026-09-21,18,2026092018,VTCL,0.265,0.62,1.517,1.414,5.983,2.816,31.003,0.382,0.084
2026-09-21,18,2026092018,VTCN,0.503,0.231,1.269,1.813,20.718,1.453,20.718,0.311,0.027
2026-09-21,18,2026092018,VTCP,7.033,15.87,56.167,19.727,85.681,12.832,85.681,0.884,0.493
2026-09-21,18,2026092018,VTCT,9.976,12.091,25.958,15.416,53.666,13.571,84.714,0.898,0.4
2026-09-21,18,2026092018,VTPB,7.345,5.401,11.871,5.488,22.405,9.342,82.69,0.809,0.298
2026-09-21,18,2026092018,VTPH,0.553,1.385,3.398,4.709,23.331,7.444,56.082,0.733,0.271
2026-09-21,18,2026092018,VTPM,3.012,2.818,3.721,4.556,16.799,12.005,89.711,0.987,0.373
2026-09-21,18,2026092018,VTPO,0.042,0.209,1.255,0.114,1.255,0.357,9.321,0.076,0.0
2026-09-21,18,2026092018,VTPP,2.141,2.188,2.758,2.336,5.56,5.047,51.84,0.622,0.156
2026-09-21,18,2026092018,VTSB,0.401,0.741,1.196,1.559,8.588,5.588,34.324,0.627,0.209
2026-09-21,18,2026092018,VTSC,7.494,8.041,13.083,12.878,36.887,13.821,54.327,0.898,0.493
2026-09-21,18,2026092018,VTSE,3.349,6.314,14.478,4.318,14.794,4.546,28.993,0.573,0.173
2026-09-21,18,2026092018,VTSF,0.341,1.18,3.408,4.67,34.313,10.555,60.173,0.564,0.329
2026-09-21,18,2026092018,VTSG,0.417,0.46,0.938,0.47,2.013,0.568,20.065,0.116,0.009
2026-09-21,18,2026092018,VTSM,0.008,0.052,0.22,0.056,0.354,0.064,0.354,0.0,0.0
2026-09-21,18,2026092018,VTSP,0.013,0.009,0.03,0.016,0.374,0.035,1.497,0.004,0.0
2026-09-21,18,2026092018,VTSR,0.144,0.106,0.209,0.11,0.417,0.129,1.598,0.018,0.0
2026-09-21,18,2026092018,VTSS,12.342,12.397,19.2,16.474,62.063,19.41,66.07,0.996,0.702
2026-09-21,18,2026092018,VTST,0.002,0.027,0.118,0.3,8.368,1.65,18.745,0.191,0.067
2026-09-21,18,2026092018,VTSY,0.334,1.937,8.863,7.371,35.38,8.544,52.702,0.804,0.249
2026-09-21,18,2026092018,VTUD,0.006,0.018,0.101,0.139,3.14,0.142,4.019,0.027,0.0
2026-09-21,18,2026092018,VTUI,0.0,0.0,0.0,0.0,0.0,0.001,0.086,0.0,0.0
2026-09-21,18,2026092018,VTUK,0.594,0.856,2.522,2.298,8.058,3.214,38.556,0.556,0.044
2026-09-21,18,2026092018,VTUL,4.373,3.44,6.019,1.766,8.389,0.584,8.389,0.169,0.0
2026-09-21,18,2026092018,VTUO,0.011,0.17,0.984,2.715,21.396,2.261,21.396,0.364,0.071
2026-09-21,18,2026092018,VTUQ,0.007,0.006,0.009,0.419,8.973,1.725,26.663,0.244,0.062
2026-09-21,18,2026092018,VTUU,1.306,1.076,1.928,0.941,3.142,1.992,39.091,0.373,0.049
2026-09-21,18,2026092018,VTUV,0.0,0.0,0.001,0.0,0.001,0.001,0.024,0.0,0.0
2026-09-21,18,2026092018,VTUW,0.0,0.0,0.0,0.0,0.0,0.0,0.001,0.0,0.0
2026-09-22,00,2026092100,VTBD,13.481,12.492,16.675,15.094,54.248,23.391,104.43,0.782,0.48
2026-09-22,00,2026092100,VTBO,15.009,16.132,25.873,22.678,57.633,25.465,76.004,1.0,0.782
2026-09-22,00,2026092100,VTBS,30.17,26.036,53.322,28.19,85.074,15.866,104.43,0.836,0.422
2026-09-22,00,2026092100,VTCC,0.303,2.483,7.629,3.673,13.681,3.681,27.43,0.64,0.08
2026-09-22,00,2026092100,VTCH,23.076,19.705,28.336,20.89,49.034,21.687,59.297,1.0,0.849
2026-09-22,00,2026092100,VTCL,1.971,4.675,18.578,5.078,18.578,3.911,26.418,0.573,0.129
2026-09-22,00,2026092100,VTCN,0.0,0.0,0.0,0.0,0.018,0.152,4.372,0.049,0.0
2026-09-22,00,2026092100,VTCP,0.441,1.636,4.289,1.116,4.289,1.405,21.859,0.302,0.027
2026-09-22,00,2026092100,VTCT,0.015,0.643,3.801,0.338,3.801,0.417,9.565,0.089,0.0
2026-09-22,00,2026092100,VTPB,0.006,0.044,0.172,0.706,10.6,6.457,66.36,0.613,0.222
2026-09-22,00,2026092100,VTPH,0.195,0.31,0.682,1.851,15.558,5.396,38.108,0.533,0.209
2026-09-22,00,2026092100,VTPM,0.565,0.397,0.633,2.959,30.542,12.96,90.189,0.791,0.396
2026-09-22,00,2026092100,VTPO,4.441,5.792,13.324,9.174,45.162,9.095,47.213,0.791,0.329
2026-09-22,00,2026092100,VTPP,2.779,7.593,20.689,10.001,45.384,10.263,59.135,0.796,0.364
2026-09-22,00,2026092100,VTSB,22.212,21.819,30.991,18.792,35.211,13.187,51.819,0.876,0.52
2026-09-22,00,2026092100,VTSC,0.101,0.268,0.69,0.695,3.812,5.689,60.011,0.364,0.169
2026-09-22,00,2026092100,VTSE,13.055,9.294,15.919,6.137,22.825,3.39,23.908,0.649,0.102
2026-09-22,00,2026092100,VTSF,0.078,0.502,3.386,4.867,34.128,2.457,34.128,0.378,0.084
2026-09-22,00,2026092100,VTSG,1.648,0.501,1.648,0.278,1.648,0.525,10.835,0.142,0.004
2026-09-22,00,2026092100,VTSM,0.132,0.493,0.981,0.379,2.1,0.352,10.813,0.067,0.004
2026-09-22,00,2026092100,VTSP,0.003,0.036,0.121,0.059,0.275,0.192,4.547,0.04,0.0
2026-09-22,00,2026092100,VTSR,0.531,1.471,3.46,1.099,3.46,0.659,3.46,0.182,0.0
2026-09-22,00,2026092100,VTSS,40.43,39.688,55.956,33.312,74.844,16.356,74.844,0.911,0.484
2026-09-22,00,2026092100,VTST,0.0,0.003,0.015,0.009,0.096,0.219,2.524,0.071,0.0
2026-09-22,00,2026092100,VTSY,68.201,53.931,82.08,35.521,121.635,19.833,121.635,0.987,0.569
2026-09-22,00,2026092100,VTUD,0.0,0.0,0.0,0.014,0.298,0.006,0.298,0.0,0.0
2026-09-22,00,2026092100,VTUI,0.0,0.0,0.0,0.0,0.0,0.0,0.044,0.0,0.0
2026-09-22,00,2026092100,VTUK,0.0,0.0,0.0,0.0,0.0,0.037,2.304,0.018,0.0
2026-09-22,00,2026092100,VTUL,0.0,0.018,0.132,0.251,6.341,0.971,21.833,0.16,0.018
2026-09-22,00,2026092100,VTUO,3.503,3.113,6.308,2.773,14.721,2.076,14.721,0.418,0.022
2026-09-22,00,2026092100,VTUQ,11.298,11.74,19.848,11.816,29.593,6.183,40.903,0.693,0.222
2026-09-22,00,2026092100,VTUU,1.448,0.789,1.496,2.562,19.676,3.732,40.634,0.556,0.107
2026-09-22,00,2026092100,VTUV,0.0,0.0,0.0,0.0,0.0,0.001,0.18,0.0,0.0
2026-09-22,00,2026092100,VTUW,0.0,0.0,0.0,0.0,0.0,0.0,0.0,0.0,0.0
2026-09-22,06,2026092106,VTBD,0.177,0.149,0.296,0.738,4.381,1.615,18.135,0.32,0.036
2026-09-22,06,2026092106,VTBO,19.361,30.115,66.597,30.922,113.997,24.681,154.728,0.991,0.644
2026-09-22,06,2026092106,VTBS,9.669,11.342,31.902,15.384,58.021,9.864,58.021,0.707,0.333
2026-09-22,06,2026092106,VTCC,2.925,3.941,10.02,9.415,36.734,6.904,43.243,0.667,0.258
2026-09-22,06,2026092106,VTCH,2.418,6.639,15.629,12.113,32.493,14.014,52.638,0.893,0.551
2026-09-22,06,2026092106,VTCL,7.963,10.85,28.163,9.751,28.163,8.298,92.532,0.791,0.276
2026-09-22,06,2026092106,VTCN,0.043,0.43,1.74,1.174,7.04,0.595,12.296,0.173,0.004
2026-09-22,06,2026092106,VTCP,0.581,0.37,0.611,1.103,7.61,1.387,14.825,0.298,0.018
2026-09-22,06,2026092106,VTCT,0.097,0.318,1.084,0.644,4.109,1.542,33.098,0.311,0.022
2026-09-22,06,2026092106,VTPB,0.001,0.024,0.067,0.014,0.194,0.138,2.192,0.044,0.0
2026-09-22,06,2026092106,VTPH,23.85,24.551,32.567,29.299,84.592,27.193,113.937,0.956,0.716
2026-09-22,06,2026092106,VTPM,35.304,37.399,59.26,43.94,120.559,31.324,135.677,0.951,0.671
2026-09-22,06,2026092106,VTPO,0.193,0.98,3.774,4.97,34.056,5.929,38.976,0.64,0.209
2026-09-22,06,2026092106,VTPP,0.097,0.64,2.367,3.687,34.147,2.18,34.147,0.338,0.04
2026-09-22,06,2026092106,VTSB,34.31,23.583,34.31,15.109,34.31,15.142,53.863,0.938,0.556
2026-09-22,06,2026092106,VTSC,16.234,16.023,22.928,19.584,73.879,24.522,83.104,0.991,0.747
2026-09-22,06,2026092106,VTSE,25.18,21.108,28.61,16.548,34.655,13.917,54.85,0.924,0.529
2026-09-22,06,2026092106,VTSF,8.742,9.811,15.206,12.129,35.9,13.626,75.34,0.898,0.422
2026-09-22,06,2026092106,VTSG,23.586,24.216,36.442,20.535,49.425,22.604,99.912,1.0,0.8
2026-09-22,06,2026092106,VTSM,2.23,2.84,4.262,5.428,21.411,10.393,75.745,0.853,0.338
2026-09-22,06,2026092106,VTSP,0.195,0.455,1.231,1.508,7.761,1.335,8.899,0.431,0.0
2026-09-22,06,2026092106,VTSR,17.487,13.835,17.75,11.1,21.061,8.45,37.459,0.902,0.329
2026-09-22,06,2026092106,VTSS,60.529,52.144,87.648,26.276,87.648,13.415,87.648,0.991,0.467
2026-09-22,06,2026092106,VTST,9.734,13.504,23.353,23.308,52.13,25.478,66.861,1.0,0.92
2026-09-22,06,2026092106,VTSY,7.844,9.154,12.641,13.173,33.635,13.528,68.173,0.88,0.502
2026-09-22,06,2026092106,VTUD,0.0,0.0,0.0,0.001,0.015,0.025,1.691,0.009,0.0
2026-09-22,06,2026092106,VTUI,0.0,0.0,0.0,0.009,0.102,0.014,0.236,0.0,0.0
2026-09-22,06,2026092106,VTUK,0.155,0.081,0.155,0.04,0.155,0.031,0.412,0.0,0.0
2026-09-22,06,2026092106,VTUL,0.022,0.413,1.724,0.514,3.531,0.338,3.531,0.098,0.0
2026-09-22,06,2026092106,VTUO,0.039,0.181,0.805,0.461,2.877,2.103,28.689,0.32,0.058
2026-09-22,06,2026092106,VTUQ,0.677,0.836,2.232,2.454,12.833,3.091,37.37,0.609,0.058
2026-09-22,06,2026092106,VTUU,0.189,0.212,0.572,0.647,14.849,0.607,14.849,0.156,0.004
2026-09-22,06,2026092106,VTUV,0.022,0.082,0.394,0.252,1.716,0.215,3.46,0.058,0.0
2026-09-22,06,2026092106,VTUW,0.008,0.024,0.073,0.125,0.793,0.162,1.462,0.031,0.0
2026-09-22,12,2026092112,VTBD,0.132,0.363,1.272,0.72,10.348,3.168,71.344,0.396,0.089
2026-09-22,12,2026092112,VTBO,105.861,100.528,148.503,57.751,148.503,38.452,148.503,1.0,0.911
2026-09-22,12,2026092112,VTBS,20.019,21.219,46.088,12.549,71.344,7.478,71.344,0.702,0.253
2026-09-22,12,2026092112,VTCC,0.081,0.07,0.402,0.505,5.779,1.246,22.299,0.213,0.04
2026-09-22,12,2026092112,VTCH,9.299,10.169,15.849,9.069,27.695,9.591,58.883,0.818,0.333
2026-09-22,12,2026092112,VTCL,0.358,0.149,0.501,0.31,1.969,0.777,8.202,0.191,0.0
2026-09-22,12,2026092112,VTCN,0.034,0.037,0.065,0.044,0.23,0.1,3.068,0.027,0.0
2026-09-22,12,2026092112,VTCP,0.0,0.002,0.008,0.158,1.811,0.245,5.682,0.067,0.0
2026-09-22,12,2026092112,VTCT,0.001,0.014,0.061,0.374,9.496,0.742,11.16,0.129,0.013
2026-09-22,12,2026092112,VTPB,0.83,1.181,3.23,0.946,4.656,0.926,16.772,0.218,0.018
2026-09-22,12,2026092112,VTPH,21.826,21.463,30.135,15.706,45.336,12.094,84.435,0.644,0.409
2026-09-22,12,2026092112,VTPM,0.283,0.923,2.819,4.147,47.287,12.192,75.071,0.791,0.36
2026-09-22,12,2026092112,VTPO,5.051,3.807,7.273,4.093,14.88,5.394,27.969,0.747,0.182
2026-09-22,12,2026092112,VTPP,2.261,1.363,2.373,2.128,13.203,3.194,33.319,0.453,0.098
2026-09-22,12,2026092112,VTSB,7.414,10.878,30.312,12.312,37.337,12.483,43.641,0.884,0.493
2026-09-22,12,2026092112,VTSC,5.216,8.627,21.805,15.546,58.44,11.119,58.44,0.88,0.413
2026-09-22,12,2026092112,VTSE,0.666,2.533,4.189,2.299,8.459,5.783,32.341,0.693,0.204
2026-09-22,12,2026092112,VTSF,3.89,4.263,8.361,6.187,26.249,11.528,148.489,0.853,0.284
2026-09-22,12,2026092112,VTSG,0.164,0.104,0.194,0.383,3.708,0.75,13.361,0.249,0.004
2026-09-22,12,2026092112,VTSM,0.224,0.184,0.309,0.32,1.694,0.172,1.694,0.013,0.0
2026-09-22,12,2026092112,VTSP,0.057,0.146,0.52,0.166,1.877,0.183,3.415,0.036,0.0
2026-09-22,12,2026092112,VTSR,4.029,4.358,7.182,8.153,24.212,5.467,26.32,0.662,0.227
2026-09-22,12,2026092112,VTSS,18.876,21.674,35.526,22.217,40.65,15.42,49.058,0.933,0.618
2026-09-22,12,2026092112,VTST,0.14,0.268,0.768,0.817,4.475,1.941,15.303,0.436,0.053
2026-09-22,12,2026092112,VTSY,27.269,33.22,56.201,26.696,63.784,20.754,112.078,0.938,0.609
2026-09-22,12,2026092112,VTUD,0.0,0.0,0.0,0.02,0.27,0.006,0.27,0.0,0.0
2026-09-22,12,2026092112,VTUI,0.0,0.0,0.0,0.0,0.0,0.0,0.005,0.0,0.0
2026-09-22,12,2026092112,VTUK,0.0,0.0,0.0,0.003,0.047,0.012,0.292,0.0,0.0
2026-09-22,12,2026092112,VTUL,0.003,0.008,0.022,0.015,0.244,0.68,26.284,0.089,0.027
2026-09-22,12,2026092112,VTUO,4.677,4.87,15.614,2.781,17.226,1.757,17.226,0.36,0.031
2026-09-22,12,2026092112,VTUQ,0.12,0.304,0.975,1.764,8.25,2.126,22.602,0.498,0.022
2026-09-22,12,2026092112,VTUU,0.559,0.616,1.298,0.788,7.724,2.128,22.896,0.316,0.058
2026-09-22,12,2026092112,VTUV,0.0,0.0,0.0,0.002,0.076,0.059,2.263,0.013,0.0
2026-09-22,12,2026092112,VTUW,0.014,0.008,0.026,0.009,0.059,0.013,0.245,0.0,0.0
2026-09-22,18,2026092118,VTBD,64.995,25.245,74.325,10.067,74.325,8.335,76.441,0.533,0.222
2026-09-22,18,2026092118,VTBO,16.076,14.715,30.174,11.057,30.174,11.72,83.907,0.911,0.444
2026-09-22,18,2026092118,VTBS,8.539,14.559,35.276,13.784,76.441,13.857,76.441,0.764,0.382
2026-09-22,18,2026092118,VTCC,0.0,0.006,0.049,0.027,0.336,0.073,1.929,0.013,0.0
2026-09-22,18,2026092118,VTCH,9.927,7.958,21.73,4.086,27.755,4.674,55.825,0.382,0.164
2026-09-22,18,2026092118,VTCL,0.012,0.028,0.065,0.055,0.487,0.296,5.154,0.08,0.0
2026-09-22,18,2026092118,VTCN,0.034,0.03,0.076,0.049,0.669,0.082,2.774,0.018,0.0
2026-09-22,18,2026092118,VTCP,0.011,0.042,0.13,0.248,3.789,0.316,3.81,0.084,0.0
2026-09-22,18,2026092118,VTCT,0.29,0.949,4.559,1.132,6.141,0.751,8.343,0.222,0.0
2026-09-22,18,2026092118,VTPB,1.942,0.699,2.418,1.256,13.304,1.332,13.52,0.307,0.027
2026-09-22,18,2026092118,VTPH,7.201,14.357,38.768,23.557,79.064,24.001,112.285,0.836,0.578
2026-09-22,18,2026092118,VTPM,35.898,34.775,47.214,36.21,98.16,31.245,108.599,1.0,0.884
2026-09-22,18,2026092118,VTPO,0.067,1.788,10.718,2.696,13.39,5.433,50.61,0.538,0.209
2026-09-22,18,2026092118,VTPP,13.935,9.461,27.758,4.649,33.665,3.24,33.665,0.427,0.111
2026-09-22,18,2026092118,VTSB,25.096,25.797,38.644,20.876,48.056,14.755,48.056,0.844,0.587
2026-09-22,18,2026092118,VTSC,2.281,2.733,7.497,5.689,33.066,4.984,42.87,0.551,0.151
2026-09-22,18,2026092118,VTSE,1.187,0.786,1.187,0.618,2.969,1.401,17.688,0.302,0.027
2026-09-22,18,2026092118,VTSF,40.221,34.193,48.091,29.359,70.275,22.62,84.891,0.96,0.698
2026-09-22,18,2026092118,VTSG,0.433,1.296,4.513,1.185,8.203,3.336,29.235,0.391,0.111
2026-09-22,18,2026092118,VTSM,0.423,0.588,0.882,0.671,4.091,1.425,28.707,0.191,0.036
2026-09-22,18,2026092118,VTSP,0.286,0.119,0.308,0.079,0.308,0.162,1.808,0.027,0.0
2026-09-22,18,2026092118,VTSR,6.883,6.702,10.255,6.065,12.677,2.992,16.231,0.667,0.071
2026-09-22,18,2026092118,VTSS,22.509,26.518,40.657,31.61,72.384,21.81,77.284,0.96,0.64
2026-09-22,18,2026092118,VTST,1.294,1.336,3.772,1.766,8.767,5.766,56.406,0.733,0.12
2026-09-22,18,2026092118,VTSY,49.298,48.793,69.748,37.146,72.97,35.543,92.019,1.0,0.978
2026-09-22,18,2026092118,VTUD,0.115,0.09,0.181,0.096,0.382,0.072,1.223,0.004,0.0
2026-09-22,18,2026092118,VTUI,0.268,0.143,0.318,0.096,0.788,0.065,0.788,0.0,0.0
2026-09-22,18,2026092118,VTUK,0.001,0.005,0.035,0.017,0.092,0.063,1.471,0.004,0.0
2026-09-22,18,2026092118,VTUL,0.464,0.887,3.493,2.1,21.428,0.69,21.428,0.133,0.018
2026-09-22,18,2026092118,VTUO,0.059,0.055,0.069,0.108,0.525,0.466,11.23,0.107,0.004
2026-09-22,18,2026092118,VTUQ,6.098,7.885,23.088,7.602,25.143,5.557,25.143,0.667,0.222
2026-09-22,18,2026092118,VTUU,0.278,0.8,2.73,4.139,29.173,2.112,29.173,0.413,0.049
2026-09-22,18,2026092118,VTUV,0.0,0.001,0.006,0.015,0.242,0.01,0.242,0.0,0.0
2026-09-22,18,2026092118,VTUW,0.027,0.069,0.301,0.096,1.259,0.091,1.259,0.013,0.0
2026-09-23,00,2026092200,VTBD,2.478,9.364,35.556,4.777,35.556,5.561,73.08,0.644,0.173
2026-09-23,00,2026092200,VTBO,25.854,26.788,43.504,27.381,78.73,19.368,110.286,0.871,0.542
2026-09-23,00,2026092200,VTBS,7.706,10.294,23.405,10.15,38.232,15.044,123.218,0.88,0.458
2026-09-23,00,2026092200,VTCC,0.0,0.0,0.002,0.012,0.284,0.341,16.624,0.071,0.009
2026-09-23,00,2026092200,VTCH,0.081,1.175,7.033,2.954,23.198,1.379,23.198,0.258,0.036
2026-09-23,00,2026092200,VTCL,0.0,0.026,0.211,0.255,2.601,0.264,6.72,0.071,0.0
2026-09-23,00,2026092200,VTCN,0.0,0.037,0.302,0.522,7.134,0.584,9.112,0.129,0.0
2026-09-23,00,2026092200,VTCP,1.189,0.93,4.516,0.969,11.307,0.726,11.874,0.191,0.009
2026-09-23,00,2026092200,VTCT,0.0,0.0,0.0,0.0,0.0,0.01,0.731,0.0,0.0
2026-09-23,00,2026092200,VTPB,1.667,1.29,2.279,0.545,2.279,0.527,7.942,0.138,0.0
2026-09-23,00,2026092200,VTPH,17.904,19.114,32.979,22.453,92.623,11.998,92.623,0.827,0.347
2026-09-23,00,2026092200,VTPM,11.87,11.394,22.416,14.65,104.93,17.149,130.571,0.853,0.404
2026-09-23,00,2026092200,VTPO,0.013,0.034,0.103,0.054,0.787,0.13,3.832,0.031,0.0
2026-09-23,00,2026092200,VTPP,0.038,0.097,0.333,0.056,0.333,0.836,26.434,0.133,0.027
2026-09-23,00,2026092200,VTSB,1.8,0.842,1.8,1.301,8.302,2.697,40.972,0.258,0.08
2026-09-23,00,2026092200,VTSC,21.88,20.355,33.283,17.373,54.131,14.221,54.131,0.987,0.507
2026-09-23,00,2026092200,VTSE,0.0,0.051,0.305,0.258,2.28,0.311,2.737,0.084,0.0
2026-09-23,00,2026092200,VTSF,5.462,10.196,34.772,13.63,38.319,13.966,48.848,0.964,0.511
2026-09-23,00,2026092200,VTSG,6.676,4.332,9.307,4.463,11.097,4.776,21.363,0.858,0.107
2026-09-23,00,2026092200,VTSM,3.249,2.31,4.88,2.937,11.268,4.191,24.354,0.729,0.098
2026-09-23,00,2026092200,VTSP,0.381,0.376,0.862,1.198,9.201,1.033,13.845,0.169,0.013
2026-09-23,00,2026092200,VTSR,3.622,3.915,5.357,4.298,10.361,5.636,20.881,0.867,0.147
2026-09-23,00,2026092200,VTSS,0.718,2.188,8.192,3.054,10.163,8.477,53.719,0.782,0.262
2026-09-23,00,2026092200,VTST,12.492,11.357,24.796,9.369,43.267,14.157,64.112,0.853,0.418
2026-09-23,00,2026092200,VTSY,10.046,8.027,16.378,10.595,33.874,16.549,107.805,0.858,0.484
2026-09-23,00,2026092200,VTUD,0.0,0.009,0.037,0.006,0.101,0.052,1.306,0.009,0.0
2026-09-23,00,2026092200,VTUI,0.001,0.024,0.102,0.016,0.207,0.032,0.594,0.0,0.0
2026-09-23,00,2026092200,VTUK,0.021,0.313,1.485,0.835,3.43,0.965,8.217,0.293,0.0
2026-09-23,00,2026092200,VTUL,0.003,0.017,0.08,0.016,0.2,0.104,2.183,0.022,0.0
2026-09-23,00,2026092200,VTUO,7.74,8.634,13.073,6.029,13.973,4.416,23.659,0.653,0.142
2026-09-23,00,2026092200,VTUQ,23.742,23.393,27.522,23.861,62.603,17.913,62.603,0.973,0.618
2026-09-23,00,2026092200,VTUU,0.259,0.397,1.022,0.414,1.022,1.437,13.981,0.262,0.027
2026-09-23,00,2026092200,VTUV,0.002,0.07,0.27,0.285,1.527,0.408,5.117,0.151,0.0
2026-09-23,00,2026092200,VTUW,0.404,0.182,0.404,0.056,0.404,0.045,0.535,0.0,0.0
2026-09-23,06,2026092206,VTBD,1.299,1.041,2.176,1.564,8.119,7.328,57.35,0.738,0.204
2026-09-23,06,2026092206,VTBO,0.065,0.088,0.194,0.234,1.958,0.36,3.614,0.08,0.0
2026-09-23,06,2026092206,VTBS,0.144,2.173,10.714,6.328,36.516,15.544,127.272,0.911,0.462
2026-09-23,06,2026092206,VTCC,0.0,0.038,0.313,0.566,9.04,2.586,41.058,0.391,0.08
2026-09-23,06,2026092206,VTCH,6.237,10.13,20.481,8.751,28.926,3.861,28.926,0.502,0.133
2026-09-23,06,2026092206,VTCL,0.045,0.447,2.348,1.135,8.885,1.238,11.114,0.276,0.009
2026-09-23,06,2026092206,VTCN,0.001,0.104,0.715,0.527,3.811,0.746,16.706,0.147,0.009
2026-09-23,06,2026092206,VTCP,0.003,0.122,0.719,0.07,0.908,0.151,2.712,0.04,0.0
2026-09-23,06,2026092206,VTCT,0.0,0.001,0.005,0.042,0.993,0.567,20.803,0.102,0.018
2026-09-23,06,2026092206,VTPB,0.009,0.034,0.188,0.064,0.569,0.098,2.055,0.022,0.0
2026-09-23,06,2026092206,VTPH,23.808,22.081,27.927,20.674,63.426,23.374,118.714,0.956,0.747
2026-09-23,06,2026092206,VTPM,0.609,0.95,3.39,5.421,26.642,9.464,71.193,0.676,0.324
2026-09-23,06,2026092206,VTPO,0.0,0.0,0.0,0.022,0.252,0.205,7.618,0.053,0.0
2026-09-23,06,2026092206,VTPP,0.022,0.369,1.052,0.168,1.052,0.762,14.205,0.16,0.013
2026-09-23,06,2026092206,VTSB,12.235,17.291,38.703,15.295,38.907,14.567,38.907,1.0,0.644
2026-09-23,06,2026092206,VTSC,0.034,0.039,0.081,0.427,4.737,3.821,23.228,0.458,0.178
2026-09-23,06,2026092206,VTSE,0.117,0.117,0.233,0.099,0.401,0.182,1.424,0.036,0.0
2026-09-23,06,2026092206,VTSF,0.738,0.887,1.463,0.924,2.769,2.502,31.75,0.436,0.067
2026-09-23,06,2026092206,VTSG,15.09,13.742,16.434,11.355,19.675,13.264,41.473,1.0,0.542
2026-09-23,06,2026092206,VTSM,1.235,1.548,3.106,2.342,6.805,3.084,11.623,0.764,0.031
2026-09-23,06,2026092206,VTSP,2.385,2.572,3.91,6.111,27.567,5.898,27.567,0.982,0.16
2026-09-23,06,2026092206,VTSR,25.217,25.197,29.152,25.506,43.16,23.997,49.084,1.0,0.973
2026-09-23,06,2026092206,VTSS,7.367,6.135,9.218,5.392,11.786,4.951,28.01,0.631,0.173
2026-09-23,06,2026092206,VTST,21.959,20.68,28.771,23.546,46.446,25.104,76.957,1.0,0.96
2026-09-23,06,2026092206,VTSY,4.506,3.437,4.506,2.28,6.742,2.327,14.805,0.676,0.022
2026-09-23,06,2026092206,VTUD,0.01,0.011,0.031,0.075,1.056,0.203,6.155,0.053,0.0
2026-09-23,06,2026092206,VTUI,0.104,0.309,1.101,0.559,3.698,0.811,5.639,0.262,0.0
2026-09-23,06,2026092206,VTUK,2.755,2.906,4.397,2.373,10.28,3.793,23.871,0.636,0.129
2026-09-23,06,2026092206,VTUL,0.116,0.058,0.123,0.033,0.443,0.13,4.967,0.018,0.0
2026-09-23,06,2026092206,VTUO,2.254,2.064,4.295,1.224,4.739,1.675,20.193,0.32,0.044
2026-09-23,06,2026092206,VTUQ,0.359,0.17,0.359,0.205,0.858,0.391,2.259,0.107,0.0
2026-09-23,06,2026092206,VTUU,6.359,6.238,12.491,5.886,21.574,3.776,22.522,0.653,0.093
2026-09-23,06,2026092206,VTUV,10.503,8.194,13.374,4.817,17.614,3.53,17.614,0.551,0.116
2026-09-23,06,2026092206,VTUW,0.041,0.116,0.345,0.404,2.019,0.448,4.975,0.098,0.0
2026-09-23,12,2026092212,VTBD,1.845,4.448,15.359,4.978,16.636,8.095,47.601,0.853,0.298
2026-09-23,12,2026092212,VTBO,23.662,26.636,44.884,18.732,48.315,13.736,94.59,0.778,0.449
2026-09-23,12,2026092212,VTBS,5.949,5.833,14.574,2.996,14.574,5.552,63.161,0.64,0.182
2026-09-23,12,2026092212,VTCC,0.024,0.203,1.16,0.349,5.906,0.38,5.906,0.129,0.0
2026-09-23,12,2026092212,VTCH,4.687,2.906,9.742,1.332,9.742,1.687,25.866,0.333,0.031
2026-09-23,12,2026092212,VTCL,0.127,0.074,0.206,0.075,0.744,0.147,5.648,0.031,0.0
2026-09-23,12,2026092212,VTCN,0.0,0.056,0.243,0.635,7.457,0.348,7.457,0.102,0.0
2026-09-23,12,2026092212,VTCP,0.216,0.618,3.004,0.229,3.004,0.23,6.324,0.053,0.0
2026-09-23,12,2026092212,VTCT,0.023,0.077,0.347,0.025,0.347,0.064,3.242,0.018,0.0
2026-09-23,12,2026092212,VTPB,0.001,0.017,0.126,0.03,0.522,0.036,0.526,0.0,0.0
2026-09-23,12,2026092212,VTPH,0.122,0.04,0.122,0.502,9.563,7.066,95.511,0.4,0.236
2026-09-23,12,2026092212,VTPM,10.169,9.585,33.985,8.381,54.342,6.699,54.342,0.658,0.227
2026-09-23,12,2026092212,VTPO,0.0,0.0,0.0,0.001,0.024,0.027,3.209,0.004,0.0
2026-09-23,12,2026092212,VTPP,6.908,6.572,13.314,3.247,13.314,1.264,16.383,0.249,0.027
2026-09-23,12,2026092212,VTSB,13.332,12.301,17.621,6.687,21.633,4.917,33.473,0.467,0.2
2026-09-23,12,2026092212,VTSC,0.261,1.325,5.785,5.403,23.811,6.937,26.174,0.773,0.284
2026-09-23,12,2026092212,VTSE,0.094,0.079,0.22,0.109,0.413,0.675,10.311,0.116,0.004
2026-09-23,12,2026092212,VTSF,10.759,10.275,12.711,9.687,15.961,10.442,41.391,0.991,0.396
2026-09-23,12,2026092212,VTSG,0.537,0.63,1.17,1.752,9.09,2.478,21.029,0.547,0.027
2026-09-23,12,2026092212,VTSM,0.087,0.156,0.701,0.2,0.701,0.364,2.228,0.084,0.0
2026-09-23,12,2026092212,VTSP,0.41,0.803,3.119,2.178,12.757,3.871,32.488,0.427,0.142
2026-09-23,12,2026092212,VTSR,7.256,9.183,26.182,16.565,53.8,11.713,53.8,0.991,0.356
2026-09-23,12,2026092212,VTSS,5.003,5.592,9.729,8.888,23.588,11.043,50.693,0.964,0.436
2026-09-23,12,2026092212,VTST,4.13,5.083,10.99,3.454,12.01,6.709,67.094,0.836,0.213
2026-09-23,12,2026092212,VTSY,1.16,3.495,12.07,4.905,21.358,5.29,32.242,0.742,0.169
2026-09-23,12,2026092212,VTUD,0.022,0.066,0.189,1.609,10.623,0.566,10.623,0.12,0.009
2026-09-23,12,2026092212,VTUI,0.058,0.086,0.315,0.142,0.746,0.645,10.875,0.16,0.004
2026-09-23,12,2026092212,VTUK,1.6,1.185,2.996,0.855,4.07,0.729,5.448,0.222,0.0
2026-09-23,12,2026092212,VTUL,0.002,0.004,0.015,0.176,2.572,1.08,15.985,0.2,0.022
2026-09-23,12,2026092212,VTUO,0.037,0.043,0.063,0.038,0.068,0.074,1.257,0.004,0.0
2026-09-23,12,2026092212,VTUQ,0.285,0.764,2.907,1.91,20.674,1.913,30.896,0.364,0.049
2026-09-23,12,2026092212,VTUU,5.981,5.973,10.114,6.969,29.28,5.142,32.07,0.724,0.147
2026-09-23,12,2026092212,VTUV,0.875,0.751,2.198,0.593,4.738,0.632,11.137,0.147,0.004
2026-09-23,12,2026092212,VTUW,0.039,0.048,0.135,0.947,11.599,0.949,18.804,0.2,0.027
2026-09-23,18,2026092218,VTBD,0.446,1.088,3.829,2.656,11.214,5.634,47.402,0.64,0.169
2026-09-23,18,2026092218,VTBO,4.387,4.893,9.62,10.966,35.454,15.768,85.202,0.947,0.493
2026-09-23,18,2026092218,VTBS,0.594,0.791,2.777,1.765,14.223,3.292,24.955,0.56,0.089
2026-09-23,18,2026092218,VTCC,0.034,0.071,0.358,0.055,0.494,0.91,26.23,0.124,0.027
2026-09-23,18,2026092218,VTCH,5.449,5.266,12.493,2.339,12.493,1.689,15.785,0.271,0.044
2026-09-23,18,2026092218,VTCL,0.534,0.338,0.971,0.72,7.529,0.397,7.529,0.111,0.0
2026-09-23,18,2026092218,VTCN,0.0,0.006,0.034,0.389,4.833,0.359,16.82,0.089,0.004
2026-09-23,18,2026092218,VTCP,0.016,0.025,0.163,0.024,0.24,0.144,2.987,0.044,0.0
2026-09-23,18,2026092218,VTCT,0.0,0.0,0.0,0.001,0.024,0.01,0.707,0.0,0.0
2026-09-23,18,2026092218,VTPB,0.178,0.118,0.367,0.175,0.964,1.192,24.399,0.244,0.018
2026-09-23,18,2026092218,VTPH,0.375,0.549,1.575,0.87,10.914,4.334,54.396,0.342,0.142
2026-09-23,18,2026092218,VTPM,0.001,0.045,0.218,0.779,7.537,3.722,97.485,0.253,0.089
2026-09-23,18,2026092218,VTPO,0.0,0.001,0.006,0.052,0.39,0.059,1.795,0.009,0.0
2026-09-23,18,2026092218,VTPP,0.0,0.03,0.211,0.837,13.087,1.941,26.735,0.307,0.067
2026-09-23,18,2026092218,VTSB,27.255,24.507,30.401,16.24,40.258,8.944,40.258,0.827,0.316
2026-09-23,18,2026092218,VTSC,9.61,8.317,13.961,5.208,16.493,4.629,23.526,0.862,0.058
2026-09-23,18,2026092218,VTSE,5.502,5.595,8.032,8.303,29.11,10.366,35.051,0.898,0.4
2026-09-23,18,2026092218,VTSF,0.797,2.025,7.554,4.83,21.276,7.231,41.709,0.889,0.298
2026-09-23,18,2026092218,VTSG,6.057,6.346,11.699,13.798,79.468,18.698,98.901,0.871,0.462
2026-09-23,18,2026092218,VTSM,3.98,3.67,4.446,3.486,6.069,5.129,24.401,1.0,0.12
2026-09-23,18,2026092218,VTSP,2.021,1.824,3.592,1.252,3.592,1.185,5.799,0.444,0.0
2026-09-23,18,2026092218,VTSR,6.698,7.555,9.492,9.335,19.654,8.229,23.94,1.0,0.276
2026-09-23,18,2026092218,VTSS,6.436,6.679,7.78,9.132,20.075,9.994,26.077,1.0,0.378
2026-09-23,18,2026092218,VTST,4.638,4.791,5.585,7.141,15.458,11.657,47.369,1.0,0.471
2026-09-23,18,2026092218,VTSY,0.699,1.139,2.23,1.701,8.139,3.303,20.288,0.778,0.044
2026-09-23,18,2026092218,VTUD,0.185,0.089,0.185,0.103,0.483,0.085,2.063,0.009,0.0
2026-09-23,18,2026092218,VTUI,0.001,0.126,0.375,0.574,4.236,1.168,18.759,0.222,0.04
2026-09-23,18,2026092218,VTUK,1.213,0.786,1.625,0.269,1.625,0.191,1.886,0.044,0.0
2026-09-23,18,2026092218,VTUL,6.734,4.808,8.668,3.435,12.374,4.21,18.804,0.751,0.102
2026-09-23,18,2026092218,VTUO,0.312,0.248,0.595,0.743,5.504,0.917,14.884,0.222,0.009
2026-09-23,18,2026092218,VTUQ,0.817,2.008,7.052,6.128,23.414,9.254,36.788,0.871,0.391
2026-09-23,18,2026092218,VTUU,0.079,0.124,0.419,0.216,0.888,0.191,0.888,0.0,0.0
2026-09-23,18,2026092218,VTUV,0.142,0.469,1.773,0.311,1.773,0.373,6.224,0.138,0.0
2026-09-23,18,2026092218,VTUW,2.135,1.158,3.047,0.573,3.375,0.456,3.375,0.142,0.0
2026-09-24,00,2026092300,VTBD,12.089,13.907,20.873,30.596,65.985,37.925,182.051,1.0,0.907
2026-09-24,00,2026092300,VTBO,20.877,24.677,35.956,34.189,90.419,32.148,90.419,1.0,1.0
2026-09-24,00,2026092300,VTBS,148.456,140.47,264.054,102.086,266.049,69.678,298.655,1.0,0.911
2026-09-24,00,2026092300,VTCC,0.01,0.016,0.041,0.047,0.602,1.216,23.083,0.204,0.036
2026-09-24,00,2026092300,VTCH,10.528,8.616,18.51,9.823,26.377,7.187,33.879,0.858,0.276
2026-09-24,00,2026092300,VTCL,1.876,0.988,3.238,3.064,21.308,2.505,31.865,0.467,0.044
2026-09-24,00,2026092300,VTCN,0.192,0.552,2.048,2.442,28.981,1.836,28.981,0.316,0.036
2026-09-24,00,2026092300,VTCP,4.211,1.923,7.84,0.919,7.84,0.884,10.09,0.187,0.004
2026-09-24,00,2026092300,VTCT,0.016,0.022,0.041,0.234,7.562,0.225,10.568,0.049,0.004
2026-09-24,00,2026092300,VTPB,6.654,5.093,9.079,5.502,15.487,6.687,27.3,0.96,0.213
2026-09-24,00,2026092300,VTPH,15.194,9.908,15.194,7.056,15.84,12.715,70.168,0.969,0.458
2026-09-24,00,2026092300,VTPM,24.542,11.082,28.082,12.146,37.721,9.319,37.721,0.853,0.338
2026-09-24,00,2026092300,VTPO,0.028,0.089,0.459,0.169,1.918,0.264,6.962,0.049,0.0
2026-09-24,00,2026092300,VTPP,0.435,0.675,1.288,1.518,14.839,3.841,49.496,0.52,0.12
2026-09-24,00,2026092300,VTSB,0.023,0.028,0.069,0.068,0.386,0.419,12.925,0.071,0.013
2026-09-24,00,2026092300,VTSC,21.372,20.547,31.823,19.476,50.108,15.617,79.968,0.898,0.507
2026-09-24,00,2026092300,VTSE,2.616,3.373,7.949,3.658,11.569,3.091,17.84,0.644,0.08
2026-09-24,00,2026092300,VTSF,0.182,1.138,3.249,7.848,22.811,10.436,38.806,0.916,0.458
2026-09-24,00,2026092300,VTSG,1.332,1.735,4.512,1.486,4.512,1.615,12.511,0.413,0.018
2026-09-24,00,2026092300,VTSM,0.482,0.342,0.849,0.287,0.926,1.597,16.347,0.244,0.049
2026-09-24,00,2026092300,VTSP,0.924,1.681,2.437,2.714,8.857,3.926,18.627,0.693,0.133
2026-09-24,00,2026092300,VTSR,0.641,0.609,1.206,0.883,3.941,1.134,7.855,0.4,0.0
2026-09-24,00,2026092300,VTSS,0.005,0.111,0.257,0.417,6.295,2.49,24.386,0.276,0.111
2026-09-24,00,2026092300,VTST,13.207,9.058,13.207,11.477,42.577,10.576,48.111,0.973,0.413
2026-09-24,00,2026092300,VTSY,20.262,23.89,33.464,27.737,47.426,20.717,80.577,1.0,0.747
2026-09-24,00,2026092300,VTUD,0.231,0.342,0.844,0.721,4.518,0.796,7.613,0.213,0.0
2026-09-24,00,2026092300,VTUI,0.038,0.071,0.144,1.341,11.882,0.734,11.882,0.173,0.009
2026-09-24,00,2026092300,VTUK,3.694,2.632,3.694,2.714,7.316,2.669,13.013,0.716,0.013
2026-09-24,00,2026092300,VTUL,2.737,3.85,7.426,10.214,19.026,8.306,24.141,0.898,0.427
2026-09-24,00,2026092300,VTUO,53.181,52.122,63.501,50.032,76.84,36.159,80.91,1.0,0.973
2026-09-24,00,2026092300,VTUQ,45.233,47.227,65.545,52.124,72.595,55.845,107.416,1.0,1.0
2026-09-24,00,2026092300,VTUU,25.653,24.542,27.065,23.481,34.544,18.454,45.885,1.0,0.764
2026-09-24,00,2026092300,VTUV,0.35,0.619,2.625,3.79,20.558,4.928,29.978,0.596,0.2
2026-09-24,00,2026092300,VTUW,0.001,0.011,0.028,0.039,1.309,0.07,2.515,0.018,0.0
2026-09-24,06,2026092306,VTBD,7.693,8.373,14.031,18.584,59.532,19.005,74.482,0.978,0.667
2026-09-24,06,2026092306,VTBO,20.923,24.946,47.089,29.925,67.391,40.958,117.583,1.0,0.933
2026-09-24,06,2026092306,VTBS,52.75,46.477,66.099,39.264,66.79,31.351,103.349,1.0,0.862
2026-09-24,06,2026092306,VTCC,15.308,6.187,15.308,5.208,24.928,3.793,42.847,0.453,0.138
2026-09-24,06,2026092306,VTCH,9.279,14.87,29.106,16.452,46.271,18.385,62.492,0.938,0.644
2026-09-24,06,2026092306,VTCL,0.226,0.275,1.49,0.314,4.03,0.642,9.657,0.16,0.0
2026-09-24,06,2026092306,VTCN,1.593,2.182,4.506,3.137,21.741,5.148,40.722,0.484,0.164
2026-09-24,06,2026092306,VTCP,4.99,2.538,5.851,1.685,5.851,3.577,20.606,0.6,0.116
2026-09-24,06,2026092306,VTCT,0.041,0.084,0.338,1.231,9.045,2.103,25.405,0.369,0.044
2026-09-24,06,2026092306,VTPB,10.484,12.171,21.421,13.49,29.602,12.541,38.41,1.0,0.591
2026-09-24,06,2026092306,VTPH,49.644,53.905,79.875,62.556,142.849,50.026,142.849,1.0,0.987
2026-09-24,06,2026092306,VTPM,3.307,2.046,4.362,4.061,30.576,4.916,62.282,0.676,0.133
2026-09-24,06,2026092306,VTPO,0.038,0.044,0.133,0.072,0.937,0.07,0.937,0.0,0.0
2026-09-24,06,2026092306,VTPP,1.706,1.466,3.809,3.128,18.673,9.75,58.442,0.724,0.311
2026-09-24,06,2026092306,VTSB,0.653,0.671,1.483,0.555,2.315,0.606,15.796,0.129,0.004
2026-09-24,06,2026092306,VTSC,8.788,7.72,10.732,6.058,19.503,4.121,23.665,0.653,0.102
2026-09-24,06,2026092306,VTSE,4.284,4.05,6.383,3.023,7.376,3.113,18.753,0.76,0.031
2026-09-24,06,2026092306,VTSF,0.0,0.002,0.008,0.02,0.17,0.212,5.818,0.049,0.0
2026-09-24,06,2026092306,VTSG,0.146,0.187,0.261,0.207,0.52,0.674,7.024,0.178,0.0
2026-09-24,06,2026092306,VTSM,0.221,0.603,1.394,0.666,3.152,0.533,4.128,0.16,0.0
2026-09-24,06,2026092306,VTSP,9.182,10.713,15.013,11.849,21.044,7.732,32.727,0.924,0.338
2026-09-24,06,2026092306,VTSR,3.537,1.959,3.537,1.469,3.88,1.282,7.102,0.476,0.0
2026-09-24,06,2026092306,VTSS,0.019,0.01,0.035,0.094,0.622,2.422,31.184,0.32,0.084
2026-09-24,06,2026092306,VTST,0.997,0.686,1.269,2.148,20.297,4.587,56.281,0.511,0.12
2026-09-24,06,2026092306,VTSY,0.26,0.342,0.577,1.037,10.014,2.967,37.567,0.382,0.093
2026-09-24,06,2026092306,VTUD,0.888,0.914,1.892,0.888,4.397,1.835,11.533,0.382,0.049
2026-09-24,06,2026092306,VTUI,4.099,2.688,4.099,1.673,6.125,1.122,9.755,0.36,0.0
2026-09-24,06,2026092306,VTUK,22.742,23.772,26.579,26.623,42.155,27.947,46.425,1.0,0.951
2026-09-24,06,2026092306,VTUL,9.819,10.588,16.861,11.384,24.157,9.343,24.575,0.987,0.413
2026-09-24,06,2026092306,VTUO,9.182,13.118,29.356,15.875,36.255,20.744,39.409,1.0,0.88
2026-09-24,06,2026092306,VTUQ,23.334,26.388,39.685,31.701,65.644,34.463,78.738,1.0,1.0
2026-09-24,06,2026092306,VTUU,32.196,29.21,34.25,30.377,54.798,26.777,64.001,1.0,0.96
2026-09-24,06,2026092306,VTUV,15.015,15.286,20.402,18.55,36.486,20.056,53.403,1.0,0.676
2026-09-24,06,2026092306,VTUW,0.039,0.605,1.701,0.972,6.518,2.162,12.385,0.524,0.013
2026-09-24,12,2026092312,VTBD,3.294,2.729,3.671,2.418,6.418,5.947,45.798,0.862,0.169
2026-09-24,12,2026092312,VTBO,27.053,29.383,52.519,23.404,58.795,29.641,98.854,1.0,0.902
2026-09-24,12,2026092312,VTBS,20.443,12.064,22.561,13.109,38.529,9.809,45.798,0.876,0.378
2026-09-24,12,2026092312,VTCC,0.057,0.073,0.183,0.353,8.753,2.969,34.405,0.427,0.102
2026-09-24,12,2026092312,VTCH,16.815,10.247,30.954,7.628,36.035,5.91,36.035,0.6,0.231
2026-09-24,12,2026092312,VTCL,4.349,1.569,4.349,1.506,10.633,4.136,23.11,0.533,0.16
2026-09-24,12,2026092312,VTCN,9.504,9.278,19.133,7.94,32.43,5.405,46.582,0.569,0.178
2026-09-24,12,2026092312,VTCP,0.199,1.93,9.634,1.469,15.565,1.088,15.565,0.258,0.027
2026-09-24,12,2026092312,VTCT,0.033,0.04,0.079,0.042,0.1,0.053,0.358,0.0,0.0
2026-09-24,12,2026092312,VTPB,4.517,11.174,37.028,12.237,48.075,10.129,48.075,0.951,0.364
2026-09-24,12,2026092312,VTPH,14.079,18.563,38.443,38.129,115.234,36.34,127.846,1.0,0.929
2026-09-24,12,2026092312,VTPM,5.441,5.348,8.47,5.581,22.396,4.649,30.531,0.631,0.151
2026-09-24,12,2026092312,VTPO,0.215,0.344,1.411,0.988,10.11,1.961,22.399,0.298,0.062
2026-09-24,12,2026092312,VTPP,0.309,0.8,3.721,2.967,19.139,2.878,31.436,0.329,0.107
2026-09-24,12,2026092312,VTSB,0.0,0.006,0.028,0.008,0.064,0.044,1.077,0.004,0.0
2026-09-24,12,2026092312,VTSC,0.139,0.381,1.276,0.611,3.166,0.731,13.494,0.169,0.009
2026-09-24,12,2026092312,VTSE,5.286,5.887,7.45,6.94,10.904,8.932,29.753,0.982,0.271
2026-09-24,12,2026092312,VTSF,0.0,0.0,0.0,0.016,0.643,0.019,1.195,0.004,0.0
2026-09-24,12,2026092312,VTSG,0.093,0.072,0.229,0.109,1.285,0.307,4.407,0.093,0.0
2026-09-24,12,2026092312,VTSM,0.112,0.128,0.357,0.107,0.357,0.303,3.453,0.062,0.0
2026-09-24,12,2026092312,VTSP,0.127,0.11,0.155,0.193,0.966,0.39,5.76,0.102,0.0
2026-09-24,12,2026092312,VTSR,0.818,0.69,1.263,1.822,7.828,3.712,29.397,0.511,0.124
2026-09-24,12,2026092312,VTSS,2.042,1.565,3.301,3.317,22.287,6.666,68.355,0.453,0.191
2026-09-24,12,2026092312,VTST,0.066,0.042,0.079,0.131,0.691,0.691,16.917,0.116,0.013
2026-09-24,12,2026092312,VTSY,0.0,0.102,0.532,0.363,3.607,0.406,9.917,0.116,0.0
2026-09-24,12,2026092312,VTUD,0.131,0.231,0.59,0.586,3.253,0.655,6.163,0.187,0.0
2026-09-24,12,2026092312,VTUI,0.92,1.201,2.173,0.673,2.77,1.317,17.859,0.289,0.031
2026-09-24,12,2026092312,VTUK,6.886,8.864,22.691,11.154,36.239,13.868,43.17,0.951,0.56
2026-09-24,12,2026092312,VTUL,21.436,17.793,27.083,17.165,40.406,20.7,61.889,1.0,0.764
2026-09-24,12,2026092312,VTUO,10.592,11.447,15.061,19.899,38.946,33.688,64.514,1.0,0.982
2026-09-24,12,2026092312,VTUQ,73.324,72.031,89.599,89.463,158.261,73.293,158.261,1.0,1.0
2026-09-24,12,2026092312,VTUU,4.428,6.156,11.705,11.129,34.032,18.089,68.501,1.0,0.569
2026-09-24,12,2026092312,VTUV,1.096,1.618,2.785,1.972,4.62,2.023,8.412,0.707,0.0
2026-09-24,12,2026092312,VTUW,0.018,0.013,0.032,0.134,1.565,0.28,5.075,0.062,0.0
2026-09-24,18,2026092318,VTBD,6.975,8.276,14.203,8.849,23.927,6.054,53.825,0.751,0.213
2026-09-24,18,2026092318,VTBO,18.742,16.517,20.923,19.778,63.418,30.888,102.312,1.0,0.831
2026-09-24,18,2026092318,VTBS,2.321,4.664,13.136,4.196,13.136,9.382,42.784,0.867,0.36
2026-09-24,18,2026092318,VTCC,0.049,0.071,0.218,0.666,6.505,1.591,15.788,0.329,0.036
2026-09-24,18,2026092318,VTCH,3.533,3.197,11.498,4.072,14.419,3.866,25.446,0.618,0.12
2026-09-24,18,2026092318,VTCL,0.094,0.147,0.313,3.843,25.392,4.233,33.451,0.436,0.178
2026-09-24,18,2026092318,VTCN,0.167,0.291,0.639,0.541,3.313,2.052,29.373,0.311,0.053
2026-09-24,18,2026092318,VTCP,1.805,1.137,2.804,1.252,7.142,2.328,19.694,0.387,0.067
2026-09-24,18,2026092318,VTCT,0.003,0.005,0.011,0.007,0.021,0.008,0.058,0.0,0.0
2026-09-24,18,2026092318,VTPB,23.106,19.361,27.537,11.95,27.537,10.693,30.88,1.0,0.427
2026-09-24,18,2026092318,VTPH,14.009,15.269,19.406,18.119,28.663,14.423,38.074,1.0,0.636
2026-09-24,18,2026092318,VTPM,0.295,1.344,4.772,1.449,6.758,1.893,21.989,0.369,0.049
2026-09-24,18,2026092318,VTPO,16.464,12.386,18.5,6.472,18.5,4.195,27.068,0.827,0.124
2026-09-24,18,2026092318,VTPP,15.894,19.759,33.615,15.061,45.011,19.495,63.009,0.987,0.653
2026-09-24,18,2026092318,VTSB,2.412,2.542,3.932,2.248,7.001,1.737,10.614,0.364,0.004
2026-09-24,18,2026092318,VTSC,0.228,0.52,1.85,0.552,3.378,0.615,9.98,0.204,0.0
2026-09-24,18,2026092318,VTSE,14.516,15.048,16.724,14.015,27.858,11.942,30.884,1.0,0.529
2026-09-24,18,2026092318,VTSF,0.028,0.057,0.377,1.058,18.439,2.288,23.807,0.276,0.093
2026-09-24,18,2026092318,VTSG,0.003,0.002,0.006,0.008,0.036,0.014,0.269,0.0,0.0
2026-09-24,18,2026092318,VTSM,4.58,3.057,5.278,2.186,7.469,2.499,13.816,0.538,0.053
2026-09-24,18,2026092318,VTSP,0.026,0.1,0.187,0.146,0.992,0.135,0.992,0.0,0.0
2026-09-24,18,2026092318,VTSR,0.662,0.242,0.662,0.221,1.006,0.232,1.9,0.031,0.0
2026-09-24,18,2026092318,VTSS,0.424,0.504,0.878,0.711,2.085,1.686,18.014,0.387,0.027
2026-09-24,18,2026092318,VTST,0.15,0.05,0.15,0.052,0.296,0.249,3.681,0.058,0.0
2026-09-24,18,2026092318,VTSY,0.0,0.0,0.001,0.008,0.047,0.068,1.053,0.004,0.0
2026-09-24,18,2026092318,VTUD,0.06,0.052,0.068,0.052,0.146,0.608,8.642,0.116,0.0
2026-09-24,18,2026092318,VTUI,0.224,0.18,0.499,0.264,1.311,0.879,7.741,0.227,0.0
2026-09-24,18,2026092318,VTUK,8.682,10.315,20.182,8.499,22.634,6.849,22.634,0.956,0.209
2026-09-24,18,2026092318,VTUL,30.872,23.781,30.872,15.634,30.872,10.259,30.872,0.982,0.431
2026-09-24,18,2026092318,VTUO,19.442,22.8,34.681,25.209,46.449,24.363,58.711,1.0,0.84
2026-09-24,18,2026092318,VTUQ,78.022,76.882,96.472,69.317,97.661,52.66,104.707,1.0,1.0
2026-09-24,18,2026092318,VTUU,11.142,10.716,13.829,10.573,25.296,11.54,41.416,1.0,0.471
2026-09-24,18,2026092318,VTUV,6.577,6.54,9.437,7.633,26.983,11.71,40.73,0.96,0.391
2026-09-24,18,2026092318,VTUW,1.059,0.88,2.281,0.643,6.04,0.549,6.637,0.151,0.0
2026-09-25,00,2026092400,VTBD,0.458,0.47,0.843,0.552,2.414,3.837,27.141,0.511,0.129
2026-09-25,00,2026092400,VTBO,22.345,31.566,49.406,34.459,61.913,33.678,67.055,1.0,1.0
2026-09-25,00,2026092400,VTBS,0.539,0.539,0.722,0.967,4.654,2.287,21.033,0.498,0.049
2026-09-25,00,2026092400,VTCC,0.085,0.28,1.286,0.131,1.286,1.083,17.584,0.218,0.022
2026-09-25,00,2026092400,VTCH,0.615,0.796,2.42,1.635,15.023,5.278,50.767,0.551,0.182
2026-09-25,00,2026092400,VTCL,19.809,11.954,19.809,9.348,35.519,9.838,64.261,0.871,0.342
2026-09-25,00,2026092400,VTCN,0.12,0.288,0.885,0.798,5.071,2.137,24.209,0.342,0.058
2026-09-25,00,2026092400,VTCP,8.078,5.952,19.384,4.046,27.316,6.955,49.775,0.778,0.231
2026-09-25,00,2026092400,VTCT,0.007,0.011,0.039,0.027,0.188,0.305,21.466,0.049,0.009
2026-09-25,00,2026092400,VTPB,6.584,6.432,7.535,6.863,13.195,4.386,15.877,0.844,0.067
2026-09-25,00,2026092400,VTPH,20.99,22.431,42.264,24.277,71.136,16.947,88.058,0.902,0.538
2026-09-25,00,2026092400,VTPM,5.412,7.926,29.672,16.065,79.194,15.473,79.846,0.987,0.493
2026-09-25,00,2026092400,VTPO,40.405,31.422,53.139,23.069,64.476,16.615,76.14,0.782,0.511
2026-09-25,00,2026092400,VTPP,1.862,4.402,13.688,6.339,32.699,27.802,219.851,0.987,0.556
2026-09-25,00,2026092400,VTSB,1.497,0.878,3.58,1.315,13.68,2.035,32.787,0.262,0.071
2026-09-25,00,2026092400,VTSC,0.066,0.062,0.139,1.208,11.877,4.572,39.198,0.493,0.156
2026-09-25,00,2026092400,VTSE,1.823,1.922,2.837,2.152,9.538,6.659,28.114,0.876,0.236
2026-09-25,00,2026092400,VTSF,0.017,0.666,3.537,1.778,7.666,3.434,38.979,0.498,0.098
2026-09-25,00,2026092400,VTSG,0.046,0.083,0.174,0.104,0.835,1.136,24.217,0.178,0.031
2026-09-25,00,2026092400,VTSM,0.039,0.05,0.093,0.063,0.478,1.036,17.783,0.156,0.027
2026-09-25,00,2026092400,VTSP,0.052,0.07,0.115,0.276,4.619,0.974,13.191,0.178,0.009
2026-09-25,00,2026092400,VTSR,0.505,2.534,8.575,4.375,16.208,2.941,16.208,0.684,0.036
2026-09-25,00,2026092400,VTSS,30.866,34.076,41.096,24.379,66.231,14.065,75.469,0.773,0.507
2026-09-25,00,2026092400,VTST,0.768,1.186,2.632,1.255,7.933,2.297,21.316,0.538,0.031
2026-09-25,00,2026092400,VTSY,40.079,37.661,47.832,28.864,53.489,13.124,53.489,0.88,0.467
2026-09-25,00,2026092400,VTUD,4.608,3.26,5.409,2.11,6.156,3.005,14.412,0.818,0.031
2026-09-25,00,2026092400,VTUI,0.0,0.009,0.025,0.267,1.558,1.903,10.688,0.484,0.009
2026-09-25,00,2026092400,VTUK,44.829,36.968,45.137,25.777,47.302,27.337,68.437,1.0,0.924
2026-09-25,00,2026092400,VTUL,9.375,12.143,24.064,9.489,24.064,8.346,29.06,0.964,0.351
2026-09-25,00,2026092400,VTUO,2.802,2.909,4.67,11.011,63.301,12.85,63.301,0.987,0.462
2026-09-25,00,2026092400,VTUQ,19.286,29.247,60.84,29.062,64.85,50.027,138.263,1.0,1.0
2026-09-25,00,2026092400,VTUU,0.378,0.716,1.318,2.017,7.811,4.296,14.963,0.92,0.102
2026-09-25,00,2026092400,VTUV,75.615,64.664,83.149,39.578,83.149,26.09,83.149,1.0,0.827
2026-09-25,00,2026092400,VTUW,0.07,0.448,1.322,0.566,3.115,2.101,29.33,0.324,0.067
2026-09-25,06,2026092406,VTBD,34.093,34.508,45.787,34.476,61.921,29.508,63.778,1.0,0.867
2026-09-25,06,2026092406,VTBO,105.861,94.407,133.953,86.562,181.129,65.951,190.856,1.0,0.991
2026-09-25,06,2026092406,VTBS,29.756,32.858,48.185,37.902,75.031,34.255,79.783,1.0,0.884
2026-09-25,06,2026092406,VTCC,0.204,0.251,0.334,0.525,8.129,0.725,8.629,0.191,0.0
2026-09-25,06,2026092406,VTCH,4.333,5.166,8.68,7.065,25.468,12.068,72.09,0.92,0.431
2026-09-25,06,2026092406,VTCL,0.943,1.697,5.696,1.791,11.569,2.362,27.76,0.4,0.062
2026-09-25,06,2026092406,VTCN,2.429,1.181,2.627,0.815,3.199,1.642,26.354,0.329,0.018
2026-09-25,06,2026092406,VTCP,3.291,3.914,10.475,2.55,18.802,2.709,23.345,0.48,0.058
2026-09-25,06,2026092406,VTCT,0.954,1.323,2.513,1.751,8.193,2.744,14.024,0.649,0.027
2026-09-25,06,2026092406,VTPB,0.508,1.327,2.487,6.143,24.325,8.64,33.549,0.929,0.311
2026-09-25,06,2026092406,VTPH,27.567,24.517,30.83,17.601,30.83,11.681,35.386,0.84,0.453
2026-09-25,06,2026092406,VTPM,13.444,18.327,29.52,27.311,80.991,23.384,116.77,0.973,0.644
2026-09-25,06,2026092406,VTPO,38.813,21.607,38.813,7.701,38.813,2.54,38.813,0.404,0.053
2026-09-25,06,2026092406,VTPP,21.817,10.417,28.572,6.786,28.572,7.38,43.627,0.662,0.24
2026-09-25,06,2026092406,VTSB,5.965,7.684,10.905,8.173,19.403,5.221,35.852,0.591,0.231
2026-09-25,06,2026092406,VTSC,0.007,0.018,0.041,0.062,0.887,0.101,1.312,0.009,0.0
2026-09-25,06,2026092406,VTSE,3.938,6.256,16.613,5.805,23.074,8.516,35.041,0.916,0.324
2026-09-25,06,2026092406,VTSF,0.001,0.037,0.092,0.171,1.147,0.966,11.314,0.227,0.009
2026-09-25,06,2026092406,VTSG,0.38,0.238,0.423,1.026,12.352,3.487,70.08,0.338,0.098
2026-09-25,06,2026092406,VTSM,0.099,0.253,0.652,0.285,0.806,0.561,5.68,0.151,0.0
2026-09-25,06,2026092406,VTSP,0.874,0.528,0.874,1.533,9.598,1.608,11.929,0.329,0.013
2026-09-25,06,2026092406,VTSR,12.089,14.136,26.608,16.234,47.45,12.835,49.818,0.996,0.48
2026-09-25,06,2026092406,VTSS,9.828,14.171,27.331,15.644,29.316,14.008,55.67,0.884,0.529
2026-09-25,06,2026092406,VTST,0.917,1.375,2.829,3.051,18.326,8.218,60.053,0.8,0.276
2026-09-25,06,2026092406,VTSY,40.819,28.747,47.225,20.245,55.038,12.541,55.038,0.822,0.4
2026-09-25,06,2026092406,VTUD,0.922,1.534,3.274,3.477,15.035,5.087,21.449,0.858,0.191
2026-09-25,06,2026092406,VTUI,0.127,0.239,0.375,0.576,1.875,1.163,8.355,0.391,0.0
2026-09-25,06,2026092406,VTUK,31.05,25.207,35.408,23.857,37.066,19.153,37.883,1.0,0.756
2026-09-25,06,2026092406,VTUL,8.715,8.442,13.882,12.544,27.136,15.189,37.793,1.0,0.787
2026-09-25,06,2026092406,VTUO,11.632,11.935,23.151,10.231,25.982,11.089,36.711,0.973,0.471
2026-09-25,06,2026092406,VTUQ,28.975,27.459,30.828,32.148,45.914,34.247,55.145,1.0,1.0
2026-09-25,06,2026092406,VTUU,0.751,0.85,1.735,0.866,1.735,1.199,4.525,0.44,0.0
2026-09-25,06,2026092406,VTUV,2.901,3.946,7.339,6.099,14.198,9.73,29.594,1.0,0.409
2026-09-25,06,2026092406,VTUW,1.029,1.36,2.894,2.434,11.568,1.704,11.568,0.493,0.009
2026-09-25,12,2026092412,VTBD,36.147,30.691,37.12,27.444,47.561,27.467,57.031,1.0,1.0
2026-09-25,12,2026092412,VTBO,107.586,122.735,142.979,121.303,173.815,90.029,187.943,1.0,0.964
2026-09-25,12,2026092412,VTBS,19.353,21.653,27.239,25.244,36.349,33.112,73.717,1.0,1.0
2026-09-25,12,2026092412,VTCC,0.05,0.068,0.128,0.812,14.713,1.001,18.84,0.187,0.027
2026-09-25,12,2026092412,VTCH,0.554,0.908,5.913,0.878,9.216,3.711,64.877,0.436,0.098
2026-09-25,12,2026092412,VTCL,23.332,21.655,32.986,17.72,69.014,8.472,69.014,0.804,0.262
2026-09-25,12,2026092412,VTCN,1.151,0.909,1.841,1.308,14.887,1.875,29.809,0.329,0.053
2026-09-25,12,2026092412,VTCP,1.61,4.853,14.766,2.262,14.766,2.831,29.236,0.48,0.08
2026-09-25,12,2026092412,VTCT,0.024,0.031,0.067,0.027,0.067,0.296,14.47,0.058,0.004
2026-09-25,12,2026092412,VTPB,1.064,0.842,1.162,1.015,6.83,2.242,16.168,0.587,0.027
2026-09-25,12,2026092412,VTPH,4.513,5.607,14.932,7.847,25.496,8.03,44.17,0.973,0.267
2026-09-25,12,2026092412,VTPM,0.264,1.235,6.8,2.587,22.3,2.546,40.168,0.351,0.071
2026-09-25,12,2026092412,VTPO,3.948,2.895,5.746,1.651,6.109,1.518,15.805,0.342,0.013
2026-09-25,12,2026092412,VTPP,1.076,1.133,1.701,3.445,13.313,3.647,13.535,0.844,0.08
2026-09-25,12,2026092412,VTSB,0.148,0.62,3.22,1.54,8.133,0.878,8.574,0.196,0.0
2026-09-25,12,2026092412,VTSC,0.035,0.051,0.284,0.083,0.564,0.258,5.28,0.062,0.0
2026-09-25,12,2026092412,VTSE,2.194,2.213,3.971,3.085,8.043,4.948,30.524,0.902,0.089
2026-09-25,12,2026092412,VTSF,2.86,3.443,9.202,1.717,9.3,2.011,22.323,0.409,0.022
2026-09-25,12,2026092412,VTSG,0.008,0.042,0.331,0.025,0.331,0.382,8.226,0.111,0.0
2026-09-25,12,2026092412,VTSM,0.0,0.017,0.061,0.025,0.151,0.04,0.584,0.0,0.0
2026-09-25,12,2026092412,VTSP,0.201,0.209,0.432,0.146,0.518,0.171,1.615,0.009,0.0
2026-09-25,12,2026092412,VTSR,0.382,0.435,0.773,0.674,3.042,2.852,28.76,0.373,0.102
2026-09-25,12,2026092412,VTSS,19.731,21.748,34.082,17.796,50.478,12.723,66.69,0.804,0.444
2026-09-25,12,2026092412,VTST,0.032,0.025,0.061,0.048,0.825,0.267,11.706,0.058,0.004
2026-09-25,12,2026092412,VTSY,10.349,18.377,33.085,12.464,36.866,11.557,115.89,0.671,0.36
2026-09-25,12,2026092412,VTUD,1.376,4.325,8.848,5.481,14.063,6.472,27.042,0.969,0.182
2026-09-25,12,2026092412,VTUI,1.764,1.521,4.073,1.107,7.508,1.118,8.379,0.298,0.0
2026-09-25,12,2026092412,VTUK,1.593,2.761,8.373,5.676,25.817,7.402,29.09,0.902,0.236
2026-09-25,12,2026092412,VTUL,8.176,8.371,9.184,5.347,10.236,4.722,25.293,0.756,0.102
2026-09-25,12,2026092412,VTUO,15.278,14.92,20.985,14.409,29.14,16.619,48.11,1.0,0.591
2026-09-25,12,2026092412,VTUQ,19.609,25.822,34.735,33.605,54.137,29.131,54.522,1.0,0.978
2026-09-25,12,2026092412,VTUU,0.19,0.316,0.724,0.285,0.921,0.862,5.145,0.311,0.0
2026-09-25,12,2026092412,VTUV,3.102,4.263,11.442,6.029,19.327,4.958,19.327,0.676,0.178
2026-09-25,12,2026092412,VTUW,0.404,0.493,0.955,1.096,9.401,0.699,9.401,0.156,0.0
2026-09-25,18,2026092418,VTBD,66.473,64.717,68.053,58.842,74.282,52.442,79.227,1.0,1.0
2026-09-25,18,2026092418,VTBO,59.866,64.552,95.82,61.248,115.211,77.789,203.984,1.0,1.0
2026-09-25,18,2026092418,VTBS,47.855,44.265,50.673,39.608,50.673,41.722,69.347,1.0,1.0
2026-09-25,18,2026092418,VTCC,0.081,0.225,0.542,0.322,0.977,0.425,9.663,0.071,0.0
2026-09-25,18,2026092418,VTCH,1.765,1.83,4.21,6.266,51.473,5.521,51.473,0.644,0.191
2026-09-25,18,2026092418,VTCL,4.139,9.215,26.249,7.773,41.124,5.43,52.336,0.453,0.164
2026-09-25,18,2026092418,VTCN,0.519,0.657,1.827,1.125,5.778,3.365,41.228,0.413,0.102
2026-09-25,18,2026092418,VTCP,20.685,11.982,21.342,6.964,21.342,6.93,42.264,0.836,0.213
2026-09-25,18,2026092418,VTCT,0.003,0.008,0.024,0.008,0.024,0.047,3.599,0.009,0.0
2026-09-25,18,2026092418,VTPB,1.853,2.274,5.215,5.051,14.448,9.623,39.032,0.982,0.351
2026-09-25,18,2026092418,VTPH,4.54,4.65,6.742,4.796,11.968,7.15,19.784,1.0,0.231
2026-09-25,18,2026092418,VTPM,0.535,1.706,6.841,3.278,14.477,2.114,15.522,0.489,0.049
2026-09-25,18,2026092418,VTPO,0.879,0.994,1.228,1.24,2.891,2.324,13.678,0.738,0.009
2026-09-25,18,2026092418,VTPP,8.57,9.205,10.125,9.365,12.155,11.295,30.453,1.0,0.476
2026-09-25,18,2026092418,VTSB,0.066,0.441,2.161,5.619,48.366,4.851,48.366,0.582,0.124
2026-09-25,18,2026092418,VTSC,1.812,1.713,3.122,1.377,4.218,5.639,95.642,0.404,0.093
2026-09-25,18,2026092418,VTSE,0.153,0.835,2.816,2.413,9.507,4.295,18.177,0.818,0.107
2026-09-25,18,2026092418,VTSF,0.175,0.5,1.274,2.481,16.654,3.835,27.375,0.498,0.138
2026-09-25,18,2026092418,VTSG,0.002,0.007,0.042,0.008,0.062,0.075,3.228,0.009,0.0
2026-09-25,18,2026092418,VTSM,0.0,0.006,0.03,0.012,0.12,0.033,0.696,0.0,0.0
2026-09-25,18,2026092418,VTSP,0.027,0.025,0.051,0.051,1.078,0.04,1.078,0.004,0.0
2026-09-25,18,2026092418,VTSR,0.776,5.108,20.518,3.81,21.268,1.781,21.268,0.302,0.049
2026-09-25,18,2026092418,VTSS,8.763,11.861,33.36,7.769,41.027,5.915,41.027,0.596,0.231
2026-09-25,18,2026092418,VTST,0.009,0.032,0.083,0.12,2.426,0.435,8.292,0.107,0.0
2026-09-25,18,2026092418,VTSY,9.866,26.518,67.967,25.643,76.19,18.974,100.205,0.88,0.511
2026-09-25,18,2026092418,VTUD,2.718,3.105,4.0,2.586,4.702,3.63,24.113,0.716,0.076
2026-09-25,18,2026092418,VTUI,4.59,4.625,7.802,4.317,11.518,3.974,16.779,0.804,0.058
2026-09-25,18,2026092418,VTUK,5.514,6.229,11.508,7.341,23.397,6.956,27.712,0.991,0.196
2026-09-25,18,2026092418,VTUL,6.744,6.095,7.108,7.091,17.273,8.893,73.656,0.973,0.249
2026-09-25,18,2026092418,VTUO,13.964,13.417,16.566,13.882,20.838,14.93,38.926,1.0,0.8
2026-09-25,18,2026092418,VTUQ,14.152,17.416,23.31,21.701,33.254,18.689,56.074,1.0,0.871
2026-09-25,18,2026092418,VTUU,0.634,1.206,2.951,1.904,5.818,1.416,5.818,0.524,0.0
2026-09-25,18,2026092418,VTUV,4.657,7.048,16.572,7.345,17.584,7.022,30.406,1.0,0.169
2026-09-25,18,2026092418,VTUW,0.977,1.537,4.112,2.732,8.963,2.231,9.456,0.64,0.0
2026-09-26,00,2026092500,VTBD,11.568,12.177,14.67,13.469,29.291,17.066,45.389,1.0,0.769
2026-09-26,00,2026092500,VTBO,4.863,6.775,12.534,11.083,33.854,11.24,40.045,0.947,0.449
2026-09-26,00,2026092500,VTBS,3.218,4.124,5.824,5.33,11.269,8.476,34.435,1.0,0.24
2026-09-26,00,2026092500,VTCC,0.059,0.025,0.059,0.313,4.646,0.774,8.78,0.196,0.0
2026-09-26,00,2026092500,VTCH,0.671,2.087,7.79,6.653,34.948,6.672,54.689,0.644,0.2
2026-09-26,00,2026092500,VTCL,0.386,2.28,9.96,8.294,35.356,5.931,65.911,0.564,0.204
2026-09-26,00,2026092500,VTCN,4.459,4.101,5.306,2.211,6.065,1.028,6.722,0.284,0.0
2026-09-26,00,2026092500,VTCP,0.009,0.006,0.021,0.017,0.238,0.06,1.363,0.009,0.0
2026-09-26,00,2026092500,VTCT,0.0,0.111,0.929,0.568,7.381,0.434,16.064,0.084,0.009
2026-09-26,00,2026092500,VTPB,1.877,1.679,3.019,1.788,5.586,1.599,5.925,0.64,0.0
2026-09-26,00,2026092500,VTPH,0.373,0.307,0.745,0.33,1.597,0.786,4.73,0.258,0.0
2026-09-26,00,2026092500,VTPM,23.477,29.771,52.107,35.958,72.321,35.393,133.016,1.0,0.969
2026-09-26,00,2026092500,VTPO,32.326,30.914,47.208,20.356,49.917,10.429,49.917,0.876,0.396
2026-09-26,00,2026092500,VTPP,2.514,2.715,5.079,5.516,25.795,4.203,25.795,0.609,0.12
2026-09-26,00,2026092500,VTSB,1.18,0.803,1.744,0.574,3.367,0.881,11.772,0.227,0.009
2026-09-26,00,2026092500,VTSC,2.524,3.788,8.539,3.646,13.832,11.573,51.615,0.911,0.373
2026-09-26,00,2026092500,VTSE,2.757,4.785,11.617,6.753,20.88,8.151,23.512,0.929,0.396
2026-09-26,00,2026092500,VTSF,9.836,10.853,24.045,14.876,30.786,14.522,30.786,1.0,0.716
2026-09-26,00,2026092500,VTSG,0.046,0.151,0.304,0.47,3.995,0.918,12.236,0.231,0.009
2026-09-26,00,2026092500,VTSM,0.0,0.022,0.141,0.122,1.942,1.017,10.007,0.24,0.004
2026-09-26,00,2026092500,VTSP,0.145,0.138,0.42,0.895,6.348,1.589,10.401,0.409,0.009
2026-09-26,00,2026092500,VTSR,8.069,9.309,16.443,11.545,20.998,13.126,40.808,1.0,0.627
2026-09-26,00,2026092500,VTSS,29.204,31.287,52.797,26.593,55.598,13.625,55.598,0.862,0.449
2026-09-26,00,2026092500,VTST,6.575,6.423,9.464,4.084,18.84,5.848,35.525,0.827,0.173
2026-09-26,00,2026092500,VTSY,17.12,17.355,29.046,14.908,32.386,12.201,48.597,0.978,0.529
2026-09-26,00,2026092500,VTUD,0.328,0.42,0.861,3.134,16.067,3.016,25.077,0.68,0.044
2026-09-26,00,2026092500,VTUI,0.339,0.581,2.266,1.285,6.267,0.907,6.267,0.298,0.0
2026-09-26,00,2026092500,VTUK,2.028,2.02,3.738,2.008,6.06,3.621,20.699,0.729,0.058
2026-09-26,00,2026092500,VTUL,2.166,4.796,10.19,5.587,15.198,5.608,26.386,0.898,0.156
2026-09-26,00,2026092500,VTUO,4.429,5.41,9.63,6.986,18.869,8.353,27.3,1.0,0.267
2026-09-26,00,2026092500,VTUQ,44.006,42.843,58.02,43.404,81.312,34.021,92.987,1.0,0.964
2026-09-26,00,2026092500,VTUU,4.275,5.317,7.619,7.475,15.535,10.525,47.62,1.0,0.364
2026-09-26,00,2026092500,VTUV,12.327,8.259,13.085,4.549,13.085,3.583,13.085,0.747,0.044
2026-09-26,00,2026092500,VTUW,0.086,0.09,0.283,0.209,1.012,0.64,5.803,0.2,0.0
2026-09-26,06,2026092506,VTBD,51.058,53.883,63.422,59.48,105.744,59.073,114.257,1.0,1.0
2026-09-26,06,2026092506,VTBO,30.973,31.527,46.781,32.064,50.849,34.379,105.574,1.0,0.969
2026-09-26,06,2026092506,VTBS,45.33,45.446,47.19,44.957,55.638,43.257,64.172,1.0,1.0
2026-09-26,06,2026092506,VTCC,0.488,1.258,3.64,2.469,12.723,3.359,31.754,0.604,0.067
2026-09-26,06,2026092506,VTCH,2.455,5.951,22.524,4.338,22.524,5.742,54.655,0.644,0.178
2026-09-26,06,2026092506,VTCL,0.0,0.008,0.064,0.02,0.612,0.144,1.547,0.044,0.0
2026-09-26,06,2026092506,VTCN,0.007,0.007,0.041,0.241,2.243,0.283,2.243,0.062,0.0
2026-09-26,06,2026092506,VTCP,0.031,0.012,0.039,0.041,0.455,0.05,0.804,0.0,0.0
2026-09-26,06,2026092506,VTCT,1.294,1.397,1.788,1.351,3.206,2.708,21.404,0.707,0.044
2026-09-26,06,2026092506,VTPB,6.984,7.847,11.84,10.001,30.576,6.532,32.973,0.951,0.169
2026-09-26,06,2026092506,VTPH,3.403,3.35,4.418,3.593,8.926,5.96,21.455,0.969,0.178
2026-09-26,06,2026092506,VTPM,18.334,14.959,19.536,12.281,22.818,11.864,33.757,0.991,0.627
2026-09-26,06,2026092506,VTPO,2.359,3.36,10.257,3.433,15.556,3.005,22.9,0.564,0.062
2026-09-26,06,2026092506,VTPP,1.015,1.699,3.239,2.197,5.666,2.277,18.17,0.542,0.053
2026-09-26,06,2026092506,VTSB,5.239,2.571,5.861,1.711,5.861,3.298,23.263,0.676,0.071
2026-09-26,06,2026092506,VTSC,3.261,7.079,19.788,12.19,54.232,16.597,56.702,0.973,0.573
2026-09-26,06,2026092506,VTSE,2.948,3.538,7.063,4.227,10.161,6.362,22.597,0.942,0.187
2026-09-26,06,2026092506,VTSF,2.339,4.705,11.534,6.897,17.76,10.006,46.096,0.898,0.427
2026-09-26,06,2026092506,VTSG,26.415,26.941,36.721,25.752,48.341,25.554,88.759,1.0,0.902
2026-09-26,06,2026092506,VTSM,2.031,2.863,6.267,5.969,17.041,7.0,23.356,0.893,0.311
2026-09-26,06,2026092506,VTSP,23.029,15.712,23.363,8.838,34.675,10.104,37.392,0.964,0.413
2026-09-26,06,2026092506,VTSR,12.173,10.176,17.948,10.499,22.911,9.173,28.226,0.956,0.36
2026-09-26,06,2026092506,VTSS,15.461,15.616,22.105,12.231,47.401,12.641,106.843,0.84,0.427
2026-09-26,06,2026092506,VTST,33.103,23.62,33.103,21.311,41.396,32.858,78.401,1.0,0.964
2026-09-26,06,2026092506,VTSY,38.003,28.527,45.58,19.741,45.58,16.488,57.244,0.987,0.64
2026-09-26,06,2026092506,VTUD,10.263,9.023,13.491,6.549,20.243,5.65,37.566,0.88,0.151
2026-09-26,06,2026092506,VTUI,0.693,1.401,4.357,2.21,7.987,1.734,9.159,0.533,0.0
2026-09-26,06,2026092506,VTUK,0.609,0.894,2.228,0.85,2.549,1.002,4.837,0.32,0.0
2026-09-26,06,2026092506,VTUL,8.992,8.668,10.864,8.669,24.297,13.079,69.611,0.964,0.484
2026-09-26,06,2026092506,VTUO,1.598,1.932,4.164,1.632,4.685,1.27,5.597,0.551,0.0
2026-09-26,06,2026092506,VTUQ,8.542,9.582,13.894,8.039,15.182,8.203,43.568,0.956,0.258
2026-09-26,06,2026092506,VTUU,25.315,28.8,43.824,30.654,47.686,20.704,47.686,1.0,0.831
2026-09-26,06,2026092506,VTUV,1.944,3.026,7.729,6.467,19.082,6.045,21.522,0.84,0.218
2026-09-26,06,2026092506,VTUW,0.6,0.773,1.378,1.159,5.403,1.366,6.082,0.507,0.0
2026-09-26,12,2026092512,VTBD,11.673,12.843,16.054,13.714,19.455,11.011,24.602,1.0,0.591
2026-09-26,12,2026092512,VTBO,28.585,31.772,46.104,40.874,109.065,65.86,182.06,1.0,1.0
2026-09-26,12,2026092512,VTBS,3.137,3.655,4.192,6.584,14.417,12.834,40.768,1.0,0.551
2026-09-26,12,2026092512,VTCC,0.001,0.015,0.046,0.737,7.566,1.192,14.507,0.311,0.013
2026-09-26,12,2026092512,VTCH,3.605,2.631,5.02,4.766,47.732,6.696,61.633,0.698,0.209
2026-09-26,12,2026092512,VTCL,0.501,0.165,0.501,0.084,0.501,0.082,1.096,0.004,0.0
2026-09-26,12,2026092512,VTCN,0.011,0.024,0.106,0.331,6.541,0.259,6.541,0.08,0.0
2026-09-26,12,2026092512,VTCP,0.0,0.012,0.054,0.005,0.054,0.037,1.472,0.009,0.0
2026-09-26,12,2026092512,VTCT,0.018,0.032,0.111,0.314,5.505,0.229,5.505,0.058,0.0
2026-09-26,12,2026092512,VTPB,31.223,29.197,36.437,23.665,46.702,16.933,54.14,1.0,0.689
2026-09-26,12,2026092512,VTPH,15.024,14.024,16.88,13.709,21.919,14.172,31.9,1.0,0.702
2026-09-26,12,2026092512,VTPM,0.874,0.543,0.874,1.235,11.061,4.506,40.604,0.653,0.16
2026-09-26,12,2026092512,VTPO,9.568,7.9,11.336,5.825,14.327,3.427,14.327,0.693,0.036
2026-09-26,12,2026092512,VTPP,4.19,4.318,5.164,4.739,9.757,5.83,16.036,0.92,0.133
2026-09-26,12,2026092512,VTSB,0.04,0.057,0.168,0.112,0.762,0.848,17.605,0.16,0.018
2026-09-26,12,2026092512,VTSC,6.441,9.01,23.062,13.833,64.763,15.384,70.308,0.831,0.507
2026-09-26,12,2026092512,VTSE,10.684,11.71,18.415,9.775,19.165,11.151,28.412,0.991,0.489
2026-09-26,12,2026092512,VTSF,6.092,5.845,8.543,10.592,33.189,12.136,38.97,0.996,0.484
2026-09-26,12,2026092512,VTSG,0.26,1.037,3.678,1.274,8.748,2.144,17.223,0.524,0.027
2026-09-26,12,2026092512,VTSM,0.497,0.388,0.84,0.337,1.819,0.769,3.924,0.302,0.0
2026-09-26,12,2026092512,VTSP,1.292,2.087,5.714,1.97,7.476,1.922,11.972,0.467,0.018
2026-09-26,12,2026092512,VTSR,13.058,15.27,21.771,16.143,24.585,11.853,24.585,1.0,0.649
2026-09-26,12,2026092512,VTSS,2.368,4.627,14.305,6.969,34.563,11.017,82.398,0.64,0.364
2026-09-26,12,2026092512,VTST,8.665,6.832,11.608,6.603,24.315,8.786,44.088,0.827,0.302
2026-09-26,12,2026092512,VTSY,68.093,54.881,68.093,47.644,112.655,36.866,158.169,0.982,0.751
2026-09-26,12,2026092512,VTUD,1.765,2.179,4.806,3.61,14.028,2.854,15.853,0.76,0.044
2026-09-26,12,2026092512,VTUI,2.193,2.019,3.034,1.334,3.034,1.327,12.53,0.418,0.018
2026-09-26,12,2026092512,VTUK,8.892,11.652,27.535,13.868,43.564,13.009,55.192,1.0,0.453
2026-09-26,12,2026092512,VTUL,4.265,2.67,4.265,4.88,11.683,8.609,54.813,0.92,0.284
2026-09-26,12,2026092512,VTUO,0.435,0.357,0.444,0.37,0.635,1.022,10.045,0.182,0.004
2026-09-26,12,2026092512,VTUQ,1.396,1.637,2.725,2.093,4.779,1.985,8.378,0.751,0.0
2026-09-26,12,2026092512,VTUU,5.391,7.028,13.458,7.061,14.0,6.63,26.178,0.907,0.249
2026-09-26,12,2026092512,VTUV,8.131,11.334,27.428,7.425,27.596,6.034,32.285,0.987,0.142
2026-09-26,12,2026092512,VTUW,0.324,0.403,0.749,0.739,2.296,1.156,11.475,0.333,0.009
2026-09-26,18,2026092518,VTBD,29.102,28.346,33.865,30.331,48.092,34.165,67.622,1.0,1.0
2026-09-26,18,2026092518,VTBO,18.773,28.472,45.252,43.535,74.138,49.28,96.827,1.0,0.973
2026-09-26,18,2026092518,VTBS,39.336,39.116,42.571,38.501,47.86,36.339,68.027,1.0,1.0
2026-09-26,18,2026092518,VTCC,0.003,0.114,0.339,0.766,4.924,1.63,24.481,0.307,0.04
2026-09-26,18,2026092518,VTCH,1.022,1.015,4.032,2.155,16.761,4.757,44.69,0.538,0.169
2026-09-26,18,2026092518,VTCL,0.0,0.001,0.003,0.012,0.121,0.075,2.048,0.018,0.0
2026-09-26,18,2026092518,VTCN,0.065,0.4,2.09,0.696,3.945,1.574,20.171,0.28,0.049
2026-09-26,18,2026092518,VTCP,0.49,0.36,0.71,0.295,1.695,0.347,3.555,0.102,0.0
2026-09-26,18,2026092518,VTCT,0.012,0.017,0.025,0.014,0.029,0.075,3.597,0.022,0.0
2026-09-26,18,2026092518,VTPB,14.669,16.335,26.779,17.683,43.276,12.182,48.205,1.0,0.453
2026-09-26,18,2026092518,VTPH,11.06,12.5,15.176,17.23,27.759,17.543,42.098,1.0,0.84
2026-09-26,18,2026092518,VTPM,1.895,2.221,5.807,3.925,18.359,4.516,21.089,0.667,0.173
2026-09-26,18,2026092518,VTPO,0.214,0.681,1.623,0.896,1.923,1.328,4.595,0.556,0.0
2026-09-26,18,2026092518,VTPP,10.033,8.758,11.551,6.859,13.126,4.346,21.853,0.92,0.116
2026-09-26,18,2026092518,VTSB,0.035,0.202,0.802,0.215,1.033,1.166,20.275,0.213,0.027
2026-09-26,18,2026092518,VTSC,3.707,3.932,7.226,3.81,10.177,5.556,25.809,0.822,0.191
2026-09-26,18,2026092518,VTSE,3.592,4.495,6.46,11.749,34.844,17.451,61.554,1.0,0.56
2026-09-26,18,2026092518,VTSF,2.189,4.892,12.381,10.097,50.093,11.436,50.093,0.978,0.471
2026-09-26,18,2026092518,VTSG,6.409,7.41,11.005,5.467,11.639,4.364,17.715,0.862,0.084
2026-09-26,18,2026092518,VTSM,1.442,1.964,3.881,4.584,15.279,5.292,19.94,0.631,0.24
2026-09-26,18,2026092518,VTSP,0.372,1.187,2.042,1.704,5.761,1.767,9.354,0.578,0.0
2026-09-26,18,2026092518,VTSR,5.825,7.43,11.768,12.689,38.271,12.481,38.271,0.991,0.578
2026-09-26,18,2026092518,VTSS,7.252,5.266,11.964,3.175,15.822,5.951,59.969,0.747,0.164
2026-09-26,18,2026092518,VTST,4.56,4.229,9.293,5.108,18.934,5.284,24.551,0.711,0.182
2026-09-26,18,2026092518,VTSY,23.529,31.631,40.644,32.458,59.527,28.495,104.723,0.996,0.844
2026-09-26,18,2026092518,VTUD,5.768,4.585,6.868,3.346,8.828,3.142,8.828,0.884,0.0
2026-09-26,18,2026092518,VTUI,0.044,0.046,0.098,0.079,0.393,0.387,2.933,0.089,0.0
2026-09-26,18,2026092518,VTUK,3.577,3.213,4.477,3.99,9.566,4.43,14.995,0.973,0.004
2026-09-26,18,2026092518,VTUL,2.46,2.974,5.626,3.479,7.578,6.282,55.493,0.938,0.08
2026-09-26,18,2026092518,VTUO,2.49,2.413,2.697,2.687,5.362,2.986,6.817,0.951,0.0
2026-09-26,18,2026092518,VTUQ,4.968,6.158,9.065,7.795,13.478,8.714,22.9,1.0,0.307
2026-09-26,18,2026092518,VTUU,7.247,8.535,16.608,5.619,20.311,5.528,24.721,1.0,0.124
2026-09-26,18,2026092518,VTUV,3.698,3.892,4.506,3.73,5.44,3.143,6.652,0.871,0.0
2026-09-26,18,2026092518,VTUW,20.789,15.387,21.321,8.435,24.961,5.538,25.567,0.862,0.2
2026-09-27,00,2026092600,VTBD,2.632,2.209,4.625,1.684,7.4,1.634,10.706,0.471,0.004
2026-09-27,00,2026092600,VTBO,56.959,56.219,63.907,49.206,81.038,48.848,97.643,1.0,1.0
2026-09-27,00,2026092600,VTBS,0.302,0.495,1.239,0.431,1.35,0.837,6.258,0.249,0.0
2026-09-27,00,2026092600,VTCC,0.256,0.213,0.492,0.281,3.24,0.442,3.858,0.133,0.0
2026-09-27,00,2026092600,VTCH,0.731,2.343,11.097,2.817,18.983,2.906,29.853,0.369,0.102
2026-09-27,00,2026092600,VTCL,0.419,0.423,0.836,0.389,1.475,1.471,21.086,0.267,0.04
2026-09-27,00,2026092600,VTCN,0.0,0.0,0.0,0.013,0.121,0.133,1.065,0.004,0.0
2026-09-27,00,2026092600,VTCP,0.174,0.139,0.359,0.187,1.209,0.901,14.459,0.236,0.013
2026-09-27,00,2026092600,VTCT,0.054,0.008,0.054,0.005,0.054,0.033,0.717,0.0,0.0
2026-09-27,00,2026092600,VTPB,1.748,1.785,2.485,2.149,5.605,4.561,30.738,0.858,0.111
2026-09-27,00,2026092600,VTPH,0.065,0.093,0.247,0.177,1.354,0.467,3.449,0.124,0.0
2026-09-27,00,2026092600,VTPM,1.724,1.791,3.655,1.74,4.459,1.845,11.411,0.556,0.009
2026-09-27,00,2026092600,VTPO,5.312,4.778,8.244,3.226,10.791,2.382,10.791,0.778,0.009
2026-09-27,00,2026092600,VTPP,2.237,2.263,2.701,2.289,3.492,2.22,7.156,0.88,0.0
2026-09-27,00,2026092600,VTSB,0.748,1.092,1.889,2.086,6.07,3.112,15.558,0.676,0.058
2026-09-27,00,2026092600,VTSC,23.772,24.133,31.013,23.981,45.286,24.415,100.591,1.0,0.76
2026-09-27,00,2026092600,VTSE,27.238,25.19,30.196,18.05,37.338,14.272,47.554,0.978,0.618
2026-09-27,00,2026092600,VTSF,0.211,0.646,3.459,0.987,7.347,1.645,20.905,0.338,0.022
2026-09-27,00,2026092600,VTSG,14.981,15.456,25.422,16.907,32.845,13.18,37.941,0.987,0.604
2026-09-27,00,2026092600,VTSM,3.93,5.283,8.946,8.753,21.079,7.104,23.857,0.898,0.262
2026-09-27,00,2026092600,VTSP,3.748,4.06,5.704,4.489,12.75,4.533,19.41,0.929,0.076
2026-09-27,00,2026092600,VTSR,8.327,7.605,13.138,11.838,36.933,14.869,37.23,1.0,0.613
2026-09-27,00,2026092600,VTSS,0.395,0.421,0.826,3.013,24.728,5.667,41.756,0.578,0.236
2026-09-27,00,2026092600,VTST,7.463,5.373,7.463,5.394,15.542,8.022,34.608,0.982,0.24
2026-09-27,00,2026092600,VTSY,0.062,0.198,0.492,0.66,4.589,1.677,17.662,0.356,0.027
2026-09-27,00,2026092600,VTUD,3.873,4.482,8.992,4.134,9.024,2.377,9.579,0.644,0.0
2026-09-27,00,2026092600,VTUI,1.906,1.59,2.098,1.49,3.661,1.059,6.869,0.431,0.0
2026-09-27,00,2026092600,VTUK,11.763,10.75,14.952,8.656,18.285,5.199,18.491,0.893,0.129
2026-09-27,00,2026092600,VTUL,3.119,2.133,3.625,3.03,8.84,3.753,20.781,0.818,0.058
2026-09-27,00,2026092600,VTUO,0.354,0.385,0.627,1.12,4.525,1.531,7.278,0.422,0.0
2026-09-27,00,2026092600,VTUQ,55.284,46.534,65.155,35.051,65.155,19.242,65.155,0.902,0.662
2026-09-27,00,2026092600,VTUU,5.234,3.186,7.27,4.388,12.156,5.612,31.727,0.867,0.156
2026-09-27,00,2026092600,VTUV,0.262,0.366,0.713,1.671,13.025,3.45,21.84,0.587,0.084
2026-09-27,00,2026092600,VTUW,1.524,1.341,2.02,0.882,2.02,0.719,3.17,0.2,0.0
2026-09-27,06,2026092606,VTBD,0.592,3.057,12.401,5.172,17.309,6.478,21.149,0.778,0.32
2026-09-27,06,2026092606,VTBO,90.658,91.668,100.52,82.361,100.52,62.764,117.84,1.0,0.996
2026-09-27,06,2026092606,VTBS,1.561,1.472,2.707,4.168,18.564,7.319,22.887,0.818,0.347
2026-09-27,06,2026092606,VTCC,0.066,0.359,0.996,0.567,2.788,0.719,3.244,0.24,0.0
2026-09-27,06,2026092606,VTCH,1.407,2.908,9.589,1.511,9.589,2.136,10.346,0.493,0.009
2026-09-27,06,2026092606,VTCL,0.001,0.104,0.294,0.534,3.097,1.595,15.797,0.369,0.027
2026-09-27,06,2026092606,VTCN,0.061,0.125,0.585,0.492,1.949,0.799,4.384,0.311,0.0
2026-09-27,06,2026092606,VTCP,0.556,0.996,1.747,1.4,3.859,1.321,10.131,0.427,0.004
2026-09-27,06,2026092606,VTCT,0.0,0.002,0.012,0.016,0.148,0.073,1.605,0.004,0.0
2026-09-27,06,2026092606,VTPB,10.564,10.836,20.934,7.36,20.934,5.861,27.012,0.964,0.142
2026-09-27,06,2026092606,VTPH,1.292,1.495,2.502,1.283,3.461,2.092,11.465,0.573,0.027
2026-09-27,06,2026092606,VTPM,3.228,4.253,10.806,5.067,17.015,3.75,17.015,0.831,0.049
2026-09-27,06,2026092606,VTPO,0.887,0.987,1.704,1.492,5.111,3.295,16.202,0.733,0.044
2026-09-27,06,2026092606,VTPP,2.282,2.949,6.597,3.711,11.072,2.848,12.566,0.916,0.013
2026-09-27,06,2026092606,VTSB,17.911,14.381,22.588,12.21,33.209,13.51,49.093,1.0,0.591
2026-09-27,06,2026092606,VTSC,0.103,0.082,0.115,0.076,0.552,0.573,32.989,0.067,0.018
2026-09-27,06,2026092606,VTSE,14.061,15.997,33.048,17.502,48.418,16.816,62.94,0.969,0.609
2026-09-27,06,2026092606,VTSF,0.0,0.0,0.0,0.016,0.188,0.337,7.306,0.093,0.0
2026-09-27,06,2026092606,VTSG,14.313,15.848,25.495,18.826,31.837,15.222,33.458,1.0,0.738
2026-09-27,06,2026092606,VTSM,0.238,0.314,0.649,2.211,13.377,2.68,17.445,0.431,0.067
2026-09-27,06,2026092606,VTSP,18.406,19.847,23.365,13.815,30.203,9.88,32.497,0.991,0.373
2026-09-27,06,2026092606,VTSR,20.964,27.374,43.321,35.358,68.289,32.789,72.145,1.0,0.987
2026-09-27,06,2026092606,VTSS,0.098,0.097,0.185,0.213,2.393,0.979,13.241,0.222,0.009
2026-09-27,06,2026092606,VTST,22.637,22.113,30.69,22.299,47.641,28.939,87.941,1.0,0.8
2026-09-27,06,2026092606,VTSY,0.0,0.0,0.003,0.02,0.259,0.018,0.83,0.0,0.0
2026-09-27,06,2026092606,VTUD,0.08,0.16,0.326,0.227,0.816,0.416,2.276,0.116,0.0
2026-09-27,06,2026092606,VTUI,0.14,0.262,0.717,0.222,1.456,0.227,1.456,0.022,0.0
2026-09-27,06,2026092606,VTUK,0.117,0.316,0.901,0.709,3.1,1.335,7.059,0.431,0.0
2026-09-27,06,2026092606,VTUL,0.903,1.251,2.471,1.512,3.624,2.096,8.714,0.604,0.0
2026-09-27,06,2026092606,VTUO,1.507,1.857,2.468,2.041,7.069,2.775,13.081,0.6,0.036
2026-09-27,06,2026092606,VTUQ,0.093,0.081,0.135,0.085,0.284,0.216,2.094,0.022,0.0
2026-09-27,06,2026092606,VTUU,3.672,4.136,6.301,4.406,8.907,5.114,14.314,1.0,0.022
2026-09-27,06,2026092606,VTUV,1.844,3.581,6.026,8.395,25.097,6.8,30.093,0.951,0.156
2026-09-27,06,2026092606,VTUW,0.294,0.185,0.294,0.108,0.302,0.145,1.506,0.013,0.0
2026-09-27,12,2026092612,VTBD,2.579,1.356,2.855,0.849,2.855,1.57,9.979,0.404,0.0
2026-09-27,12,2026092612,VTBO,26.966,32.748,46.233,45.888,107.344,46.661,107.344,1.0,1.0
2026-09-27,12,2026092612,VTBS,2.465,2.553,5.655,2.232,9.24,2.023,11.771,0.573,0.013
2026-09-27,12,2026092612,VTCC,0.551,0.503,1.648,1.192,6.098,1.858,7.196,0.631,0.0
2026-09-27,12,2026092612,VTCH,0.409,0.333,0.873,0.779,11.019,0.874,19.007,0.151,0.018
2026-09-27,12,2026092612,VTCL,0.669,1.842,5.389,2.799,8.357,4.924,55.718,0.76,0.111
2026-09-27,12,2026092612,VTCN,0.324,0.232,0.456,0.345,1.799,0.652,3.195,0.271,0.0
2026-09-27,12,2026092612,VTCP,8.163,12.398,27.598,18.618,56.038,9.02,56.038,0.889,0.284
2026-09-27,12,2026092612,VTCT,0.005,0.101,0.277,0.447,2.992,0.349,2.992,0.089,0.0
2026-09-27,12,2026092612,VTPB,4.371,5.32,13.267,5.973,21.204,6.393,42.916,0.796,0.236
2026-09-27,12,2026092612,VTPH,0.909,0.968,2.388,0.498,2.388,0.627,6.541,0.164,0.0
2026-09-27,12,2026092612,VTPM,6.936,6.438,13.01,3.942,14.296,1.684,14.296,0.364,0.022
2026-09-27,12,2026092612,VTPO,0.414,0.493,0.902,0.481,1.032,0.668,3.69,0.16,0.0
2026-09-27,12,2026092612,VTPP,0.566,0.613,0.702,0.682,1.192,1.501,18.806,0.271,0.027
2026-09-27,12,2026092612,VTSB,7.537,6.236,10.491,3.979,10.491,6.118,22.208,0.969,0.182
2026-09-27,12,2026092612,VTSC,22.862,18.624,25.968,12.31,37.279,6.446,37.279,0.658,0.222
2026-09-27,12,2026092612,VTSE,34.925,41.382,55.461,37.846,61.566,35.859,78.604,1.0,1.0
2026-09-27,12,2026092612,VTSF,0.179,0.071,0.179,0.172,1.783,1.667,12.887,0.387,0.009
2026-09-27,12,2026092612,VTSG,16.001,21.265,37.461,28.995,46.688,24.421,51.212,1.0,0.907
2026-09-27,12,2026092612,VTSM,1.508,3.836,13.397,8.268,26.241,9.755,26.752,0.796,0.471
2026-09-27,12,2026092612,VTSP,9.265,11.844,16.137,14.281,33.04,12.448,35.91,1.0,0.547
2026-09-27,12,2026092612,VTSR,52.369,48.455,74.605,44.131,87.29,34.626,87.29,1.0,0.991
2026-09-27,12,2026092612,VTSS,0.185,0.229,0.422,0.342,1.096,0.86,9.02,0.253,0.0
2026-09-27,12,2026092612,VTST,5.911,6.573,9.233,9.529,36.925,16.391,64.659,0.991,0.444
2026-09-27,12,2026092612,VTSY,0.037,0.088,0.322,0.271,2.072,1.603,20.629,0.271,0.04
2026-09-27,12,2026092612,VTUD,8.02,4.053,8.02,2.887,8.792,2.978,13.351,0.747,0.027
2026-09-27,12,2026092612,VTUI,0.5,0.52,1.128,0.512,2.932,0.915,10.73,0.236,0.004
2026-09-27,12,2026092612,VTUK,6.125,6.535,9.479,8.114,14.733,6.174,15.302,1.0,0.129
2026-09-27,12,2026092612,VTUL,0.246,0.236,0.382,0.379,3.299,1.875,15.576,0.289,0.058
2026-09-27,12,2026092612,VTUO,0.971,0.76,1.197,0.962,2.977,1.763,11.951,0.547,0.013
2026-09-27,12,2026092612,VTUQ,0.427,1.917,5.469,3.784,10.103,2.926,21.175,0.636,0.04
2026-09-27,12,2026092612,VTUU,1.355,3.371,8.424,2.744,8.424,3.267,13.0,0.796,0.027
2026-09-27,12,2026092612,VTUV,14.532,13.962,20.158,10.912,21.521,11.883,28.493,1.0,0.547
2026-09-27,12,2026092612,VTUW,0.673,0.844,1.869,1.598,3.261,1.796,6.443,0.671,0.0
2026-09-27,18,2026092618,VTBD,3.547,2.74,3.78,3.46,8.988,5.026,15.363,0.893,0.111
2026-09-27,18,2026092618,VTBO,45.015,41.341,45.897,40.624,61.766,38.62,73.732,1.0,1.0
2026-09-27,18,2026092618,VTBS,2.154,2.615,4.018,5.665,22.352,12.564,52.814,0.978,0.387
2026-09-27,18,2026092618,VTCC,8.779,9.2,11.5,8.826,22.919,6.753,25.454,0.88,0.236
2026-09-27,18,2026092618,VTCH,0.279,0.36,1.04,0.37,1.949,0.363,4.909,0.093,0.0
2026-09-27,18,2026092618,VTCL,0.156,0.329,0.912,0.848,3.815,1.816,14.29,0.498,0.013
2026-09-27,18,2026092618,VTCN,1.169,0.698,1.169,0.818,6.597,0.745,8.78,0.196,0.0
2026-09-27,18,2026092618,VTCP,18.906,12.522,18.906,7.232,18.906,4.444,18.906,0.782,0.098
2026-09-27,18,2026092618,VTCT,0.002,0.002,0.009,0.16,1.646,0.492,7.576,0.142,0.0
2026-09-27,18,2026092618,VTPB,6.346,5.897,9.607,4.888,10.654,5.84,36.284,0.987,0.111
2026-09-27,18,2026092618,VTPH,6.177,7.475,12.816,8.451,19.462,8.455,19.462,1.0,0.356
2026-09-27,18,2026092618,VTPM,1.13,1.729,4.128,2.285,7.975,1.608,8.422,0.52,0.0
2026-09-27,18,2026092618,VTPO,0.678,0.669,0.959,1.026,3.343,1.292,4.447,0.44,0.0
2026-09-27,18,2026092618,VTPP,4.22,3.204,4.284,2.515,5.509,2.456,18.759,0.582,0.04
2026-09-27,18,2026092618,VTSB,9.167,9.598,12.316,10.294,23.158,6.936,36.185,0.96,0.249
2026-09-27,18,2026092618,VTSC,15.197,13.1,26.862,13.947,32.444,15.737,45.735,0.982,0.649
2026-09-27,18,2026092618,VTSE,14.835,14.673,17.835,16.045,40.103,21.133,56.167,1.0,0.818
2026-09-27,18,2026092618,VTSF,7.332,7.592,14.217,6.489,19.905,5.462,20.583,0.796,0.204
2026-09-27,18,2026092618,VTSG,3.198,4.297,7.908,5.807,14.444,9.806,44.971,0.871,0.338
2026-09-27,18,2026092618,VTSM,6.371,10.202,27.66,13.696,34.539,11.983,34.539,1.0,0.524
2026-09-27,18,2026092618,VTSP,12.324,11.469,16.461,9.046,23.267,8.519,25.943,0.956,0.378
2026-09-27,18,2026092618,VTSR,26.043,29.326,38.481,36.532,55.531,32.245,74.933,1.0,0.898
2026-09-27,18,2026092618,VTSS,8.075,10.554,22.49,9.824,41.627,7.003,43.436,0.716,0.249
2026-09-27,18,2026092618,VTST,20.549,12.665,21.967,11.518,34.066,9.566,39.203,0.884,0.422
2026-09-27,18,2026092618,VTSY,4.443,4.335,5.04,3.607,5.04,2.88,5.811,0.951,0.0
2026-09-27,18,2026092618,VTUD,0.466,0.543,1.732,0.674,2.766,1.577,7.907,0.444,0.0
2026-09-27,18,2026092618,VTUI,1.609,1.881,5.132,1.259,5.225,0.842,5.335,0.28,0.0
2026-09-27,18,2026092618,VTUK,13.282,12.38,15.979,9.771,19.516,8.9,24.542,0.96,0.413
2026-09-27,18,2026092618,VTUL,0.777,1.094,3.504,2.83,9.443,3.933,21.963,0.702,0.107
2026-09-27,18,2026092618,VTUO,8.957,4.544,8.957,2.61,8.957,3.233,13.265,0.778,0.044
2026-09-27,18,2026092618,VTUQ,14.494,11.858,17.984,6.941,23.302,5.371,23.302,0.898,0.182
2026-09-27,18,2026092618,VTUU,1.11,1.078,1.875,1.261,3.487,3.248,17.588,0.68,0.093
2026-09-27,18,2026092618,VTUV,11.352,9.983,15.796,6.677,17.347,3.748,18.945,0.742,0.084
2026-09-27,18,2026092618,VTUW,2.909,2.24,3.156,1.214,3.708,1.363,15.279,0.391,0.018
2026-09-28,00,2026092700,VTBD,13.858,17.831,36.771,23.253,73.552,17.96,80.031,0.911,0.627
2026-09-28,00,2026092700,VTBO,57.657,61.611,96.958,55.193,109.632,45.662,109.632,1.0,1.0
2026-09-28,00,2026092700,VTBS,9.929,7.848,14.869,4.769,18.964,4.934,20.871,0.689,0.196
2026-09-28,00,2026092700,VTCC,14.078,14.355,24.484,14.044,51.781,10.121,55.148,0.924,0.338
2026-09-28,00,2026092700,VTCH,8.221,7.613,10.259,7.436,11.07,6.866,13.062,0.982,0.16
2026-09-28,00,2026092700,VTCL,1.243,1.602,2.069,2.496,8.756,2.389,13.085,0.72,0.022
2026-09-28,00,2026092700,VTCN,3.116,3.506,5.82,4.354,8.7,8.061,24.193,0.973,0.298
2026-09-28,00,2026092700,VTCP,0.918,1.425,2.192,1.765,4.025,3.707,23.484,0.809,0.107
2026-09-28,00,2026092700,VTCT,2.622,3.467,8.087,4.4,11.999,5.37,14.017,0.862,0.124
2026-09-28,00,2026092700,VTPB,0.735,0.728,1.087,2.351,11.076,4.714,25.583,0.658,0.156
2026-09-28,00,2026092700,VTPH,0.461,0.84,2.217,2.257,22.499,7.534,44.386,0.738,0.249
2026-09-28,00,2026092700,VTPM,40.036,37.775,52.938,34.335,52.938,38.788,76.254,1.0,1.0
2026-09-28,00,2026092700,VTPO,1.652,3.394,6.7,3.833,14.569,3.496,14.569,0.827,0.058
2026-09-28,00,2026092700,VTPP,0.048,0.293,0.864,0.343,1.104,1.729,19.619,0.316,0.027
2026-09-28,00,2026092700,VTSB,10.973,10.704,20.804,9.255,25.263,8.888,29.727,0.929,0.373
2026-09-28,00,2026092700,VTSC,6.09,4.166,9.328,5.524,42.597,3.093,47.057,0.329,0.089
2026-09-28,00,2026092700,VTSE,46.232,41.314,81.732,21.835,81.732,13.984,81.732,0.982,0.498
2026-09-28,00,2026092700,VTSF,2.653,5.234,21.285,8.319,35.942,10.12,57.327,0.889,0.378
2026-09-28,00,2026092700,VTSG,0.164,0.341,1.127,0.268,2.149,0.937,14.271,0.262,0.009
2026-09-28,00,2026092700,VTSM,12.91,20.632,46.284,29.74,65.741,21.556,65.741,0.987,0.738
2026-09-28,00,2026092700,VTSP,0.013,0.079,0.385,0.318,1.996,0.718,8.145,0.258,0.0
2026-09-28,00,2026092700,VTSR,0.019,0.179,0.692,0.397,2.527,0.551,4.76,0.209,0.0
2026-09-28,00,2026092700,VTSS,0.126,0.48,1.461,4.345,36.26,13.09,59.555,0.716,0.413
2026-09-28,00,2026092700,VTST,0.001,0.126,0.716,0.141,0.958,0.081,2.836,0.009,0.0
2026-09-28,00,2026092700,VTSY,6.698,9.443,17.23,27.947,105.722,27.288,105.722,1.0,0.804
2026-09-28,00,2026092700,VTUD,0.186,0.407,1.122,0.37,2.147,0.752,7.333,0.236,0.0
2026-09-28,00,2026092700,VTUI,1.931,2.119,4.543,2.834,10.678,1.884,12.29,0.44,0.04
2026-09-28,00,2026092700,VTUK,3.719,4.478,5.202,5.085,9.407,7.367,16.047,0.982,0.253
2026-09-28,00,2026092700,VTUL,5.197,6.026,9.212,5.819,10.44,5.848,24.349,0.898,0.124
2026-09-28,00,2026092700,VTUO,0.082,0.61,4.366,2.289,12.848,1.749,14.437,0.276,0.04
2026-09-28,00,2026092700,VTUQ,6.027,5.511,8.703,4.506,9.21,4.12,14.171,0.804,0.027
2026-09-28,00,2026092700,VTUU,0.02,0.299,1.407,0.439,2.084,0.588,4.594,0.196,0.0
2026-09-28,00,2026092700,VTUV,3.247,1.837,3.247,1.086,3.531,1.275,10.789,0.338,0.004
2026-09-28,00,2026092700,VTUW,0.887,0.582,1.071,0.836,3.311,1.049,4.945,0.356,0.0
2026-09-28,06,2026092706,VTBD,16.646,16.431,18.208,12.478,20.419,11.955,32.239,0.938,0.596
2026-09-28,06,2026092706,VTBO,6.64,7.175,11.077,10.358,38.671,13.514,49.913,0.982,0.524
2026-09-28,06,2026092706,VTBS,13.163,12.241,18.608,8.281,19.604,6.037,19.604,0.702,0.271
2026-09-28,06,2026092706,VTCC,9.19,10.509,17.247,15.689,43.777,15.256,43.777,1.0,0.649
2026-09-28,06,2026092706,VTCH,1.314,1.914,3.727,2.209,5.312,3.665,17.322,0.889,0.049
2026-09-28,06,2026092706,VTCL,11.272,12.298,24.428,12.974,28.514,13.504,35.849,1.0,0.609
2026-09-28,06,2026092706,VTCN,2.488,2.209,3.205,1.852,3.585,1.668,4.498,0.804,0.0
2026-09-28,06,2026092706,VTCP,0.353,0.359,0.471,1.157,5.521,3.287,23.522,0.716,0.049
2026-09-28,06,2026092706,VTCT,4.794,4.987,6.061,5.179,10.497,6.575,21.226,1.0,0.204
2026-09-28,06,2026092706,VTPB,18.455,14.728,18.455,14.872,29.116,13.769,33.29,0.996,0.693
2026-09-28,06,2026092706,VTPH,0.972,1.152,1.9,1.654,3.963,2.385,17.307,0.64,0.009
2026-09-28,06,2026092706,VTPM,51.238,43.302,57.572,31.005,57.572,28.216,77.87,1.0,0.982
2026-09-28,06,2026092706,VTPO,1.014,1.177,2.212,2.7,7.248,3.37,14.989,0.818,0.018
2026-09-28,06,2026092706,VTPP,0.721,1.449,2.575,1.078,2.638,1.819,11.2,0.662,0.009
2026-09-28,06,2026092706,VTSB,0.656,1.346,4.192,1.271,4.397,2.91,21.39,0.644,0.067
2026-09-28,06,2026092706,VTSC,4.389,6.698,12.692,12.085,48.807,11.385,52.544,0.853,0.382
2026-09-28,06,2026092706,VTSE,4.15,4.838,12.379,4.662,14.117,3.568,14.117,0.644,0.084
2026-09-28,06,2026092706,VTSF,5.346,7.479,15.394,12.536,41.571,13.917,66.716,0.942,0.467
2026-09-28,06,2026092706,VTSG,1.691,1.662,4.125,0.88,4.125,1.043,13.2,0.253,0.013
2026-09-28,06,2026092706,VTSM,32.862,31.835,56.238,27.563,62.714,19.087,62.714,0.96,0.702
2026-09-28,06,2026092706,VTSP,0.627,0.451,0.939,0.421,3.441,2.742,24.897,0.467,0.098
2026-09-28,06,2026092706,VTSR,1.589,1.715,3.69,2.036,13.218,2.247,28.598,0.36,0.053
2026-09-28,06,2026092706,VTSS,2.542,3.474,7.669,7.013,50.524,12.176,87.305,0.747,0.316
2026-09-28,06,2026092706,VTST,0.008,0.194,1.471,0.096,1.471,0.629,16.26,0.124,0.018
2026-09-28,06,2026092706,VTSY,9.918,13.202,29.82,19.25,43.71,23.533,149.367,0.956,0.627
2026-09-28,06,2026092706,VTUD,0.089,0.242,1.079,0.364,1.913,1.351,8.811,0.338,0.0
2026-09-28,06,2026092706,VTUI,0.937,1.961,6.623,2.044,6.623,2.321,13.968,0.644,0.018
2026-09-28,06,2026092706,VTUK,1.918,1.705,5.162,3.049,10.697,3.051,14.072,0.747,0.031
2026-09-28,06,2026092706,VTUL,33.197,29.737,35.86,19.108,41.931,12.476,42.292,0.996,0.431
2026-09-28,06,2026092706,VTUO,1.512,1.539,3.162,1.387,8.035,1.573,12.922,0.356,0.036
2026-09-28,06,2026092706,VTUQ,0.193,0.218,0.309,0.683,2.983,1.536,8.318,0.489,0.0
2026-09-28,06,2026092706,VTUU,0.003,0.125,0.76,0.42,3.222,0.218,3.519,0.067,0.0
2026-09-28,06,2026092706,VTUV,0.361,0.729,2.84,1.236,4.876,1.152,10.693,0.324,0.004
2026-09-28,06,2026092706,VTUW,2.833,2.046,4.322,1.387,5.046,1.336,5.046,0.52,0.0
2026-09-28,12,2026092712,VTBD,9.514,8.67,10.287,10.887,32.337,12.524,40.951,1.0,0.529
2026-09-28,12,2026092712,VTBO,0.015,0.038,0.086,0.128,1.152,0.601,6.666,0.164,0.0
2026-09-28,12,2026092712,VTBS,2.085,2.568,4.459,6.009,15.98,9.13,34.939,0.88,0.342
2026-09-28,12,2026092712,VTCC,12.82,12.112,17.832,15.306,58.326,12.008,58.326,1.0,0.431
2026-09-28,12,2026092712,VTCH,21.708,18.404,21.962,14.787,21.996,16.122,27.618,1.0,0.938
2026-09-28,12,2026092712,VTCL,4.003,4.604,6.635,4.048,6.799,4.396,33.067,0.889,0.089
2026-09-28,12,2026092712,VTCN,5.345,5.406,9.349,5.1,9.806,6.736,30.094,0.991,0.129
2026-09-28,12,2026092712,VTCP,4.864,3.377,5.77,2.227,6.581,3.219,27.183,0.724,0.049
2026-09-28,12,2026092712,VTCT,6.997,6.872,9.039,6.88,10.235,5.851,16.729,0.924,0.102
2026-09-28,12,2026092712,VTPB,25.529,21.808,26.01,17.835,31.219,13.739,31.219,1.0,0.631
2026-09-28,12,2026092712,VTPH,3.119,2.521,4.69,2.615,19.112,5.342,27.659,0.769,0.156
2026-09-28,12,2026092712,VTPM,28.917,25.999,28.917,22.684,38.343,22.728,78.875,1.0,0.831
2026-09-28,12,2026092712,VTPO,7.073,7.021,9.101,5.842,10.412,5.252,12.122,0.996,0.04
2026-09-28,12,2026092712,VTPP,0.779,0.957,1.423,0.862,1.752,0.699,5.03,0.236,0.0
2026-09-28,12,2026092712,VTSB,3.208,8.862,27.304,12.655,40.194,7.991,40.194,0.8,0.28
2026-09-28,12,2026092712,VTSC,5.107,8.908,36.255,10.495,71.121,5.965,71.121,0.653,0.156
2026-09-28,12,2026092712,VTSE,0.159,0.476,0.754,0.536,2.414,1.722,9.336,0.436,0.0
2026-09-28,12,2026092712,VTSF,81.129,66.917,81.129,46.339,89.93,27.281,91.688,0.987,0.742
2026-09-28,12,2026092712,VTSG,0.493,0.597,1.368,0.567,1.619,0.684,6.691,0.213,0.0
2026-09-28,12,2026092712,VTSM,7.346,5.245,9.19,4.26,14.717,5.598,36.776,0.822,0.151
2026-09-28,12,2026092712,VTSP,0.108,0.12,0.368,0.188,2.573,0.651,12.016,0.12,0.018
2026-09-28,12,2026092712,VTSR,0.015,0.007,0.034,0.041,0.315,0.076,1.467,0.004,0.0
2026-09-28,12,2026092712,VTSS,66.815,41.683,76.554,18.395,76.554,11.742,76.554,0.791,0.342
2026-09-28,12,2026092712,VTST,0.121,0.087,0.128,0.296,3.988,1.71,30.357,0.244,0.058
2026-09-28,12,2026092712,VTSY,12.591,20.189,46.002,34.291,90.787,32.613,143.448,1.0,0.836
2026-09-28,12,2026092712,VTUD,0.295,0.689,2.326,0.459,2.326,0.583,7.333,0.142,0.0
2026-09-28,12,2026092712,VTUI,0.605,0.615,1.804,1.16,6.105,1.111,7.297,0.364,0.0
2026-09-28,12,2026092712,VTUK,0.32,0.278,0.513,0.687,5.079,2.459,15.692,0.484,0.062
2026-09-28,12,2026092712,VTUL,1.076,1.109,2.164,1.726,7.612,4.598,32.778,0.538,0.182
2026-09-28,12,2026092712,VTUO,0.45,0.679,1.535,0.502,1.793,0.423,4.615,0.129,0.0
2026-09-28,12,2026092712,VTUQ,0.149,0.172,0.406,0.614,5.966,2.746,26.2,0.507,0.053
2026-09-28,12,2026092712,VTUU,0.032,0.105,0.445,0.631,4.635,0.579,6.578,0.16,0.0
2026-09-28,12,2026092712,VTUV,5.045,6.574,14.817,7.162,21.431,4.201,21.431,0.733,0.12
2026-09-28,12,2026092712,VTUW,1.156,1.912,4.471,2.444,5.966,2.523,6.713,0.8,0.0
2026-09-28,18,2026092718,VTBD,9.78,7.906,13.09,5.636,13.09,7.907,35.76,0.787,0.32
2026-09-28,18,2026092718,VTBO,6.261,7.734,18.179,8.961,22.52,8.678,49.69,0.898,0.298
2026-09-28,18,2026092718,VTBS,1.117,2.161,5.642,1.935,12.566,2.317,15.211,0.453,0.049
2026-09-28,18,2026092718,VTCC,9.865,9.953,14.716,13.771,60.423,11.834,60.423,1.0,0.507
2026-09-28,18,2026092718,VTCH,21.788,19.83,25.167,17.833,25.167,16.9,40.869,1.0,0.853
2026-09-28,18,2026092718,VTCL,5.715,7.089,9.662,9.935,15.412,9.339,31.864,0.996,0.431
2026-09-28,18,2026092718,VTCN,0.876,1.518,3.139,2.204,8.758,2.155,11.639,0.6,0.022
2026-09-28,18,2026092718,VTCP,5.241,4.22,6.149,4.218,15.847,7.708,39.393,0.969,0.258
2026-09-28,18,2026092718,VTCT,21.621,17.137,21.621,12.401,21.621,9.744,22.882,0.924,0.524
2026-09-28,18,2026092718,VTPB,17.064,20.136,26.574,21.605,36.365,21.177,59.301,1.0,0.964
2026-09-28,18,2026092718,VTPH,2.156,5.051,20.286,5.483,24.658,3.276,24.658,0.507,0.12
2026-09-28,18,2026092718,VTPM,48.998,48.823,57.45,43.759,63.152,43.741,105.966,1.0,1.0
2026-09-28,18,2026092718,VTPO,2.495,2.57,3.149,2.762,4.808,2.983,5.412,1.0,0.0
2026-09-28,18,2026092718,VTPP,3.867,9.118,29.22,8.77,30.84,4.953,30.84,0.924,0.138
2026-09-28,18,2026092718,VTSB,27.613,28.729,37.869,20.995,44.743,9.572,44.743,0.88,0.387
2026-09-28,18,2026092718,VTSC,0.015,0.051,0.128,0.305,2.851,0.661,10.279,0.138,0.004
2026-09-28,18,2026092718,VTSE,5.561,8.586,18.149,6.952,22.008,4.76,22.008,0.827,0.124
2026-09-28,18,2026092718,VTSF,0.666,0.968,1.639,2.619,31.678,8.913,54.585,0.751,0.293
2026-09-28,18,2026092718,VTSG,4.547,13.792,41.147,13.02,42.18,9.469,59.388,0.849,0.316
2026-09-28,18,2026092718,VTSM,0.7,0.633,1.343,1.069,5.182,2.637,31.728,0.489,0.062
2026-09-28,18,2026092718,VTSP,0.002,0.595,2.22,1.414,14.474,1.129,24.482,0.169,0.031
2026-09-28,18,2026092718,VTSR,0.031,0.104,0.432,0.239,1.607,0.388,3.156,0.133,0.0
2026-09-28,18,2026092718,VTSS,4.258,5.408,31.297,3.993,44.971,7.889,57.661,0.711,0.236
2026-09-28,18,2026092718,VTST,0.078,0.124,0.297,0.264,4.353,2.253,47.641,0.329,0.067
2026-09-28,18,2026092718,VTSY,21.04,20.373,39.729,23.106,89.532,17.468,89.532,0.911,0.516
2026-09-28,18,2026092718,VTUD,17.824,13.977,20.154,8.971,23.06,8.37,25.176,1.0,0.329
2026-09-28,18,2026092718,VTUI,5.957,6.234,8.186,5.918,8.904,7.316,30.937,1.0,0.138
2026-09-28,18,2026092718,VTUK,3.687,5.919,14.176,15.616,46.941,19.589,48.461,0.996,0.791
2026-09-28,18,2026092718,VTUL,47.221,40.22,52.388,35.094,64.226,24.74,64.226,1.0,0.693
2026-09-28,18,2026092718,VTUO,4.777,4.764,10.556,2.956,14.202,2.787,14.202,0.533,0.058
2026-09-28,18,2026092718,VTUQ,9.285,9.963,12.83,9.546,20.818,7.378,36.598,0.956,0.227
2026-09-28,18,2026092718,VTUU,0.403,0.477,1.158,0.502,2.042,1.57,8.094,0.449,0.0
2026-09-28,18,2026092718,VTUV,5.825,8.214,24.264,8.307,24.264,6.749,26.542,0.813,0.231
2026-09-28,18,2026092718,VTUW,2.031,2.206,3.01,2.892,5.917,3.409,11.128,1.0,0.013
2026-09-29,00,2026092800,VTBD,0.569,1.771,5.076,3.321,17.175,5.545,27.882,0.538,0.218
2026-09-29,00,2026092800,VTBO,4.645,3.525,8.996,2.739,11.611,4.209,22.732,0.8,0.093
2026-09-29,00,2026092800,VTBS,0.739,1.057,2.797,3.998,23.735,6.672,32.839,0.751,0.236
2026-09-29,00,2026092800,VTCC,0.904,1.463,2.866,2.54,6.863,6.412,78.822,0.64,0.142
2026-09-29,00,2026092800,VTCH,3.11,3.784,7.208,4.468,13.276,5.92,38.291,0.791,0.196
2026-09-29,00,2026092800,VTCL,0.062,0.116,0.273,0.62,3.104,0.678,6.979,0.196,0.0
2026-09-29,00,2026092800,VTCN,0.08,0.114,0.232,0.122,0.663,1.562,15.459,0.347,0.022
2026-09-29,00,2026092800,VTCP,0.882,0.912,1.478,0.71,2.738,1.271,14.698,0.333,0.009
2026-09-29,00,2026092800,VTCT,6.293,9.351,20.253,6.772,24.695,5.281,24.695,0.951,0.133
2026-09-29,00,2026092800,VTPB,2.411,1.625,3.966,1.014,4.624,2.002,15.382,0.502,0.013
2026-09-29,00,2026092800,VTPH,10.499,12.007,17.51,7.753,17.51,5.338,40.731,0.547,0.204
2026-09-29,00,2026092800,VTPM,0.958,1.772,4.772,2.068,8.164,2.96,14.828,0.782,0.013
2026-09-29,00,2026092800,VTPO,10.072,5.815,10.072,4.475,22.766,8.457,57.58,0.804,0.311
2026-09-29,00,2026092800,VTPP,0.129,0.26,0.677,0.177,1.209,0.228,2.352,0.04,0.0
2026-09-29,00,2026092800,VTSB,10.591,14.053,45.19,15.234,53.309,12.335,65.414,0.938,0.422
2026-09-29,00,2026092800,VTSC,22.09,5.14,22.09,1.933,22.09,1.923,22.09,0.351,0.058
2026-09-29,00,2026092800,VTSE,0.0,0.137,0.565,0.25,6.179,3.797,29.738,0.382,0.142
2026-09-29,00,2026092800,VTSF,1.706,10.575,37.088,14.823,80.221,13.035,80.221,0.613,0.382
2026-09-29,00,2026092800,VTSG,0.107,0.067,0.138,0.088,0.651,0.985,26.586,0.196,0.022
2026-09-29,00,2026092800,VTSM,0.013,0.396,1.971,6.888,86.669,2.065,86.669,0.151,0.053
2026-09-29,00,2026092800,VTSP,1.587,3.814,17.107,2.782,20.647,2.018,55.977,0.227,0.071
2026-09-29,00,2026092800,VTSR,1.413,1.048,3.01,0.496,3.251,0.907,27.051,0.133,0.022
2026-09-29,00,2026092800,VTSS,14.05,7.349,14.05,8.884,70.334,21.447,122.889,0.951,0.636
2026-09-29,00,2026092800,VTST,65.737,53.994,90.282,38.505,106.92,29.405,155.202,0.969,0.698
2026-09-29,00,2026092800,VTSY,10.313,11.247,18.058,22.407,85.396,34.228,111.033,1.0,0.929
2026-09-29,00,2026092800,VTUD,7.974,4.418,9.186,1.772,9.842,0.822,9.842,0.227,0.0
2026-09-29,00,2026092800,VTUI,0.89,1.884,6.961,1.48,6.961,0.889,8.942,0.271,0.0
2026-09-29,00,2026092800,VTUK,0.001,0.065,0.402,0.075,0.674,0.054,1.154,0.009,0.0
2026-09-29,00,2026092800,VTUL,0.259,0.351,0.894,0.517,2.723,0.751,5.584,0.244,0.0
2026-09-29,00,2026092800,VTUO,0.0,0.0,0.0,0.02,0.449,0.066,1.489,0.004,0.0
2026-09-29,00,2026092800,VTUQ,0.0,0.001,0.012,0.057,0.631,0.238,3.017,0.071,0.0
2026-09-29,00,2026092800,VTUU,0.0,0.0,0.0,0.14,2.228,0.108,2.228,0.018,0.0
2026-09-29,00,2026092800,VTUV,0.263,0.123,0.333,0.048,0.333,0.15,4.574,0.04,0.0
2026-09-29,00,2026092800,VTUW,0.011,0.137,0.717,0.536,3.819,1.599,19.121,0.311,0.04
2026-09-29,06,2026092806,VTBD,11.067,9.948,16.524,8.229,28.527,6.641,30.688,0.769,0.298
2026-09-29,06,2026092806,VTBO,13.167,10.779,22.156,13.007,32.769,8.911,70.682,0.667,0.311
2026-09-29,06,2026092806,VTBS,0.764,4.918,15.235,9.671,21.477,8.78,33.265,0.862,0.444
2026-09-29,06,2026092806,VTCC,14.756,13.135,19.69,11.241,20.1,7.17,20.1,0.853,0.271
2026-09-29,06,2026092806,VTCH,1.543,2.453,5.29,3.476,9.021,8.257,36.935,0.844,0.271
2026-09-29,06,2026092806,VTCL,0.059,0.071,0.143,0.238,1.618,0.423,3.695,0.124,0.0
2026-09-29,06,2026092806,VTCN,2.276,2.137,4.859,2.659,7.144,3.266,20.251,0.636,0.058
2026-09-29,06,2026092806,VTCP,0.215,0.26,0.459,0.429,2.689,2.155,13.583,0.342,0.089
2026-09-29,06,2026092806,VTCT,0.566,0.586,1.48,1.722,8.167,2.084,10.818,0.511,0.009
2026-09-29,06,2026092806,VTPB,0.192,0.18,0.265,0.284,1.268,0.578,5.455,0.156,0.0
2026-09-29,06,2026092806,VTPH,28.366,21.115,31.759,11.773,33.788,5.608,33.788,0.729,0.182
2026-09-29,06,2026092806,VTPM,1.511,4.297,12.264,3.98,14.039,5.187,16.967,0.947,0.116
2026-09-29,06,2026092806,VTPO,0.051,0.047,0.072,0.088,0.411,0.991,27.064,0.196,0.022
2026-09-29,06,2026092806,VTPP,0.002,0.082,0.466,0.221,2.03,0.069,2.03,0.018,0.0
2026-09-29,06,2026092806,VTSB,0.148,1.043,5.27,3.996,37.287,11.754,115.211,0.756,0.369
2026-09-29,06,2026092806,VTSC,6.753,13.895,39.069,11.512,39.069,6.243,80.248,0.538,0.196
2026-09-29,06,2026092806,VTSE,7.878,10.645,19.904,14.308,46.899,16.007,77.219,0.964,0.533
2026-09-29,06,2026092806,VTSF,7.952,18.399,30.751,22.475,85.917,19.556,85.917,0.938,0.618
2026-09-29,06,2026092806,VTSG,0.143,0.223,0.992,1.062,22.079,1.877,67.444,0.2,0.044
2026-09-29,06,2026092806,VTSM,0.41,1.716,6.956,4.022,35.735,8.509,76.499,0.698,0.244
2026-09-29,06,2026092806,VTSP,1.279,5.983,27.508,5.113,40.928,5.072,40.928,0.551,0.178
2026-09-29,06,2026092806,VTSR,0.458,0.505,0.882,0.781,3.793,2.175,79.548,0.271,0.049
2026-09-29,06,2026092806,VTSS,10.363,9.73,16.074,15.843,82.89,19.827,82.89,1.0,0.631
2026-09-29,06,2026092806,VTST,2.211,3.102,7.796,3.549,18.042,4.076,55.665,0.6,0.107
2026-09-29,06,2026092806,VTSY,26.434,21.043,26.434,18.916,45.666,31.192,168.403,0.996,0.853
2026-09-29,06,2026092806,VTUD,0.344,0.386,1.81,0.195,1.81,0.067,1.81,0.013,0.0
2026-09-29,06,2026092806,VTUI,0.0,0.003,0.023,0.806,8.331,0.934,10.755,0.28,0.004
2026-09-29,06,2026092806,VTUK,0.0,0.02,0.173,0.081,0.999,0.031,0.999,0.0,0.0
2026-09-29,06,2026092806,VTUL,0.016,0.002,0.016,0.002,0.023,0.07,2.013,0.022,0.0
2026-09-29,06,2026092806,VTUO,0.0,0.002,0.017,0.007,0.079,0.025,0.64,0.0,0.0
2026-09-29,06,2026092806,VTUQ,0.0,0.002,0.011,0.216,2.465,0.271,2.966,0.098,0.0
2026-09-29,06,2026092806,VTUU,0.0,0.007,0.044,0.318,2.697,0.16,2.697,0.053,0.0
2026-09-29,06,2026092806,VTUV,0.083,0.125,0.322,0.273,2.785,0.232,3.048,0.058,0.0
2026-09-29,06,2026092806,VTUW,0.015,0.121,0.377,0.243,1.335,1.019,10.577,0.218,0.004
2026-09-29,12,2026092812,VTBD,20.509,20.404,38.345,16.004,46.859,8.447,48.61,0.653,0.289
2026-09-29,12,2026092812,VTBO,16.873,6.955,22.363,2.62,22.363,0.855,22.363,0.151,0.018
2026-09-29,12,2026092812,VTBS,17.124,17.426,29.375,12.541,32.441,10.052,48.61,0.884,0.356
2026-09-29,12,2026092812,VTCC,3.971,3.186,4.385,3.954,22.481,2.769,22.481,0.671,0.049
2026-09-29,12,2026092812,VTCH,25.846,21.857,26.462,16.029,42.128,15.347,53.656,0.996,0.556
2026-09-29,12,2026092812,VTCL,0.052,0.145,0.294,1.201,11.744,2.127,13.121,0.476,0.044
2026-09-29,12,2026092812,VTCN,2.181,2.295,3.782,3.783,14.02,4.308,15.033,0.893,0.071
2026-09-29,12,2026092812,VTCP,10.263,9.502,14.2,8.276,17.009,7.385,25.602,0.942,0.249
2026-09-29,12,2026092812,VTCT,2.689,2.481,3.377,1.729,4.133,3.131,17.213,0.693,0.076
2026-09-29,12,2026092812,VTPB,0.971,2.166,7.08,1.847,9.328,1.068,9.334,0.262,0.0
2026-09-29,12,2026092812,VTPH,1.135,1.445,4.532,1.074,11.145,3.579,34.404,0.378,0.142
2026-09-29,12,2026092812,VTPM,6.106,8.362,15.34,13.4,34.565,15.36,50.409,1.0,0.627
2026-09-29,12,2026092812,VTPO,1.449,1.399,2.177,2.781,17.372,3.951,19.334,0.52,0.151
2026-09-29,12,2026092812,VTPP,0.136,0.131,0.368,0.151,1.412,0.241,3.12,0.08,0.0
2026-09-29,12,2026092812,VTSB,20.705,25.746,52.023,23.94,75.23,18.709,76.363,0.871,0.56
2026-09-29,12,2026092812,VTSC,0.417,0.423,2.844,1.225,16.753,4.176,86.489,0.342,0.12
2026-09-29,12,2026092812,VTSE,0.439,0.35,0.792,2.406,22.934,4.023,34.998,0.498,0.151
2026-09-29,12,2026092812,VTSF,0.001,0.112,0.286,2.759,30.413,15.645,121.981,0.524,0.347
2026-09-29,12,2026092812,VTSG,2.124,0.756,2.124,1.393,23.25,2.44,35.947,0.36,0.058
2026-09-29,12,2026092812,VTSM,4.234,10.855,37.509,5.682,37.509,1.822,37.509,0.253,0.058
2026-09-29,12,2026092812,VTSP,6.964,6.728,17.095,3.498,36.497,1.426,47.881,0.182,0.036
2026-09-29,12,2026092812,VTSR,0.021,0.055,0.295,0.12,1.066,2.578,54.797,0.196,0.071
2026-09-29,12,2026092812,VTSS,0.185,0.176,0.276,1.227,13.687,12.944,119.428,0.631,0.316
2026-09-29,12,2026092812,VTST,8.471,3.369,8.471,1.898,12.379,4.459,65.221,0.498,0.102
2026-09-29,12,2026092812,VTSY,2.401,2.623,3.503,4.314,16.118,12.429,88.87,0.938,0.342
2026-09-29,12,2026092812,VTUD,0.072,0.212,1.343,0.644,7.856,0.643,8.468,0.151,0.0
2026-09-29,12,2026092812,VTUI,0.157,0.24,0.939,0.187,2.015,0.213,4.115,0.058,0.0
2026-09-29,12,2026092812,VTUK,0.002,0.003,0.019,0.003,0.019,0.004,0.055,0.0,0.0
2026-09-29,12,2026092812,VTUL,0.019,0.018,0.049,0.055,0.812,1.122,12.075,0.2,0.013
2026-09-29,12,2026092812,VTUO,0.391,0.134,0.568,0.084,1.15,0.062,1.15,0.013,0.0
2026-09-29,12,2026092812,VTUQ,0.0,0.049,0.26,0.382,3.381,0.15,3.701,0.049,0.0
2026-09-29,12,2026092812,VTUU,0.178,0.087,0.403,0.05,0.403,0.023,0.762,0.0,0.0
2026-09-29,12,2026092812,VTUV,0.034,0.039,0.072,0.046,0.203,0.039,0.354,0.0,0.0
2026-09-29,12,2026092812,VTUW,0.001,0.013,0.042,0.147,1.315,0.493,7.868,0.129,0.0
2026-09-29,18,2026092818,VTBD,1.292,1.488,2.649,2.083,9.186,3.24,17.808,0.658,0.071
2026-09-29,18,2026092818,VTBO,5.019,0.877,5.019,0.18,5.019,0.179,5.019,0.062,0.0
2026-09-29,18,2026092818,VTBS,1.184,1.859,4.279,3.635,16.461,2.924,17.376,0.662,0.071
2026-09-29,18,2026092818,VTCC,2.316,2.638,3.446,5.741,33.492,4.308,33.492,0.942,0.053
2026-09-29,18,2026092818,VTCH,0.137,0.649,1.643,2.893,8.387,7.055,51.934,0.809,0.182
2026-09-29,18,2026092818,VTCL,3.253,3.141,5.294,2.792,6.613,3.024,22.344,0.644,0.067
2026-09-29,18,2026092818,VTCN,0.06,0.053,0.153,0.1,0.984,0.633,5.069,0.222,0.0
2026-09-29,18,2026092818,VTCP,0.025,0.044,0.105,0.095,0.962,0.475,5.52,0.102,0.0
2026-09-29,18,2026092818,VTCT,0.056,0.646,2.955,1.738,6.286,1.92,7.644,0.551,0.0
2026-09-29,18,2026092818,VTPB,12.456,8.524,13.0,6.221,21.461,5.423,22.848,0.849,0.169
2026-09-29,18,2026092818,VTPH,0.703,2.099,8.685,4.736,20.845,6.529,53.745,0.48,0.284
2026-09-29,18,2026092818,VTPM,25.374,20.744,29.42,15.194,38.084,12.491,44.695,0.996,0.489
2026-09-29,18,2026092818,VTPO,0.454,0.436,0.635,0.793,4.176,4.268,26.212,0.618,0.133
2026-09-29,18,2026092818,VTPP,0.308,0.324,0.613,0.256,0.831,1.659,16.298,0.213,0.049
2026-09-29,18,2026092818,VTSB,7.16,8.345,21.319,7.664,32.539,5.291,41.561,0.551,0.187
2026-09-29,18,2026092818,VTSC,0.653,0.199,0.88,1.004,15.65,4.049,99.062,0.316,0.111
2026-09-29,18,2026092818,VTSE,0.097,0.043,0.097,0.382,5.001,1.844,22.408,0.396,0.027
2026-09-29,18,2026092818,VTSF,21.099,25.178,64.377,25.853,72.932,19.026,80.587,0.853,0.56
2026-09-29,18,2026092818,VTSG,0.646,0.545,0.945,0.802,3.655,2.383,55.666,0.262,0.053
2026-09-29,18,2026092818,VTSM,0.275,1.707,9.739,2.824,42.362,1.467,42.362,0.209,0.031
2026-09-29,18,2026092818,VTSP,2.047,4.437,17.573,1.912,17.573,0.716,17.573,0.124,0.018
2026-09-29,18,2026092818,VTSR,0.227,0.362,0.912,0.565,2.081,4.593,61.679,0.302,0.142
2026-09-29,18,2026092818,VTSS,20.141,19.938,37.291,30.051,118.441,22.413,118.441,0.96,0.644
2026-09-29,18,2026092818,VTST,5.649,9.788,26.108,12.413,64.75,9.004,64.75,0.773,0.32
2026-09-29,18,2026092818,VTSY,5.897,5.813,10.625,10.543,72.812,10.624,81.215,0.867,0.356
2026-09-29,18,2026092818,VTUD,0.994,1.096,5.342,1.975,10.929,0.867,10.929,0.156,0.013
2026-09-29,18,2026092818,VTUI,0.758,0.82,2.376,0.421,2.376,0.675,6.573,0.196,0.0
2026-09-29,18,2026092818,VTUK,0.0,0.007,0.027,0.012,0.053,0.029,1.012,0.004,0.0
2026-09-29,18,2026092818,VTUL,0.01,0.006,0.02,0.037,0.641,0.071,1.015,0.004,0.0
2026-09-29,18,2026092818,VTUO,0.0,0.001,0.009,0.115,1.062,0.049,1.062,0.004,0.0
2026-09-29,18,2026092818,VTUQ,0.026,0.065,0.251,0.085,1.914,0.1,3.193,0.036,0.0
2026-09-29,18,2026092818,VTUU,0.0,0.006,0.049,0.009,0.106,0.034,0.606,0.0,0.0
2026-09-29,18,2026092818,VTUV,0.026,0.029,0.047,0.036,0.198,0.056,0.943,0.0,0.0
2026-09-29,18,2026092818,VTUW,0.165,0.225,0.407,0.208,0.98,0.226,2.016,0.04,0.0
2026-09-30,00,2026092900,VTBD,0.051,0.702,5.384,1.874,19.229,0.643,19.229,0.124,0.013
2026-09-30,00,2026092900,VTBO,0.021,1.063,8.671,0.851,19.57,0.399,19.57,0.08,0.004
2026-09-30,00,2026092900,VTBS,1.775,2.095,6.171,1.576,7.049,2.613,27.516,0.4,0.076
2026-09-30,00,2026092900,VTCC,0.0,0.004,0.02,0.128,2.73,0.715,10.494,0.16,0.004
2026-09-30,00,2026092900,VTCH,7.221,4.625,9.617,4.423,12.228,3.995,17.128,0.68,0.098
2026-09-30,00,2026092900,VTCL,0.0,0.001,0.004,0.005,0.04,0.054,4.41,0.013,0.0
2026-09-30,00,2026092900,VTCN,0.0,0.01,0.054,0.344,2.428,0.51,8.67,0.138,0.0
2026-09-30,00,2026092900,VTCP,0.0,0.022,0.194,0.259,2.469,0.789,27.592,0.111,0.027
2026-09-30,00,2026092900,VTCT,0.003,0.078,0.437,0.073,0.437,0.177,3.209,0.044,0.0
2026-09-30,00,2026092900,VTPB,0.064,0.317,1.356,1.634,22.739,3.133,49.283,0.333,0.089
2026-09-30,00,2026092900,VTPH,0.013,0.028,0.178,0.341,5.055,1.187,17.375,0.222,0.04
2026-09-30,00,2026092900,VTPM,0.0,0.002,0.02,0.413,5.108,0.614,6.393,0.164,0.0
2026-09-30,00,2026092900,VTPO,0.009,0.203,1.519,1.023,13.995,0.328,13.995,0.053,0.009
2026-09-30,00,2026092900,VTPP,0.007,0.576,3.254,0.696,12.453,0.289,12.453,0.062,0.004
2026-09-30,00,2026092900,VTSB,8.955,14.475,24.213,33.332,137.255,26.279,173.268,0.956,0.604
2026-09-30,00,2026092900,VTSC,0.028,0.438,2.394,0.962,7.967,1.15,15.929,0.307,0.004
2026-09-30,00,2026092900,VTSE,0.92,0.501,0.981,0.401,3.724,3.069,51.642,0.28,0.089
2026-09-30,00,2026092900,VTSF,6.432,3.814,9.055,4.289,27.641,6.597,78.349,0.556,0.16
2026-09-30,00,2026092900,VTSG,0.048,0.126,0.273,0.638,16.118,2.08,34.32,0.293,0.076
2026-09-30,00,2026092900,VTSM,2.664,11.726,43.022,6.391,48.066,3.737,50.109,0.373,0.107
2026-09-30,00,2026092900,VTSP,0.127,0.189,0.938,1.348,16.584,2.051,31.382,0.253,0.062
2026-09-30,00,2026092900,VTSR,0.8,0.947,1.856,1.346,7.662,3.042,30.951,0.507,0.084
2026-09-30,00,2026092900,VTSS,0.085,1.228,5.456,1.146,7.376,4.61,58.468,0.453,0.142
2026-09-30,00,2026092900,VTST,12.186,16.09,40.488,17.336,75.85,15.107,86.17,0.911,0.502
2026-09-30,00,2026092900,VTSY,60.696,53.729,89.181,53.704,124.504,39.662,124.504,1.0,0.893
2026-09-30,00,2026092900,VTUD,0.0,0.005,0.039,0.007,0.157,0.005,0.157,0.0,0.0
2026-09-30,00,2026092900,VTUI,0.008,0.021,0.12,0.748,12.78,0.214,12.78,0.027,0.009
2026-09-30,00,2026092900,VTUK,0.0,0.024,0.153,0.268,4.616,0.43,21.164,0.067,0.009
2026-09-30,00,2026092900,VTUL,0.197,0.793,3.358,3.442,23.096,2.998,30.074,0.378,0.098
2026-09-30,00,2026092900,VTUO,0.0,0.021,0.083,0.21,3.657,0.155,3.657,0.036,0.0
2026-09-30,00,2026092900,VTUQ,1.958,3.524,15.558,4.786,30.32,1.441,30.32,0.218,0.04
2026-09-30,00,2026092900,VTUU,0.0,0.007,0.053,0.074,1.143,0.08,2.204,0.022,0.0
2026-09-30,00,2026092900,VTUV,0.16,0.145,0.756,0.112,1.434,0.055,1.571,0.018,0.0
2026-09-30,00,2026092900,VTUW,0.001,0.022,0.109,0.016,0.277,0.015,0.365,0.0,0.0
2026-09-30,12,2026092912,VTBD,0.041,0.02,0.041,0.158,2.041,0.87,33.321,0.098,0.022
2026-09-30,12,2026092912,VTBO,0.017,0.144,0.509,0.279,7.756,0.248,17.036,0.053,0.004
2026-09-30,12,2026092912,VTBS,3.333,2.074,4.98,5.069,30.261,4.349,44.481,0.52,0.138
2026-09-30,12,2026092912,VTCC,0.941,0.465,1.123,0.132,1.123,0.09,1.701,0.013,0.0
2026-09-30,12,2026092912,VTCH,1.675,0.795,1.675,0.732,3.544,1.934,27.835,0.382,0.031
2026-09-30,12,2026092912,VTCL,0.0,0.007,0.025,0.018,0.201,0.055,2.239,0.013,0.0
2026-09-30,12,2026092912,VTCN,0.0,0.005,0.039,0.241,9.0,0.849,13.126,0.182,0.018
2026-09-30,12,2026092912,VTCP,0.001,0.003,0.015,0.435,6.953,1.847,14.253,0.258,0.053
2026-09-30,12,2026092912,VTCT,0.011,0.004,0.015,0.079,1.368,0.503,9.55,0.089,0.0
2026-09-30,12,2026092912,VTPB,35.628,15.497,36.617,8.811,37.184,5.444,51.812,0.373,0.196
2026-09-30,12,2026092912,VTPH,0.13,0.231,1.149,0.635,7.714,3.824,56.17,0.32,0.12
2026-09-30,12,2026092912,VTPM,1.517,0.703,1.929,0.724,6.623,0.827,8.133,0.244,0.0
2026-09-30,12,2026092912,VTPO,0.01,0.004,0.012,0.15,0.937,0.13,2.051,0.013,0.0
2026-09-30,12,2026092912,VTPP,0.026,0.036,0.082,0.138,2.209,0.134,7.039,0.027,0.0
2026-09-30,12,2026092912,VTSB,19.113,27.759,51.964,39.056,84.924,31.214,160.605,0.92,0.698
2026-09-30,12,2026092912,VTSC,13.716,11.491,33.112,6.045,33.931,4.213,33.931,0.56,0.156
2026-09-30,12,2026092912,VTSE,0.422,0.664,2.189,0.629,12.096,5.852,111.605,0.28,0.151
2026-09-30,12,2026092912,VTSF,0.104,0.847,2.71,1.652,14.001,5.891,79.85,0.618,0.2
2026-09-30,12,2026092912,VTSG,0.118,0.102,0.166,0.103,0.32,0.751,23.132,0.151,0.018
2026-09-30,12,2026092912,VTSM,16.182,12.421,65.065,7.499,65.065,5.415,65.065,0.591,0.169
2026-09-30,12,2026092912,VTSP,0.143,0.104,0.377,0.345,2.96,2.865,40.467,0.387,0.08
2026-09-30,12,2026092912,VTSR,3.839,2.597,5.046,2.838,25.955,4.829,54.654,0.631,0.12
2026-09-30,12,2026092912,VTSS,5.268,6.319,16.048,7.23,29.248,12.887,63.492,0.782,0.471
2026-09-30,12,2026092912,VTST,1.081,1.368,4.0,1.774,10.626,5.57,60.406,0.613,0.16
2026-09-30,12,2026092912,VTSY,55.161,53.513,92.434,44.49,118.258,33.454,118.258,1.0,0.898
2026-09-30,12,2026092912,VTUD,0.0,0.001,0.004,0.007,0.024,0.02,0.885,0.0,0.0
2026-09-30,12,2026092912,VTUI,0.0,0.0,0.0,0.0,0.01,0.011,0.648,0.0,0.0
2026-09-30,12,2026092912,VTUK,0.0,0.0,0.0,0.003,0.063,0.292,7.286,0.062,0.0
2026-09-30,12,2026092912,VTUL,5.097,2.395,5.097,1.337,7.498,2.982,29.932,0.387,0.093
2026-09-30,12,2026092912,VTUO,0.0,0.0,0.0,0.0,0.001,0.026,1.885,0.009,0.0
2026-09-30,12,2026092912,VTUQ,0.113,0.118,0.651,0.263,3.557,0.398,12.659,0.084,0.004
2026-09-30,12,2026092912,VTUU,0.0,0.003,0.01,0.027,0.354,0.193,7.373,0.044,0.0
2026-09-30,12,2026092912,VTUV,0.0,0.001,0.005,0.168,1.897,0.27,6.266,0.067,0.0
2026-09-30,12,2026092912,VTUW,0.005,0.003,0.008,0.004,0.017,0.004,0.026,0.0,0.0
2026-09-30,18,2026092918,VTBD,0.0,0.003,0.012,0.049,0.636,0.194,15.453,0.027,0.004
2026-09-30,18,2026092918,VTBO,0.363,1.696,9.222,1.662,28.823,0.703,28.823,0.098,0.013
2026-09-30,18,2026092918,VTBS,0.072,0.134,0.904,1.54,19.957,1.67,19.957,0.262,0.049
2026-09-30,18,2026092918,VTCC,0.023,0.037,0.132,0.036,0.292,0.133,6.279,0.018,0.0
2026-09-30,18,2026092918,VTCH,1.14,0.803,1.218,0.536,2.366,0.472,3.994,0.147,0.0
2026-09-30,18,2026092918,VTCL,0.013,0.019,0.054,0.019,0.129,0.029,0.865,0.0,0.0
2026-09-30,18,2026092918,VTCN,2.34,1.732,2.34,0.983,2.345,1.484,16.166,0.378,0.013
2026-09-30,18,2026092918,VTCP,0.002,0.015,0.058,0.009,0.114,0.316,11.447,0.076,0.004
2026-09-30,18,2026092918,VTCT,0.0,0.0,0.0,0.006,0.099,0.214,9.74,0.053,0.0
2026-09-30,18,2026092918,VTPB,6.311,4.962,12.421,5.048,44.959,6.83,121.045,0.458,0.142
2026-09-30,18,2026092918,VTPH,11.559,6.928,14.39,5.18,37.529,9.374,99.336,0.533,0.258
2026-09-30,18,2026092918,VTPM,0.0,0.122,0.666,0.638,5.057,0.652,6.976,0.218,0.0
2026-09-30,18,2026092918,VTPO,0.025,0.03,0.039,0.029,0.201,0.017,0.454,0.0,0.0
2026-09-30,18,2026092918,VTPP,0.0,0.003,0.011,0.006,0.081,0.047,2.213,0.009,0.0
2026-09-30,18,2026092918,VTSB,50.82,39.16,74.089,16.277,74.089,8.728,74.089,0.764,0.262
2026-09-30,18,2026092918,VTSC,0.0,0.158,1.202,1.561,24.973,2.045,31.25,0.32,0.067
2026-09-30,18,2026092918,VTSE,0.44,0.621,2.433,2.966,61.453,7.774,113.778,0.338,0.191
2026-09-30,18,2026092918,VTSF,0.537,1.597,5.026,5.396,44.497,7.207,49.926,0.644,0.249
2026-09-30,18,2026092918,VTSG,0.052,0.189,1.072,0.56,13.376,0.962,20.643,0.231,0.018
2026-09-30,18,2026092918,VTSM,38.299,34.807,92.164,13.42,92.164,9.534,92.164,0.742,0.244
2026-09-30,18,2026092918,VTSP,0.11,0.326,1.727,4.157,39.06,4.684,55.071,0.511,0.147
2026-09-30,18,2026092918,VTSR,0.854,0.671,1.842,1.063,7.687,7.049,80.392,0.511,0.196
2026-09-30,18,2026092918,VTSS,4.416,6.771,20.095,8.111,71.204,7.843,109.791,0.751,0.24
2026-09-30,18,2026092918,VTST,0.351,0.743,1.719,2.733,23.715,3.145,39.71,0.444,0.093
2026-09-30,18,2026092918,VTSY,83.013,62.818,83.013,48.978,101.51,52.676,190.517,1.0,0.987
2026-09-30,18,2026092918,VTUD,0.0,0.0,0.0,0.0,0.005,0.003,0.227,0.0,0.0
2026-09-30,18,2026092918,VTUI,0.013,0.009,0.024,0.003,0.044,0.07,3.993,0.018,0.0
2026-09-30,18,2026092918,VTUK,0.0,0.0,0.0,0.106,1.579,0.556,27.388,0.058,0.013
2026-09-30,18,2026092918,VTUL,0.046,0.145,0.549,0.322,2.176,1.875,27.706,0.333,0.044
2026-09-30,18,2026092918,VTUO,0.161,0.097,0.467,0.105,1.403,0.273,10.728,0.053,0.004
2026-09-30,18,2026092918,VTUQ,8.349,11.794,21.766,7.128,41.477,2.117,41.477,0.231,0.076
2026-09-30,18,2026092918,VTUU,3.503,1.136,3.503,1.057,18.034,0.708,18.034,0.164,0.013
2026-09-30,18,2026092918,VTUV,0.0,0.0,0.0,0.0,0.006,0.019,1.353,0.009,0.0
2026-09-30,18,2026092918,VTUW,0.0,0.001,0.003,0.003,0.07,0.001,0.07,0.0,0.0
2026-10-01,00,2026093000,VTBD,0.009,0.008,0.039,0.413,6.511,0.874,32.231,0.102,0.018
2026-10-01,00,2026093000,VTBO,0.031,0.021,0.043,0.057,0.449,0.984,18.169,0.164,0.027
2026-10-01,00,2026093000,VTBS,2.263,5.486,20.235,2.699,32.231,1.555,32.231,0.236,0.04
2026-10-01,00,2026093000,VTCC,0.018,0.063,0.206,0.039,0.413,0.065,2.827,0.018,0.0
2026-10-01,00,2026093000,VTCH,0.219,0.077,0.219,0.205,1.556,0.269,2.422,0.076,0.0
2026-10-01,00,2026093000,VTCL,0.0,0.0,0.0,0.0,0.0,0.001,0.294,0.0,0.0
2026-10-01,00,2026093000,VTCN,0.0,0.0,0.0,0.061,2.124,0.697,23.303,0.098,0.022
2026-10-01,00,2026093000,VTCP,0.0,0.0,0.0,0.0,0.003,0.636,17.021,0.098,0.018
2026-10-01,00,2026093000,VTCT,0.0,0.0,0.0,0.001,0.041,0.016,1.267,0.004,0.0
2026-10-01,00,2026093000,VTPB,0.0,0.0,0.0,0.149,2.504,3.791,75.479,0.249,0.116
2026-10-01,00,2026093000,VTPH,0.008,0.001,0.008,0.0,0.008,0.008,0.432,0.0,0.0
2026-10-01,00,2026093000,VTPM,0.0,0.004,0.032,0.073,0.703,0.313,10.066,0.067,0.004
2026-10-01,00,2026093000,VTPO,0.0,0.0,0.0,0.0,0.0,0.0,0.0,0.0,0.0
2026-10-01,00,2026093000,VTPP,0.0,0.007,0.04,0.011,0.326,0.062,3.475,0.022,0.0
2026-10-01,00,2026093000,VTSB,4.063,4.64,13.359,3.401,29.203,4.34,61.295,0.538,0.102
2026-10-01,00,2026093000,VTSC,0.0,0.004,0.021,0.054,0.702,0.213,11.34,0.049,0.004
2026-10-01,00,2026093000,VTSE,0.0,0.0,0.0,0.017,0.703,0.636,23.349,0.107,0.013
2026-10-01,00,2026093000,VTSF,0.013,0.058,0.447,0.261,9.353,1.224,25.349,0.191,0.031
2026-10-01,00,2026093000,VTSG,1.849,5.214,24.577,2.263,24.577,1.97,29.957,0.378,0.036
2026-10-01,00,2026093000,VTSM,0.59,0.889,3.408,2.593,18.683,8.19,75.43,0.489,0.222
2026-10-01,00,2026093000,VTSP,0.016,0.181,0.865,1.567,17.169,2.204,38.721,0.289,0.067
2026-10-01,00,2026093000,VTSR,0.117,3.848,21.301,8.74,48.576,8.422,69.984,0.667,0.253
2026-10-01,00,2026093000,VTSS,6.529,1.446,6.529,0.853,9.902,2.922,45.345,0.333,0.084
2026-10-01,00,2026093000,VTST,2.382,8.051,26.603,12.675,53.245,9.528,78.494,0.884,0.28
2026-10-01,00,2026093000,VTSY,17.291,25.506,36.596,27.186,100.314,24.843,138.146,0.844,0.556
2026-10-01,00,2026093000,VTUD,0.0,0.004,0.026,0.082,0.888,0.112,4.47,0.036,0.0
2026-10-01,00,2026093000,VTUI,0.139,1.346,5.505,0.652,5.505,1.011,15.414,0.2,0.013
2026-10-01,00,2026093000,VTUK,0.0,0.0,0.0,0.012,0.479,0.059,3.237,0.013,0.0
2026-10-01,00,2026093000,VTUL,0.0,0.009,0.073,0.135,1.75,0.741,22.067,0.147,0.018
2026-10-01,00,2026093000,VTUO,0.0,0.001,0.003,0.027,0.623,0.109,5.769,0.027,0.0
2026-10-01,00,2026093000,VTUQ,0.0,0.008,0.038,0.079,2.155,0.459,15.148,0.089,0.009
2026-10-01,00,2026093000,VTUU,1.412,1.844,3.451,6.97,24.811,7.274,45.929,0.778,0.244
2026-10-01,00,2026093000,VTUV,0.038,0.257,0.934,0.501,5.681,0.3,7.101,0.067,0.0
2026-10-01,00,2026093000,VTUW,0.0,0.016,0.101,0.137,1.694,0.464,15.851,0.107,0.004
2026-10-01,12,2026093012,VTBD,9.304,2.66,9.304,1.159,17.46,0.796,18.737,0.151,0.018
2026-10-01,12,2026093012,VTBO,0.626,1.815,7.852,1.111,7.852,1.336,28.35,0.244,0.027
2026-10-01,12,2026093012,VTBS,4.961,3.537,14.395,1.376,14.395,1.233,18.966,0.222,0.031
2026-10-01,12,2026093012,VTCC,0.0,0.0,0.0,0.034,0.589,0.223,7.113,0.062,0.0
2026-10-01,12,2026093012,VTCH,0.69,0.351,0.986,0.148,0.986,0.123,1.338,0.013,0.0
2026-10-01,12,2026093012,VTCL,0.0,0.008,0.024,0.008,0.071,0.01,0.533,0.0,0.0
2026-10-01,12,2026093012,VTCN,0.079,0.045,0.154,0.066,1.775,0.425,19.508,0.071,0.009
2026-10-01,12,2026093012,VTCP,0.011,0.004,0.011,0.017,0.525,0.775,34.714,0.067,0.027
2026-10-01,12,2026093012,VTCT,0.064,0.031,0.064,0.02,0.078,0.02,0.549,0.0,0.0
2026-10-01,12,2026093012,VTPB,0.026,0.021,0.09,0.102,2.536,2.366,57.347,0.182,0.076
2026-10-01,12,2026093012,VTPH,0.0,0.0,0.0,0.0,0.0,0.001,0.083,0.0,0.0
2026-10-01,12,2026093012,VTPM,0.001,0.018,0.058,0.161,1.37,0.259,4.928,0.053,0.0
2026-10-01,12,2026093012,VTPO,0.005,0.01,0.021,0.01,0.038,0.01,0.044,0.0,0.0
2026-10-01,12,2026093012,VTPP,0.0,0.001,0.013,0.013,0.577,0.009,0.577,0.0,0.0
2026-10-01,12,2026093012,VTSB,0.093,0.715,3.89,2.204,13.545,2.906,50.095,0.422,0.093
2026-10-01,12,2026093012,VTSC,0.008,0.009,0.036,0.123,4.324,0.116,4.324,0.027,0.0
2026-10-01,12,2026093012,VTSE,0.0,0.006,0.05,0.081,2.227,0.77,30.925,0.133,0.013
2026-10-01,12,2026093012,VTSF,0.002,0.004,0.008,0.085,2.246,1.542,33.658,0.204,0.049
2026-10-01,12,2026093012,VTSG,0.077,0.506,3.183,0.838,10.027,4.138,54.122,0.489,0.133
2026-10-01,12,2026093012,VTSM,0.015,0.074,0.562,0.565,11.323,3.604,75.336,0.227,0.08
2026-10-01,12,2026093012,VTSP,4.023,3.963,11.907,1.792,16.932,1.475,19.824,0.267,0.053
2026-10-01,12,2026093012,VTSR,2.692,11.26,39.196,15.884,52.835,15.777,66.937,0.978,0.542
2026-10-01,12,2026093012,VTSS,1.018,3.01,13.875,0.934,13.875,0.817,16.304,0.187,0.009
2026-10-01,12,2026093012,VTST,8.969,14.919,35.66,17.437,70.362,12.491,70.362,0.867,0.338
2026-10-01,12,2026093012,VTSY,34.816,36.848,51.466,24.338,51.466,16.094,78.949,0.898,0.547
2026-10-01,12,2026093012,VTUD,0.042,0.133,0.995,0.419,14.445,0.117,14.445,0.018,0.004
2026-10-01,12,2026093012,VTUI,1.254,1.066,4.072,0.671,10.061,0.577,13.688,0.138,0.009
2026-10-01,12,2026093012,VTUK,0.0,0.0,0.0,0.049,2.076,0.043,2.88,0.013,0.0
2026-10-01,12,2026093012,VTUL,0.0,0.172,1.391,0.828,29.37,1.04,33.991,0.12,0.027
2026-10-01,12,2026093012,VTUO,0.058,0.468,3.416,1.383,13.91,0.863,13.91,0.204,0.018
2026-10-01,12,2026093012,VTUQ,0.999,1.942,11.606,1.014,12.49,2.27,61.029,0.262,0.049
2026-10-01,12,2026093012,VTUU,3.579,2.647,14.104,0.818,14.104,0.575,14.104,0.133,0.004
2026-10-01,12,2026093012,VTUV,0.088,0.756,2.347,1.119,10.862,0.724,10.862,0.222,0.004
2026-10-01,12,2026093012,VTUW,0.043,0.312,1.192,0.537,5.987,0.351,13.62,0.067,0.004
2026-10-01,18,2026093018,VTBD,0.558,1.769,6.399,1.225,10.482,0.89,19.643,0.164,0.022
2026-10-01,18,2026093018,VTBO,0.969,1.753,4.936,0.662,8.094,0.353,8.094,0.084,0.0
2026-10-01,18,2026093018,VTBS,6.285,14.728,39.097,7.587,40.959,4.389,44.123,0.427,0.133
2026-10-01,18,2026093018,VTCC,0.0,0.0,0.0,0.001,0.018,0.033,0.946,0.0,0.0
2026-10-01,18,2026093018,VTCH,0.001,0.035,0.15,0.07,0.504,0.065,0.689,0.0,0.0
2026-10-01,18,2026093018,VTCL,0.0,0.002,0.012,0.005,0.042,0.036,4.842,0.004,0.0
2026-10-01,18,2026093018,VTCN,0.0,0.003,0.026,0.392,10.93,0.261,10.93,0.053,0.004
2026-10-01,18,2026093018,VTCP,0.021,0.035,0.051,0.018,0.051,0.954,41.536,0.093,0.04
2026-10-01,18,2026093018,VTCT,0.018,0.02,0.034,0.011,0.039,0.07,2.841,0.013,0.0
2026-10-01,18,2026093018,VTPB,0.111,0.094,0.183,0.357,4.607,2.304,41.786,0.347,0.058
2026-10-01,18,2026093018,VTPH,0.004,0.0,0.004,0.0,0.004,0.029,2.11,0.009,0.0
2026-10-01,18,2026093018,VTPM,0.051,0.04,0.147,0.042,0.492,0.25,17.494,0.044,0.004
2026-10-01,18,2026093018,VTPO,0.024,0.025,0.031,0.016,0.031,0.009,0.031,0.0,0.0
2026-10-01,18,2026093018,VTPP,0.0,0.0,0.0,0.526,14.079,0.145,14.079,0.031,0.004
2026-10-01,18,2026093018,VTSB,8.146,6.302,15.879,10.353,55.337,5.288,55.337,0.613,0.178
2026-10-01,18,2026093018,VTSC,0.0,0.001,0.007,0.002,0.016,0.163,6.069,0.04,0.0
2026-10-01,18,2026093018,VTSE,0.0,0.0,0.0,0.006,0.236,0.08,3.801,0.027,0.0
2026-10-01,18,2026093018,VTSF,0.001,0.033,0.184,0.106,2.191,0.292,12.614,0.076,0.004
2026-10-01,18,2026093018,VTSG,6.137,6.838,12.983,6.827,30.918,5.803,55.704,0.631,0.178
2026-10-01,18,2026093018,VTSM,0.665,4.786,35.844,2.753,35.844,2.275,38.866,0.249,0.08
2026-10-01,18,2026093018,VTSP,1.105,0.315,1.142,0.223,1.852,0.488,16.209,0.151,0.009
2026-10-01,18,2026093018,VTSR,4.619,5.624,10.188,8.07,24.215,10.17,62.772,0.871,0.351
2026-10-01,18,2026093018,VTSS,0.187,0.133,0.641,0.246,2.826,0.61,20.008,0.12,0.013
2026-10-01,18,2026093018,VTST,0.757,4.812,14.208,6.883,35.009,10.723,81.137,0.813,0.342
2026-10-01,18,2026093018,VTSY,8.192,10.366,26.485,12.294,50.954,9.052,59.842,0.587,0.284
2026-10-01,18,2026093018,VTUD,0.119,0.118,0.875,0.342,9.67,0.128,9.67,0.022,0.0
2026-10-01,18,2026093018,VTUI,0.0,0.512,2.552,0.615,8.144,1.091,17.652,0.213,0.031
2026-10-01,18,2026093018,VTUK,0.0,0.017,0.148,0.087,3.056,0.08,3.056,0.027,0.0
2026-10-01,18,2026093018,VTUL,0.0,0.0,0.0,0.001,0.01,0.603,29.289,0.071,0.018
2026-10-01,18,2026093018,VTUO,0.029,0.223,0.781,2.167,28.68,1.399,28.68,0.267,0.027
2026-10-01,18,2026093018,VTUQ,0.033,0.661,1.709,0.837,16.655,0.895,16.655,0.178,0.018
2026-10-01,18,2026093018,VTUU,0.007,0.375,2.587,0.535,10.894,0.381,10.894,0.089,0.004
2026-10-01,18,2026093018,VTUV,0.018,0.331,1.073,0.389,2.763,0.494,12.087,0.12,0.009
2026-10-01,18,2026093018,VTUW,0.0,0.067,0.514,0.114,1.67,0.083,4.226,0.018,0.0
2026-10-02,00,2026100100,VTBD,0.169,0.658,3.119,0.811,8.908,0.718,20.829,0.116,0.018
2026-10-02,00,2026100100,VTBO,0.047,0.199,1.12,0.884,9.056,1.872,36.599,0.351,0.031
2026-10-02,00,2026100100,VTBS,5.99,4.382,13.371,3.072,20.829,1.482,25.033,0.262,0.04
2026-10-02,00,2026100100,VTCC,0.0,0.021,0.124,0.206,2.475,0.309,11.388,0.067,0.004
2026-10-02,00,2026100100,VTCH,0.0,0.0,0.0,0.01,0.237,0.118,1.613,0.013,0.0
2026-10-02,00,2026100100,VTCL,0.0,0.0,0.0,0.0,0.011,0.119,8.854,0.018,0.0
2026-10-02,00,2026100100,VTCN,0.026,0.019,0.038,0.073,2.385,0.273,26.636,0.049,0.004
2026-10-02,00,2026100100,VTCP,0.0,0.0,0.0,0.008,0.372,1.242,43.254,0.12,0.04
2026-10-02,00,2026100100,VTCT,0.0,0.001,0.011,0.004,0.116,0.213,19.637,0.027,0.009
2026-10-02,00,2026100100,VTPB,0.0,0.004,0.016,0.073,2.42,1.321,43.131,0.133,0.04
2026-10-02,00,2026100100,VTPH,0.086,1.751,12.079,0.463,12.079,0.293,12.079,0.044,0.004
2026-10-02,00,2026100100,VTPM,0.009,0.021,0.055,0.207,1.884,0.327,6.826,0.093,0.0
2026-10-02,00,2026100100,VTPO,0.0,0.0,0.0,0.0,0.0,0.0,0.0,0.0,0.0
2026-10-02,00,2026100100,VTPP,0.0,0.01,0.084,0.214,3.26,0.272,11.833,0.062,0.004
2026-10-02,00,2026100100,VTSB,12.522,12.145,43.883,7.034,43.883,4.576,43.883,0.689,0.138
2026-10-02,00,2026100100,VTSC,0.0,0.037,0.305,0.044,0.69,0.938,29.089,0.124,0.031
2026-10-02,00,2026100100,VTSE,0.382,1.249,9.073,1.116,11.559,1.176,28.419,0.187,0.031
2026-10-02,00,2026100100,VTSF,0.034,0.004,0.034,0.041,1.654,1.12,26.915,0.151,0.04
2026-10-02,00,2026100100,VTSG,13.486,8.421,27.57,4.596,34.121,10.043,57.642,0.693,0.311
2026-10-02,00,2026100100,VTSM,0.347,1.944,7.701,4.723,58.042,5.47,69.928,0.476,0.133
2026-10-02,00,2026100100,VTSP,0.378,0.333,0.535,0.232,0.831,0.585,17.119,0.098,0.009
2026-10-02,00,2026100100,VTSR,0.175,0.57,1.8,2.234,19.275,4.299,63.879,0.471,0.111
2026-10-02,00,2026100100,VTSS,2.164,7.675,24.925,10.15,55.802,18.299,119.989,0.756,0.431
2026-10-02,00,2026100100,VTST,2.879,3.626,7.575,8.039,84.907,18.353,131.684,0.907,0.462
2026-10-02,00,2026100100,VTSY,42.432,39.285,61.328,34.384,128.501,33.894,147.976,1.0,0.778
2026-10-02,00,2026100100,VTUD,0.0,0.063,0.489,0.247,5.182,0.205,5.527,0.049,0.0
2026-10-02,00,2026100100,VTUI,3.259,6.273,21.145,4.293,27.163,2.289,31.241,0.391,0.067
2026-10-02,00,2026100100,VTUK,0.004,0.115,0.932,0.321,8.899,0.351,19.405,0.062,0.004
2026-10-02,00,2026100100,VTUL,0.0,0.0,0.0,0.08,1.969,1.039,42.095,0.116,0.036
2026-10-02,00,2026100100,VTUO,0.012,1.059,3.931,1.96,16.776,1.995,30.869,0.369,0.053
2026-10-02,00,2026100100,VTUQ,0.003,0.005,0.015,0.087,0.842,1.506,22.841,0.236,0.04
2026-10-02,00,2026100100,VTUU,7.771,1.546,7.771,1.453,9.035,2.089,23.764,0.36,0.049
2026-10-02,00,2026100100,VTUV,0.094,0.988,7.141,1.647,15.347,0.877,15.347,0.196,0.013
2026-10-02,00,2026100100,VTUW,0.181,0.302,1.572,0.731,6.592,0.677,11.443,0.151,0.009
2026-10-02,06,2026100106,VTBD,0.442,1.585,6.607,1.052,7.635,1.13,45.646,0.182,0.027
2026-10-02,06,2026100106,VTBO,19.6,6.795,19.6,5.856,22.344,7.688,57.394,0.787,0.227
2026-10-02,06,2026100106,VTBS,1.965,1.021,3.703,2.814,45.646,1.209,45.646,0.182,0.036
2026-10-02,06,2026100106,VTCC,0.0,0.045,0.211,1.07,19.593,1.067,20.72,0.16,0.031
2026-10-02,06,2026100106,VTCH,0.0,0.002,0.015,0.15,2.186,0.112,5.614,0.027,0.0
2026-10-02,06,2026100106,VTCL,0.0,0.0,0.0,0.0,0.0,0.078,4.068,0.036,0.0
2026-10-02,06,2026100106,VTCN,0.0,0.0,0.0,0.002,0.098,0.275,14.8,0.044,0.013
2026-10-02,06,2026100106,VTCP,0.0,0.0,0.0,0.046,1.025,1.136,49.664,0.133,0.036
2026-10-02,06,2026100106,VTCT,0.049,0.016,0.053,0.004,0.053,0.635,22.369,0.093,0.018
2026-10-02,06,2026100106,VTPB,0.001,0.001,0.003,0.153,3.141,1.681,37.657,0.276,0.044
2026-10-02,06,2026100106,VTPH,0.0,0.0,0.0,0.002,0.075,0.011,1.376,0.004,0.0
2026-10-02,06,2026100106,VTPM,0.0,0.0,0.0,0.0,0.0,0.096,7.617,0.018,0.0
2026-10-02,06,2026100106,VTPO,0.0,0.0,0.0,0.0,0.0,0.003,0.658,0.0,0.0
2026-10-02,06,2026100106,VTPP,0.504,0.624,4.449,0.552,16.188,0.265,16.188,0.044,0.004
2026-10-02,06,2026100106,VTSB,0.407,0.565,1.641,2.456,18.592,6.004,90.851,0.587,0.147
2026-10-02,06,2026100106,VTSC,39.747,35.155,57.299,31.138,71.297,24.126,118.242,0.964,0.653
2026-10-02,06,2026100106,VTSE,0.0,0.117,0.626,1.279,30.031,5.155,108.384,0.427,0.173
2026-10-02,06,2026100106,VTSF,0.023,0.031,0.084,0.048,0.419,1.043,23.048,0.244,0.018
2026-10-02,06,2026100106,VTSG,5.308,4.872,6.79,7.406,40.319,15.515,92.828,0.982,0.48
2026-10-02,06,2026100106,VTSM,0.004,0.118,0.646,3.365,41.813,6.34,66.418,0.458,0.218
2026-10-02,06,2026100106,VTSP,59.908,55.877,105.808,31.21,147.001,22.407,147.001,0.702,0.453
2026-10-02,06,2026100106,VTSR,9.32,19.533,37.086,20.917,60.573,38.315,165.036,0.996,0.72
2026-10-02,06,2026100106,VTSS,1.697,4.373,15.194,2.304,15.194,3.622,40.892,0.413,0.111
2026-10-02,06,2026100106,VTST,20.837,26.521,96.553,24.594,101.125,21.726,101.125,0.938,0.529
2026-10-02,06,2026100106,VTSY,11.919,12.248,28.129,16.232,63.815,18.592,128.012,0.893,0.542
2026-10-02,06,2026100106,VTUD,12.99,4.764,12.99,1.267,12.99,0.616,12.99,0.12,0.013
2026-10-02,06,2026100106,VTUI,0.0,0.0,0.0,0.819,11.168,1.17,29.628,0.182,0.036
2026-10-02,06,2026100106,VTUK,2.0,0.524,2.0,0.446,6.398,1.007,29.036,0.164,0.027
2026-10-02,06,2026100106,VTUL,0.0,0.003,0.02,0.554,10.337,0.623,11.487,0.133,0.013
2026-10-02,06,2026100106,VTUO,0.0,0.012,0.053,0.255,3.664,0.85,18.253,0.16,0.022
2026-10-02,06,2026100106,VTUQ,0.188,1.322,6.989,5.269,64.591,4.868,64.591,0.578,0.133
2026-10-02,06,2026100106,VTUU,8.528,8.281,25.643,2.807,25.643,1.245,25.643,0.253,0.027
2026-10-02,06,2026100106,VTUV,0.004,0.318,2.624,0.362,9.493,0.495,11.302,0.111,0.004
2026-10-02,06,2026100106,VTUW,0.001,0.167,0.789,0.593,16.252,0.61,19.235,0.098,0.022
2026-10-02,12,2026100112,VTBD,0.003,0.057,0.348,0.998,11.992,1.368,52.031,0.187,0.036
2026-10-02,12,2026100112,VTBO,0.203,1.344,6.657,1.637,12.733,2.356,42.293,0.307,0.067
2026-10-02,12,2026100112,VTBS,0.018,0.581,4.094,4.452,52.031,1.83,52.031,0.244,0.058
2026-10-02,12,2026100112,VTCC,0.0,0.0,0.0,0.061,1.202,0.269,6.988,0.067,0.0
2026-10-02,12,2026100112,VTCH,0.0,0.0,0.0,0.0,0.001,0.008,0.583,0.0,0.0
2026-10-02,12,2026100112,VTCL,0.0,0.001,0.005,0.003,0.037,0.011,0.954,0.0,0.0
2026-10-02,12,2026100112,VTCN,0.0,0.011,0.045,0.052,0.866,0.185,8.963,0.036,0.0
2026-10-02,12,2026100112,VTCP,0.0,0.004,0.018,0.005,0.079,1.2,47.814,0.089,0.04
2026-10-02,12,2026100112,VTCT,0.0,0.0,0.0,0.0,0.021,0.578,16.522,0.089,0.022
2026-10-02,12,2026100112,VTPB,0.0,0.254,1.989,0.834,9.554,2.763,29.504,0.316,0.107
2026-10-02,12,2026100112,VTPH,0.0,0.0,0.0,0.0,0.023,0.029,2.933,0.004,0.0
2026-10-02,12,2026100112,VTPM,0.003,0.122,0.946,0.055,0.946,0.1,2.319,0.013,0.0
2026-10-02,12,2026100112,VTPO,0.014,0.01,0.022,0.006,0.034,0.004,0.038,0.0,0.0
2026-10-02,12,2026100112,VTPP,0.078,0.356,2.646,0.163,2.646,0.112,4.808,0.04,0.0
2026-10-02,12,2026100112,VTSB,0.22,0.443,1.547,1.715,29.717,2.305,31.258,0.364,0.062
2026-10-02,12,2026100112,VTSC,0.0,0.0,0.002,0.095,3.248,0.421,20.153,0.08,0.004
2026-10-02,12,2026100112,VTSE,0.003,0.06,0.485,0.717,9.48,2.134,69.872,0.209,0.053
2026-10-02,12,2026100112,VTSF,0.016,0.012,0.021,0.012,0.063,0.314,11.291,0.071,0.004
2026-10-02,12,2026100112,VTSG,1.361,0.925,3.207,1.401,6.899,6.251,71.716,0.631,0.187
2026-10-02,12,2026100112,VTSM,2.094,4.616,24.463,4.739,46.111,3.724,67.239,0.413,0.093
2026-10-02,12,2026100112,VTSP,0.263,0.79,4.001,2.359,19.568,7.581,81.286,0.489,0.236
2026-10-02,12,2026100112,VTSR,0.212,0.322,1.875,3.159,37.568,13.794,108.615,0.596,0.311
2026-10-02,12,2026100112,VTSS,2.071,10.855,52.11,11.234,65.905,8.121,97.755,0.48,0.249
2026-10-02,12,2026100112,VTST,18.51,15.672,34.061,14.885,61.481,27.362,97.752,1.0,0.751
2026-10-02,12,2026100112,VTSY,0.538,3.342,7.17,11.51,37.046,17.66,132.081,0.973,0.538
2026-10-02,12,2026100112,VTUD,2.423,1.973,6.993,0.595,6.993,0.357,6.993,0.093,0.0
2026-10-02,12,2026100112,VTUI,0.005,0.088,0.516,0.081,0.898,0.511,19.516,0.093,0.013
2026-10-02,12,2026100112,VTUK,0.195,0.803,5.613,0.567,7.666,0.283,7.666,0.071,0.0
2026-10-02,12,2026100112,VTUL,0.0,0.0,0.0,0.054,2.357,0.347,19.823,0.053,0.013
2026-10-02,12,2026100112,VTUO,0.49,0.879,3.483,0.43,3.856,0.744,20.267,0.164,0.013
2026-10-02,12,2026100112,VTUQ,1.654,3.566,17.482,2.714,17.482,1.645,23.217,0.28,0.049
2026-10-02,12,2026100112,VTUU,0.435,1.268,2.633,0.744,12.559,0.475,14.042,0.12,0.009
2026-10-02,12,2026100112,VTUV,0.044,0.216,1.556,0.435,5.826,0.295,7.214,0.08,0.0
2026-10-02,12,2026100112,VTUW,0.0,0.006,0.051,0.055,0.62,0.204,8.505,0.04,0.0
2026-10-02,18,2026100118,VTBD,0.482,0.943,3.407,0.68,9.481,0.3,10.037,0.044,0.004
2026-10-02,18,2026100118,VTBO,0.394,1.92,11.126,2.946,38.679,4.013,40.684,0.422,0.138
2026-10-02,18,2026100118,VTBS,0.016,0.606,4.785,0.757,9.273,0.814,42.614,0.12,0.009
2026-10-02,18,2026100118,VTCC,0.0,0.002,0.017,0.957,13.75,1.295,17.6,0.2,0.031
2026-10-02,18,2026100118,VTCH,0.0,0.0,0.0,0.0,0.001,0.015,0.748,0.0,0.0
2026-10-02,18,2026100118,VTCL,0.0,0.006,0.05,0.013,0.062,0.01,0.09,0.0,0.0
2026-10-02,18,2026100118,VTCN,0.0,0.0,0.0,0.031,0.778,0.163,22.535,0.022,0.004
2026-10-02,18,2026100118,VTCP,0.0,0.0,0.0,0.001,0.02,0.541,38.4,0.053,0.018
2026-10-02,18,2026100118,VTCT,0.019,0.01,0.026,0.006,0.026,0.105,6.456,0.027,0.0
2026-10-02,18,2026100118,VTPB,0.0,0.0,0.0,0.026,0.689,4.042,58.945,0.284,0.12
2026-10-02,18,2026100118,VTPH,0.0,0.0,0.0,0.106,4.562,0.028,4.562,0.004,0.0
2026-10-02,18,2026100118,VTPM,0.003,0.005,0.015,0.155,1.034,0.186,7.438,0.022,0.0
2026-10-02,18,2026100118,VTPO,0.0,0.0,0.0,0.0,0.0,0.0,0.0,0.0,0.0
2026-10-02,18,2026100118,VTPP,0.0,0.008,0.045,0.041,1.475,0.038,1.475,0.018,0.0
2026-10-02,18,2026100118,VTSB,10.421,5.885,13.347,3.13,20.178,2.771,27.681,0.391,0.093
2026-10-02,18,2026100118,VTSC,0.0,0.014,0.098,0.053,0.738,0.456,13.796,0.084,0.009
2026-10-02,18,2026100118,VTSE,0.003,0.025,0.066,0.536,9.195,0.662,9.195,0.147,0.0
2026-10-02,18,2026100118,VTSF,0.061,0.639,2.795,0.179,2.795,0.661,17.744,0.133,0.018
2026-10-02,18,2026100118,VTSG,4.624,4.951,10.979,4.831,18.638,7.695,61.332,0.671,0.253
2026-10-02,18,2026100118,VTSM,14.316,9.17,22.815,7.271,37.004,8.885,99.436,0.44,0.289
2026-10-02,18,2026100118,VTSP,0.315,0.453,1.588,7.18,66.75,8.246,76.453,0.493,0.218
2026-10-02,18,2026100118,VTSR,56.528,56.19,91.808,36.772,99.189,25.416,99.189,0.884,0.676
2026-10-02,18,2026100118,VTSS,0.224,1.131,7.022,3.792,31.381,10.773,94.931,0.533,0.276
2026-10-02,18,2026100118,VTST,12.324,9.893,15.125,15.861,42.335,37.582,158.521,1.0,0.831
2026-10-02,18,2026100118,VTSY,16.812,21.737,61.959,22.177,72.36,27.058,94.413,0.973,0.716
2026-10-02,18,2026100118,VTUD,0.003,0.098,0.597,0.549,10.395,0.169,10.395,0.031,0.004
2026-10-02,18,2026100118,VTUI,0.095,0.548,3.579,0.428,7.494,0.943,19.52,0.169,0.031
2026-10-02,18,2026100118,VTUK,8.73,1.493,8.73,1.001,12.079,0.33,12.079,0.067,0.004
2026-10-02,18,2026100118,VTUL,0.0,0.0,0.0,0.029,0.781,1.017,79.056,0.102,0.022
2026-10-02,18,2026100118,VTUO,0.022,0.418,2.988,0.294,4.063,0.363,8.668,0.093,0.0
2026-10-02,18,2026100118,VTUQ,0.017,0.09,0.58,0.696,5.567,1.026,15.184,0.227,0.022
2026-10-02,18,2026100118,VTUU,1.226,1.084,4.134,0.452,4.134,0.456,15.335,0.102,0.009
2026-10-02,18,2026100118,VTUV,0.035,1.474,11.634,0.563,11.634,0.476,12.321,0.098,0.013
2026-10-02,18,2026100118,VTUW,0.0,0.007,0.056,0.023,0.597,0.11,5.652,0.022,0.0
2026-10-03,00,2026100200,VTBD,0.777,1.664,8.255,2.832,28.031,3.077,36.982,0.409,0.084
2026-10-03,00,2026100200,VTBO,1.516,2.359,17.481,3.002,27.069,2.476,31.443,0.311,0.084
2026-10-03,00,2026100200,VTBS,5.703,9.069,27.843,6.375,28.011,3.791,35.521,0.422,0.12
2026-10-03,00,2026100200,VTCC,0.0,0.046,0.368,0.481,5.192,0.373,9.482,0.107,0.0
2026-10-03,00,2026100200,VTCH,0.0,0.0,0.0,0.02,0.326,0.035,0.495,0.0,0.0
2026-10-03,00,2026100200,VTCL,0.0,0.0,0.0,0.016,0.353,0.144,7.606,0.022,0.0
2026-10-03,00,2026100200,VTCN,0.781,1.967,8.008,3.063,16.557,1.383,24.662,0.262,0.036
2026-10-03,00,2026100200,VTCP,4.56,2.833,7.791,1.09,8.643,1.093,25.549,0.173,0.027
2026-10-03,00,2026100200,VTCT,0.0,0.037,0.216,0.271,4.813,0.27,4.813,0.067,0.0
2026-10-03,00,2026100200,VTPB,5.086,5.208,13.626,3.177,20.961,9.092,77.384,0.431,0.253
2026-10-03,00,2026100200,VTPH,0.0,0.023,0.133,0.2,2.03,1.421,43.014,0.142,0.044
2026-10-03,00,2026100200,VTPM,1.542,1.092,1.542,0.908,2.261,0.669,4.707,0.284,0.0
2026-10-03,00,2026100200,VTPO,0.019,0.244,1.174,0.322,3.416,0.227,5.356,0.071,0.0
2026-10-03,00,2026100200,VTPP,0.001,0.002,0.009,0.107,2.001,0.269,10.225,0.053,0.004
2026-10-03,00,2026100200,VTSB,8.83,15.164,34.392,26.866,102.131,24.966,113.152,0.942,0.56
2026-10-03,00,2026100200,VTSC,0.074,0.59,3.245,5.944,35.741,7.089,89.029,0.418,0.169
2026-10-03,00,2026100200,VTSE,0.549,2.038,7.183,4.076,28.642,2.833,28.642,0.382,0.093
2026-10-03,00,2026100200,VTSF,0.004,0.017,0.043,2.951,30.554,9.999,74.43,0.591,0.298
2026-10-03,00,2026100200,VTSG,50.533,33.042,62.509,14.015,62.509,9.293,77.7,0.604,0.267
2026-10-03,00,2026100200,VTSM,1.68,3.235,9.485,13.767,67.391,15.916,102.676,0.84,0.409
2026-10-03,00,2026100200,VTSP,0.708,2.185,4.574,2.447,12.916,1.428,15.145,0.347,0.027
2026-10-03,00,2026100200,VTSR,1.911,0.827,1.911,1.694,16.349,2.859,35.197,0.338,0.084
2026-10-03,00,2026100200,VTSS,7.967,2.974,7.967,4.108,29.15,13.803,150.829,0.791,0.329
2026-10-03,00,2026100200,VTST,3.418,6.47,17.952,14.57,71.379,25.125,114.191,0.969,0.653
2026-10-03,00,2026100200,VTSY,51.722,41.72,56.579,33.244,109.299,31.084,109.299,1.0,0.844
2026-10-03,00,2026100200,VTUD,6.232,1.881,6.232,0.666,6.232,0.86,33.668,0.129,0.018
2026-10-03,00,2026100200,VTUI,3.319,3.801,10.178,8.264,42.161,5.57,44.514,0.609,0.196
2026-10-03,00,2026100200,VTUK,0.0,0.005,0.049,0.078,1.835,0.315,18.384,0.071,0.004
2026-10-03,00,2026100200,VTUL,0.045,0.615,4.5,0.765,5.58,1.766,23.455,0.298,0.049
2026-10-03,00,2026100200,VTUO,3.298,1.872,11.16,0.644,11.16,0.845,17.558,0.178,0.022
2026-10-03,00,2026100200,VTUQ,0.308,0.126,0.405,1.279,18.998,1.229,18.998,0.236,0.018
2026-10-03,00,2026100200,VTUU,4.466,2.457,6.727,0.943,7.167,1.201,31.42,0.222,0.022
2026-10-03,00,2026100200,VTUV,0.333,1.344,8.172,1.124,16.156,1.345,19.298,0.249,0.031
2026-10-03,00,2026100200,VTUW,1.415,5.139,21.576,4.713,28.19,1.952,28.19,0.329,0.062
2026-10-03,06,2026100206,VTBD,0.117,1.069,6.09,1.836,28.223,1.285,28.223,0.182,0.031
2026-10-03,06,2026100206,VTBO,0.174,2.561,18.275,4.126,27.279,6.453,56.682,0.644,0.222
2026-10-03,06,2026100206,VTBS,1.535,4.551,14.065,3.282,16.364,6.878,66.235,0.498,0.222
2026-10-03,06,2026100206,VTCC,0.151,0.373,0.935,2.197,14.208,2.645,28.079,0.369,0.089
2026-10-03,06,2026100206,VTCH,0.0,0.0,0.0,0.038,0.739,0.091,2.946,0.018,0.0
2026-10-03,06,2026100206,VTCL,0.0,0.0,0.0,0.0,0.0,0.013,0.597,0.0,0.0
2026-10-03,06,2026100206,VTCN,0.216,0.794,3.873,2.721,17.64,3.733,39.639,0.533,0.111
2026-10-03,06,2026100206,VTCP,0.057,0.049,0.157,0.135,3.482,1.399,51.184,0.124,0.036
2026-10-03,06,2026100206,VTCT,0.04,0.124,0.511,0.057,0.511,0.676,12.576,0.147,0.018
2026-10-03,06,2026100206,VTPB,0.47,0.214,1.257,1.117,14.715,3.619,46.249,0.333,0.116
2026-10-03,06,2026100206,VTPH,0.579,1.782,9.499,2.767,35.31,1.556,35.31,0.213,0.031
2026-10-03,06,2026100206,VTPM,0.185,0.352,0.683,0.575,11.316,0.308,11.316,0.049,0.004
2026-10-03,06,2026100206,VTPO,0.003,0.006,0.034,0.063,1.223,0.208,8.569,0.044,0.0
2026-10-03,06,2026100206,VTPP,0.0,0.039,0.345,0.4,5.801,0.355,13.241,0.053,0.013
2026-10-03,06,2026100206,VTSB,15.708,27.097,60.429,20.479,71.741,13.854,71.741,0.818,0.387
2026-10-03,06,2026100206,VTSC,33.911,25.237,43.499,21.956,51.778,19.447,100.277,0.862,0.578
2026-10-03,06,2026100206,VTSE,7.816,19.508,42.929,14.066,60.273,5.618,60.273,0.453,0.164
2026-10-03,06,2026100206,VTSF,2.517,4.533,12.717,2.999,34.097,6.234,60.984,0.627,0.213
2026-10-03,06,2026100206,VTSG,16.032,26.07,48.318,38.177,170.014,26.434,170.014,0.947,0.662
2026-10-03,06,2026100206,VTSM,3.373,7.583,16.908,21.838,80.789,12.687,81.274,0.662,0.338
2026-10-03,06,2026100206,VTSP,13.253,13.069,31.478,14.686,71.645,12.609,71.645,0.853,0.413
2026-10-03,06,2026100206,VTSR,5.611,16.884,41.436,20.966,69.443,11.94,69.443,0.818,0.387
2026-10-03,06,2026100206,VTSS,26.735,36.388,61.142,37.872,88.587,19.551,88.587,0.818,0.516
2026-10-03,06,2026100206,VTST,27.288,21.785,35.658,20.703,43.541,24.154,121.474,0.969,0.707
2026-10-03,06,2026100206,VTSY,0.247,0.22,0.473,1.366,11.733,12.129,91.531,0.653,0.36
2026-10-03,06,2026100206,VTUD,0.362,0.701,2.711,0.646,14.34,0.939,18.962,0.2,0.013
2026-10-03,06,2026100206,VTUI,2.579,6.037,22.62,7.038,49.774,2.881,49.774,0.32,0.093
2026-10-03,06,2026100206,VTUK,0.698,0.672,2.2,1.008,10.427,0.985,17.416,0.191,0.022
2026-10-03,06,2026100206,VTUL,0.072,1.72,12.961,1.209,12.961,4.331,55.71,0.467,0.164
2026-10-03,06,2026100206,VTUO,0.033,0.252,0.556,0.415,6.934,0.92,18.387,0.178,0.022
2026-10-03,06,2026100206,VTUQ,0.04,0.268,1.457,0.599,14.13,1.681,34.64,0.262,0.04
2026-10-03,06,2026100206,VTUU,0.11,0.449,2.356,0.67,6.687,1.647,26.555,0.249,0.044
2026-10-03,06,2026100206,VTUV,1.19,0.975,3.012,0.575,7.364,0.466,7.512,0.133,0.0
2026-10-03,06,2026100206,VTUW,0.191,0.101,0.386,0.632,9.702,0.625,11.911,0.142,0.004
2026-10-03,12,2026100212,VTBD,0.018,0.132,0.263,0.515,9.156,1.239,29.859,0.218,0.022
2026-10-03,12,2026100212,VTBO,6.178,1.256,6.178,1.858,19.99,3.322,42.932,0.444,0.098
2026-10-03,12,2026100212,VTBS,0.145,4.016,15.411,3.792,29.859,2.648,49.251,0.347,0.067
2026-10-03,12,2026100212,VTCC,0.0,0.0,0.0,0.059,1.124,0.779,9.939,0.2,0.0
2026-10-03,12,2026100212,VTCH,0.0,0.0,0.0,0.248,4.289,0.42,9.356,0.098,0.0
2026-10-03,12,2026100212,VTCL,0.0,0.0,0.004,0.003,0.022,0.003,0.162,0.0,0.0
2026-10-03,12,2026100212,VTCN,0.001,0.103,0.71,0.442,4.295,0.832,42.126,0.133,0.027
2026-10-03,12,2026100212,VTCP,0.009,0.017,0.027,0.008,0.033,0.325,11.997,0.067,0.004
2026-10-03,12,2026100212,VTCT,0.491,1.28,3.316,1.347,7.509,0.577,7.509,0.196,0.0
2026-10-03,12,2026100212,VTPB,0.922,3.867,15.852,3.938,16.988,6.446,119.597,0.431,0.2
2026-10-03,12,2026100212,VTPH,0.143,0.791,3.494,1.018,16.371,2.643,51.407,0.249,0.089
2026-10-03,12,2026100212,VTPM,0.01,0.226,0.479,0.399,4.396,0.178,4.396,0.031,0.0
2026-10-03,12,2026100212,VTPO,0.0,0.0,0.0,0.042,1.122,0.37,21.53,0.053,0.009
2026-10-03,12,2026100212,VTPP,0.0,0.003,0.007,0.006,0.138,0.094,3.026,0.027,0.0
2026-10-03,12,2026100212,VTSB,3.117,4.313,18.065,3.742,25.178,6.295,83.665,0.476,0.196
2026-10-03,12,2026100212,VTSC,23.335,14.749,37.711,18.529,95.089,25.898,127.904,0.956,0.636
2026-10-03,12,2026100212,VTSE,7.04,10.57,20.29,12.631,72.927,6.539,72.927,0.556,0.196
2026-10-03,12,2026100212,VTSF,2.364,9.85,39.031,14.864,55.867,19.675,170.912,0.804,0.484
2026-10-03,12,2026100212,VTSG,52.245,17.907,52.245,12.378,72.086,13.391,109.495,0.716,0.342
2026-10-03,12,2026100212,VTSM,0.291,4.826,23.344,8.944,70.38,11.29,74.76,0.773,0.338
2026-10-03,12,2026100212,VTSP,0.203,0.172,0.479,3.291,31.343,4.818,41.139,0.458,0.156
2026-10-03,12,2026100212,VTSR,0.399,1.035,3.473,3.435,26.859,2.278,26.859,0.4,0.058
2026-10-03,12,2026100212,VTSS,0.123,0.588,1.938,7.806,74.421,14.046,85.246,0.693,0.356
2026-10-03,12,2026100212,VTST,19.614,16.121,25.655,21.856,62.389,32.214,125.911,1.0,0.796
2026-10-03,12,2026100212,VTSY,1.131,1.473,2.485,7.317,42.331,19.136,95.81,0.84,0.507
2026-10-03,12,2026100212,VTUD,0.029,0.046,0.249,0.536,9.321,0.594,16.379,0.116,0.009
2026-10-03,12,2026100212,VTUI,0.145,1.208,9.295,0.928,9.295,1.131,25.375,0.236,0.018
2026-10-03,12,2026100212,VTUK,0.673,1.951,14.283,0.541,14.283,0.316,14.283,0.067,0.004
2026-10-03,12,2026100212,VTUL,0.001,0.206,1.703,0.201,3.313,2.243,31.669,0.302,0.076
2026-10-03,12,2026100212,VTUO,0.143,0.128,0.628,0.892,12.21,1.443,28.629,0.253,0.036
2026-10-03,12,2026100212,VTUQ,0.515,0.813,4.216,1.15,6.896,2.331,40.415,0.382,0.044
2026-10-03,12,2026100212,VTUU,11.651,3.968,13.502,2.711,26.42,2.559,36.509,0.32,0.08
2026-10-03,12,2026100212,VTUV,0.371,0.217,0.585,0.285,6.138,0.242,6.138,0.04,0.0
2026-10-03,12,2026100212,VTUW,0.375,0.243,0.843,1.255,11.422,1.167,11.422,0.302,0.009
2026-10-03,18,2026100218,VTBD,1.77,4.359,13.136,2.901,14.402,1.031,18.122,0.204,0.018
2026-10-03,18,2026100218,VTBO,0.002,0.642,5.242,2.635,28.702,3.145,47.086,0.298,0.107
2026-10-03,18,2026100218,VTBS,0.436,1.925,5.003,9.936,59.575,7.275,59.575,0.573,0.227
2026-10-03,18,2026100218,VTCC,1.071,1.43,5.59,1.707,19.747,1.159,19.762,0.16,0.04
2026-10-03,18,2026100218,VTCH,0.035,0.013,0.064,0.06,0.757,0.352,13.813,0.04,0.013
2026-10-03,18,2026100218,VTCL,0.0,0.006,0.047,0.005,0.056,0.067,2.365,0.027,0.0
2026-10-03,18,2026100218,VTCN,2.042,1.428,8.569,0.554,8.569,0.902,46.907,0.129,0.022
2026-10-03,18,2026100218,VTCP,0.059,0.114,0.579,0.026,0.579,1.347,32.163,0.133,0.067
2026-10-03,18,2026100218,VTCT,0.504,1.369,6.592,0.853,6.592,0.697,10.38,0.182,0.009
2026-10-03,18,2026100218,VTPB,0.105,0.761,2.29,3.28,22.255,6.055,89.065,0.356,0.156
2026-10-03,18,2026100218,VTPH,7.419,1.668,7.419,1.499,16.234,2.614,63.833,0.204,0.071
2026-10-03,18,2026100218,VTPM,0.0,0.019,0.15,0.665,14.526,0.285,14.526,0.049,0.004
2026-10-03,18,2026100218,VTPO,0.0,0.0,0.0,0.013,0.468,0.42,34.709,0.058,0.009
2026-10-03,18,2026100218,VTPP,0.506,0.911,6.426,0.45,6.426,0.325,12.167,0.062,0.009
2026-10-03,18,2026100218,VTSB,3.208,7.442,20.335,14.582,77.304,13.911,139.967,0.8,0.396
2026-10-03,18,2026100218,VTSC,0.523,2.394,6.573,22.265,97.527,25.693,114.59,0.853,0.618
2026-10-03,18,2026100218,VTSE,0.055,0.193,0.802,4.016,39.904,5.851,65.125,0.462,0.187
2026-10-03,18,2026100218,VTSF,1.295,2.283,5.039,6.394,33.864,13.11,65.915,0.729,0.422
2026-10-03,18,2026100218,VTSG,1.115,2.591,10.93,2.801,28.518,3.078,35.643,0.404,0.062
2026-10-03,18,2026100218,VTSM,0.601,4.236,18.349,8.215,48.099,7.342,48.099,0.6,0.236
2026-10-03,18,2026100218,VTSP,6.048,7.802,15.748,11.202,69.035,11.1,75.765,0.676,0.316
2026-10-03,18,2026100218,VTSR,11.396,10.739,46.515,4.696,46.515,3.148,46.515,0.413,0.089
2026-10-03,18,2026100218,VTSS,51.237,44.781,83.374,22.971,104.945,13.259,113.712,0.813,0.338
2026-10-03,18,2026100218,VTST,8.266,5.699,19.987,10.076,35.404,27.641,121.081,0.929,0.64
2026-10-03,18,2026100218,VTSY,0.466,0.471,1.271,1.828,13.53,16.796,91.299,0.796,0.507
2026-10-03,18,2026100218,VTUD,0.237,0.71,2.458,2.837,26.173,1.305,26.173,0.204,0.058
2026-10-03,18,2026100218,VTUI,11.09,6.467,24.514,3.181,24.514,1.691,24.514,0.342,0.027
2026-10-03,18,2026100218,VTUK,0.0,0.013,0.117,0.079,2.602,0.322,11.385,0.076,0.009
2026-10-03,18,2026100218,VTUL,15.539,6.245,15.539,2.752,18.618,3.937,64.156,0.444,0.133
2026-10-03,18,2026100218,VTUO,1.02,1.578,5.276,1.433,11.526,0.75,14.436,0.187,0.013
2026-10-03,18,2026100218,VTUQ,5.354,8.627,24.522,8.554,64.188,5.917,65.386,0.493,0.169
2026-10-03,18,2026100218,VTUU,1.065,0.472,1.527,0.337,6.507,0.291,7.705,0.084,0.0
2026-10-03,18,2026100218,VTUV,0.001,0.004,0.023,0.016,0.3,0.141,4.146,0.036,0.0
2026-10-03,18,2026100218,VTUW,7.181,4.871,13.324,4.01,34.128,2.384,34.128,0.382,0.071
2026-10-04,00,2026100300,VTBD,0.0,0.004,0.013,1.637,18.443,1.438,48.425,0.169,0.044
2026-10-04,00,2026100300,VTBO,0.006,0.037,0.115,0.739,10.219,1.47,39.094,0.178,0.04
2026-10-04,00,2026100300,VTBS,2.023,2.903,11.811,1.179,11.811,1.28,48.425,0.142,0.036
2026-10-04,00,2026100300,VTCC,0.037,1.042,7.918,0.524,7.918,0.459,17.381,0.084,0.013
2026-10-04,00,2026100300,VTCH,0.834,1.911,4.738,0.882,5.672,0.528,9.782,0.129,0.0
2026-10-04,00,2026100300,VTCL,0.0,0.0,0.0,0.005,0.128,0.035,1.426,0.013,0.0
2026-10-04,00,2026100300,VTCN,0.195,2.451,12.408,2.176,13.458,3.099,28.491,0.418,0.093
2026-10-04,00,2026100300,VTCP,0.0,0.0,0.0,0.06,1.349,0.56,10.446,0.147,0.004
2026-10-04,00,2026100300,VTCT,2.275,3.128,18.353,0.848,18.353,0.625,18.353,0.138,0.004
2026-10-04,00,2026100300,VTPB,4.038,0.862,4.038,1.944,25.504,5.701,70.529,0.382,0.169
2026-10-04,00,2026100300,VTPH,0.0,0.001,0.008,0.143,3.431,2.789,52.257,0.178,0.093
2026-10-04,00,2026100300,VTPM,0.063,0.096,0.28,0.114,0.502,0.144,2.667,0.009,0.0
2026-10-04,00,2026100300,VTPO,0.0,0.0,0.0,0.0,0.0,0.0,0.0,0.0,0.0
2026-10-04,00,2026100300,VTPP,0.068,0.215,0.99,0.118,1.145,0.139,5.008,0.031,0.0
2026-10-04,00,2026100300,VTSB,3.17,5.005,12.404,12.652,67.193,9.795,77.727,0.711,0.324
2026-10-04,00,2026100300,VTSC,47.866,51.477,76.78,35.875,83.844,19.706,83.844,0.827,0.547
2026-10-04,00,2026100300,VTSE,20.548,19.807,44.414,15.604,61.791,6.683,61.791,0.64,0.244
2026-10-04,00,2026100300,VTSF,0.295,1.911,9.644,5.355,38.037,10.105,105.729,0.578,0.28
2026-10-04,00,2026100300,VTSG,4.679,4.661,12.368,14.816,110.179,15.84,138.682,0.48,0.311
2026-10-04,00,2026100300,VTSM,0.033,0.027,0.11,0.093,0.82,0.316,8.68,0.08,0.0
2026-10-04,00,2026100300,VTSP,15.356,13.533,28.856,10.28,35.728,9.08,43.02,0.76,0.36
2026-10-04,00,2026100300,VTSR,0.38,0.715,1.568,2.954,28.902,1.308,28.902,0.324,0.013
2026-10-04,00,2026100300,VTSS,9.996,23.513,45.802,15.613,53.307,13.43,66.042,0.707,0.427
2026-10-04,00,2026100300,VTST,2.896,4.801,17.184,6.994,55.88,7.341,70.412,0.596,0.227
2026-10-04,00,2026100300,VTSY,0.136,1.24,7.879,2.065,17.45,6.478,70.91,0.609,0.227
2026-10-04,00,2026100300,VTUD,14.44,3.403,14.44,1.322,14.44,0.91,14.44,0.187,0.009
2026-10-04,00,2026100300,VTUI,2.026,3.387,10.389,3.135,15.948,6.117,52.013,0.662,0.187
2026-10-04,00,2026100300,VTUK,0.0,0.014,0.119,0.159,3.53,0.319,22.905,0.062,0.009
2026-10-04,00,2026100300,VTUL,1.173,0.997,3.414,1.332,18.698,2.883,23.983,0.378,0.107
2026-10-04,00,2026100300,VTUO,0.062,0.074,0.486,0.86,9.212,0.681,12.37,0.147,0.018
2026-10-04,00,2026100300,VTUQ,12.098,2.265,12.098,0.466,12.098,0.462,15.222,0.098,0.013
2026-10-04,00,2026100300,VTUU,5.202,1.784,7.466,2.757,27.883,2.327,35.995,0.373,0.08
2026-10-04,00,2026100300,VTUV,0.065,0.404,1.655,0.66,7.592,0.853,16.469,0.182,0.022
2026-10-04,00,2026100300,VTUW,0.0,0.116,0.604,1.589,19.751,4.187,31.776,0.502,0.147
2026-10-04,06,2026100306,VTBD,5.543,1.551,5.543,0.882,13.356,1.695,30.222,0.231,0.058
2026-10-04,06,2026100306,VTBO,1.023,2.539,11.041,2.179,26.665,1.068,26.665,0.147,0.036
2026-10-04,06,2026100306,VTBS,18.917,14.081,30.222,4.288,30.222,2.243,30.222,0.289,0.062
2026-10-04,06,2026100306,VTCC,0.467,0.389,1.471,0.408,3.389,0.684,18.428,0.129,0.009
2026-10-04,06,2026100306,VTCH,0.113,0.778,2.472,1.255,5.491,0.687,5.517,0.204,0.0
2026-10-04,06,2026100306,VTCL,0.0,0.012,0.103,0.284,7.697,0.546,9.602,0.129,0.0
2026-10-04,06,2026100306,VTCN,4.17,4.649,13.638,3.728,28.324,2.638,36.944,0.342,0.076
2026-10-04,06,2026100306,VTCP,0.0,0.0,0.0,0.005,0.082,0.66,18.115,0.133,0.013
2026-10-04,06,2026100306,VTCT,3.318,1.976,11.864,1.287,11.864,3.281,29.347,0.489,0.107
2026-10-04,06,2026100306,VTPB,0.0,0.019,0.14,0.627,13.603,3.252,40.53,0.271,0.12
2026-10-04,06,2026100306,VTPH,0.003,0.047,0.247,2.198,32.466,5.147,68.844,0.333,0.16
2026-10-04,06,2026100306,VTPM,0.26,0.149,0.572,0.278,1.844,0.129,2.745,0.044,0.0
2026-10-04,06,2026100306,VTPO,0.0,0.002,0.018,0.01,0.34,0.008,0.34,0.0,0.0
2026-10-04,06,2026100306,VTPP,0.0,0.0,0.0,0.002,0.042,0.096,2.546,0.031,0.0
2026-10-04,06,2026100306,VTSB,2.484,8.418,39.297,7.054,39.297,8.058,64.827,0.702,0.236
2026-10-04,06,2026100306,VTSC,46.674,53.052,108.347,53.046,171.515,32.869,171.515,1.0,0.742
2026-10-04,06,2026100306,VTSE,6.355,7.156,16.426,11.867,52.174,6.961,58.27,0.684,0.244
2026-10-04,06,2026100306,VTSF,0.0,0.04,0.298,0.825,17.262,10.65,80.975,0.582,0.284
2026-10-04,06,2026100306,VTSG,0.251,0.216,0.462,4.083,43.799,7.125,54.67,0.591,0.231
2026-10-04,06,2026100306,VTSM,0.032,0.385,1.897,1.148,13.769,0.788,15.127,0.138,0.022
2026-10-04,06,2026100306,VTSP,4.275,4.71,6.969,2.805,9.28,3.683,30.378,0.613,0.089
2026-10-04,06,2026100306,VTSR,3.257,2.05,3.257,3.224,25.119,2.533,25.119,0.524,0.062
2026-10-04,06,2026100306,VTSS,0.051,0.372,1.231,1.262,11.243,0.711,15.381,0.124,0.018
2026-10-04,06,2026100306,VTST,0.816,1.441,3.421,3.189,16.491,4.382,31.877,0.662,0.12
2026-10-04,06,2026100306,VTSY,0.058,0.104,0.244,0.58,3.626,3.104,46.357,0.467,0.084
2026-10-04,06,2026100306,VTUD,0.782,0.82,3.669,1.244,7.783,1.886,29.819,0.333,0.036
2026-10-04,06,2026100306,VTUI,0.204,1.049,6.482,6.244,34.518,10.305,63.303,0.751,0.382
2026-10-04,06,2026100306,VTUK,0.464,1.913,10.138,1.762,13.832,2.609,28.318,0.342,0.098
2026-10-04,06,2026100306,VTUL,13.324,9.764,21.183,5.742,24.966,6.151,36.652,0.76,0.249
2026-10-04,06,2026100306,VTUO,0.001,0.002,0.009,0.141,2.262,0.78,20.022,0.147,0.018
2026-10-04,06,2026100306,VTUQ,1.132,1.334,6.47,0.729,6.47,1.189,16.441,0.276,0.018
2026-10-04,06,2026100306,VTUU,22.082,5.969,22.082,3.51,25.612,1.987,25.612,0.316,0.053
2026-10-04,06,2026100306,VTUV,0.001,0.096,0.63,1.181,11.809,0.966,15.987,0.227,0.018
2026-10-04,06,2026100306,VTUW,0.011,0.123,0.393,0.923,8.771,1.533,23.838,0.253,0.044
2026-10-04,12,2026100312,VTBD,0.0,0.183,0.827,0.814,9.513,0.828,13.356,0.156,0.004
2026-10-04,12,2026100312,VTBO,0.004,0.259,1.007,0.577,11.936,1.827,53.918,0.16,0.058
2026-10-04,12,2026100312,VTBS,0.955,1.239,3.656,4.66,25.628,4.088,45.34,0.52,0.102
2026-10-04,12,2026100312,VTCC,0.0,0.004,0.03,0.721,10.359,0.717,12.714,0.147,0.009
2026-10-04,12,2026100312,VTCH,0.542,0.238,0.542,0.194,2.132,0.175,3.357,0.044,0.0
2026-10-04,12,2026100312,VTCL,0.039,0.573,2.444,0.421,3.498,0.843,20.072,0.16,0.022
2026-10-04,12,2026100312,VTCN,0.255,0.349,1.097,0.866,9.344,2.107,46.202,0.236,0.067
2026-10-04,12,2026100312,VTCP,0.0,0.029,0.18,0.455,11.606,1.463,31.077,0.244,0.044
2026-10-04,12,2026100312,VTCT,0.011,0.004,0.011,0.004,0.035,0.435,13.724,0.08,0.013
2026-10-04,12,2026100312,VTPB,0.0,0.012,0.056,1.384,26.275,2.363,36.005,0.249,0.084
2026-10-04,12,2026100312,VTPH,0.077,0.075,0.368,0.593,4.508,3.775,51.972,0.36,0.111
2026-10-04,12,2026100312,VTPM,0.0,0.008,0.059,0.037,0.694,0.086,1.997,0.013,0.0
2026-10-04,12,2026100312,VTPO,0.007,0.007,0.018,0.003,0.018,0.017,1.215,0.004,0.0
2026-10-04,12,2026100312,VTPP,0.224,0.516,2.837,0.749,14.139,0.569,26.815,0.107,0.009
2026-10-04,12,2026100312,VTSB,7.789,9.813,28.733,9.284,34.447,11.196,64.43,0.84,0.364
2026-10-04,12,2026100312,VTSC,23.015,26.241,46.538,28.43,67.027,28.045,115.063,0.964,0.764
2026-10-04,12,2026100312,VTSE,43.892,32.516,49.203,13.309,49.203,6.724,70.261,0.516,0.204
2026-10-04,12,2026100312,VTSF,4.541,9.065,40.253,6.321,40.253,9.382,71.995,0.587,0.293
2026-10-04,12,2026100312,VTSG,0.443,1.325,3.335,4.375,31.662,9.446,85.485,0.564,0.271
2026-10-04,12,2026100312,VTSM,0.027,0.135,0.628,0.83,10.152,1.953,25.843,0.347,0.049
2026-10-04,12,2026100312,VTSP,0.471,0.742,1.443,1.664,9.91,2.513,21.207,0.493,0.053
2026-10-04,12,2026100312,VTSR,0.291,0.414,1.503,0.973,4.937,1.372,12.985,0.373,0.013
2026-10-04,12,2026100312,VTSS,5.845,9.386,21.799,9.004,36.157,5.073,47.66,0.409,0.182
2026-10-04,12,2026100312,VTST,2.791,1.299,2.791,2.103,8.923,7.421,81.388,0.689,0.209
2026-10-04,12,2026100312,VTSY,4.188,6.198,12.861,16.886,73.298,13.939,89.774,0.929,0.409
2026-10-04,12,2026100312,VTUD,0.152,0.538,3.21,1.222,10.178,0.746,11.821,0.147,0.013
2026-10-04,12,2026100312,VTUI,0.04,0.472,2.471,1.801,21.981,2.797,28.676,0.36,0.098
2026-10-04,12,2026100312,VTUK,7.333,4.343,18.237,1.4,18.237,0.592,18.237,0.124,0.009
2026-10-04,12,2026100312,VTUL,3.671,4.558,14.676,4.279,33.616,3.393,35.197,0.44,0.107
2026-10-04,12,2026100312,VTUO,9.829,2.665,9.829,1.599,20.917,1.221,21.928,0.173,0.036
2026-10-04,12,2026100312,VTUQ,0.066,0.428,2.133,0.674,8.135,1.429,36.026,0.222,0.031
2026-10-04,12,2026100312,VTUU,16.029,4.495,16.029,1.775,16.029,0.838,16.029,0.187,0.009
2026-10-04,12,2026100312,VTUV,0.0,0.201,1.155,3.286,46.655,2.705,68.4,0.271,0.071
2026-10-04,12,2026100312,VTUW,1.416,2.195,7.816,4.314,25.476,2.961,25.476,0.436,0.111
2026-10-04,18,2026100318,VTBD,1.675,0.743,2.927,1.424,12.395,2.26,36.644,0.351,0.062
2026-10-04,18,2026100318,VTBO,0.731,0.66,3.416,1.657,15.017,3.382,68.925,0.32,0.093
2026-10-04,18,2026100318,VTBS,17.556,10.165,23.666,6.019,26.022,5.68,42.145,0.644,0.196
2026-10-04,18,2026100318,VTCC,0.0,0.034,0.189,1.313,19.918,2.067,29.426,0.227,0.076
2026-10-04,18,2026100318,VTCH,0.499,0.199,0.613,0.161,0.942,0.261,3.57,0.053,0.0
2026-10-04,18,2026100318,VTCL,0.0,0.0,0.0,0.007,0.157,0.062,3.845,0.013,0.0
2026-10-04,18,2026100318,VTCN,1.193,1.482,4.479,2.4,23.977,2.754,69.411,0.311,0.071
2026-10-04,18,2026100318,VTCP,0.0,0.0,0.0,0.008,0.106,0.729,22.166,0.111,0.018
2026-10-04,18,2026100318,VTCT,0.003,0.395,1.524,2.418,16.385,3.296,23.857,0.533,0.089
2026-10-04,18,2026100318,VTPB,0.0,0.11,0.764,2.448,32.13,3.735,52.796,0.298,0.12
2026-10-04,18,2026100318,VTPH,0.032,0.105,0.345,1.219,15.569,3.925,49.945,0.342,0.124
2026-10-04,18,2026100318,VTPM,0.445,0.213,0.919,0.074,0.919,0.134,4.426,0.031,0.0
2026-10-04,18,2026100318,VTPO,0.013,0.267,1.491,0.588,11.356,0.614,13.706,0.133,0.018
2026-10-04,18,2026100318,VTPP,0.003,0.014,0.038,0.015,0.094,0.08,3.562,0.013,0.0
2026-10-04,18,2026100318,VTSB,25.827,12.944,25.827,8.589,28.765,11.109,61.214,0.711,0.409
2026-10-04,18,2026100318,VTSC,28.88,28.362,41.964,28.063,85.209,23.661,85.209,1.0,0.747
2026-10-04,18,2026100318,VTSE,10.83,10.926,35.615,8.387,42.42,7.416,57.459,0.698,0.227
2026-10-04,18,2026100318,VTSF,13.066,11.847,25.238,8.365,31.186,12.573,82.458,0.689,0.369
2026-10-04,18,2026100318,VTSG,0.035,0.297,1.777,0.263,1.972,0.918,17.141,0.182,0.022
2026-10-04,18,2026100318,VTSM,0.02,0.073,0.202,0.122,0.541,0.884,29.434,0.071,0.031
2026-10-04,18,2026100318,VTSP,0.146,0.298,0.59,0.421,1.53,1.195,29.239,0.231,0.031
2026-10-04,18,2026100318,VTSR,2.33,1.387,2.33,0.782,2.33,0.694,5.405,0.236,0.0
2026-10-04,18,2026100318,VTSS,0.0,0.009,0.022,0.104,0.997,2.165,39.8,0.271,0.076
2026-10-04,18,2026100318,VTST,1.686,7.547,15.531,9.008,38.806,5.09,38.806,0.702,0.173
2026-10-04,18,2026100318,VTSY,0.236,0.203,0.578,1.835,16.726,5.947,70.663,0.613,0.187
2026-10-04,18,2026100318,VTUD,2.809,1.906,7.197,2.373,14.307,2.473,33.53,0.427,0.058
2026-10-04,18,2026100318,VTUI,10.33,7.793,28.277,9.797,33.325,4.682,33.325,0.604,0.169
2026-10-04,18,2026100318,VTUK,0.005,0.72,5.764,0.696,10.255,0.908,17.778,0.182,0.022
2026-10-04,18,2026100318,VTUL,0.012,0.065,0.218,0.618,11.957,4.217,79.248,0.378,0.124
2026-10-04,18,2026100318,VTUO,1.897,2.843,13.067,1.641,29.762,1.004,29.762,0.142,0.027
2026-10-04,18,2026100318,VTUQ,1.763,0.344,1.763,0.692,9.355,1.202,22.139,0.196,0.036
2026-10-04,18,2026100318,VTUU,1.659,4.9,21.348,2.582,21.348,1.905,21.348,0.258,0.067
2026-10-04,18,2026100318,VTUV,1.235,1.071,4.291,1.114,11.969,2.242,33.158,0.347,0.08
2026-10-04,18,2026100318,VTUW,0.066,0.284,0.887,1.575,10.057,1.951,18.61,0.4,0.044
2026-10-05,00,2026100400,VTBD,0.253,1.27,3.555,5.975,41.318,9.075,87.832,0.831,0.307
2026-10-05,00,2026100400,VTBO,0.5,1.57,4.684,8.096,39.179,7.252,48.415,0.462,0.258
2026-10-05,00,2026100400,VTBS,26.652,12.853,26.934,6.739,30.688,4.668,33.421,0.729,0.129
2026-10-05,00,2026100400,VTCC,1.943,3.391,10.377,9.258,47.209,21.399,117.62,0.938,0.587
2026-10-05,00,2026100400,VTCH,18.185,11.914,33.524,8.449,33.613,7.723,61.483,0.804,0.258
2026-10-05,00,2026100400,VTCL,11.571,16.005,43.904,10.605,43.904,11.548,53.869,0.956,0.449
2026-10-05,00,2026100400,VTCN,8.423,10.027,25.061,14.681,67.536,16.172,107.523,0.951,0.427
2026-10-05,00,2026100400,VTCP,2.754,5.939,20.352,7.619,41.322,6.581,61.133,0.671,0.218
2026-10-05,00,2026100400,VTCT,24.055,29.837,53.738,37.811,84.994,35.75,117.355,1.0,0.956
2026-10-05,00,2026100400,VTPB,0.218,0.4,1.375,0.855,5.071,5.688,105.303,0.547,0.164
2026-10-05,00,2026100400,VTPH,0.001,0.009,0.054,0.117,1.537,3.424,61.389,0.271,0.102
2026-10-05,00,2026100400,VTPM,0.071,0.487,2.309,2.642,42.258,7.182,54.787,0.711,0.249
2026-10-05,00,2026100400,VTPO,2.177,2.28,6.234,4.214,21.973,9.574,49.04,0.747,0.356
2026-10-05,00,2026100400,VTPP,0.113,0.246,1.117,1.124,8.703,2.172,31.09,0.329,0.049
2026-10-05,00,2026100400,VTSB,2.791,2.026,6.627,2.135,23.289,5.006,54.906,0.569,0.156
2026-10-05,00,2026100400,VTSC,0.534,1.683,7.449,8.168,61.015,18.151,85.239,0.707,0.449
2026-10-05,00,2026100400,VTSE,1.255,1.643,8.043,7.461,51.6,9.249,92.692,0.547,0.253
2026-10-05,00,2026100400,VTSF,2.948,2.669,11.545,8.954,66.828,12.43,113.089,0.587,0.342
2026-10-05,00,2026100400,VTSG,0.005,0.005,0.02,0.306,8.013,3.566,54.78,0.218,0.107
2026-10-05,00,2026100400,VTSM,0.016,0.811,4.584,2.379,17.011,3.96,77.938,0.458,0.093
2026-10-05,00,2026100400,VTSP,0.484,0.43,1.134,0.199,1.134,0.26,2.523,0.067,0.0
2026-10-05,00,2026100400,VTSR,0.378,4.205,21.028,5.17,21.028,2.616,23.459,0.52,0.067
2026-10-05,00,2026100400,VTSS,32.193,27.947,48.745,19.056,48.745,16.263,94.587,0.871,0.493
2026-10-05,00,2026100400,VTST,0.458,1.313,3.694,3.702,19.695,3.28,31.51,0.489,0.102
2026-10-05,00,2026100400,VTSY,0.19,0.188,0.361,2.846,16.68,10.082,72.035,0.76,0.311
2026-10-05,00,2026100400,VTUD,0.62,0.307,0.735,1.48,12.319,6.111,50.271,0.613,0.191
2026-10-05,00,2026100400,VTUI,14.591,8.235,16.507,4.135,16.507,2.325,23.943,0.391,0.058
2026-10-05,00,2026100400,VTUK,2.916,7.551,27.649,12.283,49.322,19.171,128.458,0.898,0.507
2026-10-05,00,2026100400,VTUL,18.709,19.537,35.858,20.106,51.559,15.639,73.76,0.911,0.538
2026-10-05,00,2026100400,VTUO,0.1,0.928,2.462,1.507,9.664,4.202,46.751,0.569,0.133
2026-10-05,00,2026100400,VTUQ,1.395,2.445,5.872,8.968,49.498,12.902,55.948,0.969,0.462
2026-10-05,00,2026100400,VTUU,5.005,6.861,26.085,3.97,30.524,2.352,30.524,0.387,0.071
2026-10-05,00,2026100400,VTUV,1.738,8.515,27.117,7.646,37.957,4.823,37.957,0.609,0.182
2026-10-05,00,2026100400,VTUW,2.171,3.449,13.537,1.23,13.537,0.868,14.254,0.191,0.018
2026-10-05,06,2026100406,VTBD,0.027,0.11,0.484,1.313,13.422,1.346,21.681,0.196,0.053
2026-10-05,06,2026100406,VTBO,40.991,24.414,42.408,19.416,73.134,13.181,88.899,0.756,0.413
2026-10-05,06,2026100406,VTBS,0.014,0.903,4.861,2.146,24.155,1.621,28.237,0.191,0.062
2026-10-05,06,2026100406,VTCC,0.617,1.828,4.703,3.628,18.928,5.831,43.153,0.787,0.178
2026-10-05,06,2026100406,VTCH,0.343,2.037,8.887,4.134,23.406,6.003,55.893,0.693,0.178
2026-10-05,06,2026100406,VTCL,2.432,5.37,20.621,2.915,20.621,3.013,25.739,0.467,0.098
2026-10-05,06,2026100406,VTCN,0.0,0.0,0.0,0.017,0.667,0.186,14.195,0.036,0.004
2026-10-05,06,2026100406,VTCP,0.017,0.072,0.304,1.384,17.101,3.813,47.136,0.36,0.138
2026-10-05,06,2026100406,VTCT,5.645,4.359,8.275,11.802,36.313,12.45,69.025,0.844,0.413
2026-10-05,06,2026100406,VTPB,0.405,0.782,2.605,3.649,28.546,4.107,56.498,0.507,0.116
2026-10-05,06,2026100406,VTPH,4.987,3.539,8.723,4.979,41.842,8.195,57.678,0.529,0.276
2026-10-05,06,2026100406,VTPM,0.544,2.137,3.663,8.892,29.408,5.836,63.664,0.684,0.169
2026-10-05,06,2026100406,VTPO,6.01,4.619,11.058,8.442,39.92,7.998,67.616,0.604,0.271
2026-10-05,06,2026100406,VTPP,4.164,2.609,8.869,8.57,67.984,8.774,67.984,0.827,0.271
2026-10-05,06,2026100406,VTSB,23.249,16.476,46.331,10.354,86.941,7.321,86.941,0.671,0.204
2026-10-05,06,2026100406,VTSC,0.341,1.014,2.265,9.733,80.53,17.66,134.363,0.72,0.444
2026-10-05,06,2026100406,VTSE,0.167,0.798,2.707,3.484,28.517,7.077,80.823,0.431,0.182
2026-10-05,06,2026100406,VTSF,11.362,13.557,38.786,21.229,77.952,22.14,93.208,0.956,0.667
2026-10-05,06,2026100406,VTSG,5.935,5.499,15.386,16.667,155.894,12.886,155.894,0.622,0.298
2026-10-05,06,2026100406,VTSM,0.009,0.096,0.672,1.019,8.372,3.919,57.586,0.364,0.133
2026-10-05,06,2026100406,VTSP,12.914,7.828,20.494,4.364,20.494,1.911,20.494,0.316,0.058
2026-10-05,06,2026100406,VTSR,6.615,6.631,12.286,5.731,23.206,5.136,31.012,0.662,0.187
2026-10-05,06,2026100406,VTSS,4.564,12.117,31.305,16.697,65.912,18.54,103.596,0.942,0.507
2026-10-05,06,2026100406,VTST,1.793,3.706,11.186,8.614,70.621,12.207,86.762,0.636,0.324
2026-10-05,06,2026100406,VTSY,0.243,0.251,0.665,1.905,16.507,10.901,79.224,0.813,0.378
2026-10-05,06,2026100406,VTUD,2.172,2.239,3.12,2.099,5.626,2.269,10.58,0.507,0.022
2026-10-05,06,2026100406,VTUI,29.867,23.92,35.985,20.074,48.12,28.611,109.39,1.0,0.911
2026-10-05,06,2026100406,VTUK,0.016,0.024,0.099,0.381,5.691,0.905,6.848,0.267,0.0
2026-10-05,06,2026100406,VTUL,0.017,0.034,0.134,0.112,1.955,0.104,5.313,0.013,0.0
2026-10-05,06,2026100406,VTUO,0.406,1.06,2.437,2.353,19.201,2.577,23.143,0.48,0.067
2026-10-05,06,2026100406,VTUQ,0.122,1.481,9.736,1.741,10.295,1.749,20.436,0.484,0.018
2026-10-05,06,2026100406,VTUU,0.077,0.114,0.254,0.833,16.963,0.895,16.963,0.231,0.009
2026-10-05,06,2026100406,VTUV,2.337,6.034,26.639,3.04,26.639,2.512,26.726,0.44,0.067
2026-10-05,06,2026100406,VTUW,7.642,8.226,19.682,13.156,111.382,11.133,111.382,0.72,0.338
2026-10-05,12,2026100412,VTBD,0.707,2.363,11.08,1.586,23.168,4.975,61.661,0.582,0.156
2026-10-05,12,2026100412,VTBO,3.58,5.991,14.498,6.68,36.99,3.934,38.341,0.387,0.133
2026-10-05,12,2026100412,VTBS,42.101,36.016,61.661,15.127,61.661,7.678,61.661,0.729,0.307
2026-10-05,12,2026100412,VTCC,31.602,47.141,101.908,26.852,101.908,24.515,117.257,0.996,0.724
2026-10-05,12,2026100412,VTCH,45.575,26.742,45.575,18.006,46.569,12.728,46.631,0.933,0.471
2026-10-05,12,2026100412,VTCL,0.606,1.416,7.696,3.775,39.681,7.826,63.074,0.831,0.267
2026-10-05,12,2026100412,VTCN,0.003,0.291,1.954,1.896,23.621,4.448,49.007,0.458,0.133
2026-10-05,12,2026100412,VTCP,0.5,1.34,7.466,3.787,49.29,8.48,50.943,0.698,0.284
2026-10-05,12,2026100412,VTCT,0.877,0.722,1.055,1.125,6.599,6.45,58.339,0.644,0.218
2026-10-05,12,2026100412,VTPB,4.421,4.358,6.159,9.014,45.152,24.675,131.224,0.996,0.671
2026-10-05,12,2026100412,VTPH,12.629,12.83,24.234,11.265,37.468,13.662,107.356,0.676,0.356
2026-10-05,12,2026100412,VTPM,1.127,5.916,22.448,5.869,38.454,7.955,58.163,0.671,0.267
2026-10-05,12,2026100412,VTPO,0.197,0.428,1.954,0.551,3.816,2.854,55.182,0.378,0.084
2026-10-05,12,2026100412,VTPP,2.029,2.358,4.489,4.902,32.506,5.563,50.841,0.729,0.178
2026-10-05,12,2026100412,VTSB,0.383,0.548,1.619,2.232,19.433,4.557,58.611,0.476,0.138
2026-10-05,12,2026100412,VTSC,64.949,84.404,101.829,80.912,173.329,66.903,185.512,1.0,1.0
2026-10-05,12,2026100412,VTSE,20.312,11.614,21.207,6.74,24.787,7.478,88.922,0.702,0.24
2026-10-05,12,2026100412,VTSF,16.332,17.102,36.475,9.001,37.797,10.304,94.104,0.533,0.302
2026-10-05,12,2026100412,VTSG,0.009,0.084,0.312,0.911,22.837,8.517,121.199,0.324,0.209
2026-10-05,12,2026100412,VTSM,0.319,0.312,0.953,0.538,6.494,2.494,64.931,0.267,0.067
2026-10-05,12,2026100412,VTSP,0.02,0.401,2.431,2.097,14.61,1.202,14.61,0.218,0.036
2026-10-05,12,2026100412,VTSR,1.82,2.052,7.365,2.005,7.365,1.872,32.243,0.444,0.027
2026-10-05,12,2026100412,VTSS,106.519,73.192,109.426,32.295,109.426,14.435,109.426,0.773,0.404
2026-10-05,12,2026100412,VTST,0.172,1.497,8.528,0.575,8.528,2.167,69.053,0.236,0.031
2026-10-05,12,2026100412,VTSY,0.064,0.07,0.133,0.26,2.418,3.488,39.673,0.462,0.084
2026-10-05,12,2026100412,VTUD,1.169,1.508,3.602,4.563,18.379,16.269,50.828,0.942,0.604
2026-10-05,12,2026100412,VTUI,10.833,9.116,21.043,4.528,21.043,5.892,33.126,0.738,0.218
2026-10-05,12,2026100412,VTUK,40.574,29.946,46.887,20.056,53.238,22.111,109.971,0.956,0.671
2026-10-05,12,2026100412,VTUL,4.043,6.308,10.821,12.216,35.914,20.468,118.773,0.969,0.609
2026-10-05,12,2026100412,VTUO,71.578,50.694,82.142,22.808,82.142,17.867,94.441,0.956,0.613
2026-10-05,12,2026100412,VTUQ,24.218,25.749,31.329,21.951,50.8,26.514,85.63,0.996,0.796
2026-10-05,12,2026100412,VTUU,0.906,1.291,3.5,1.085,4.972,1.812,22.205,0.387,0.036
2026-10-05,12,2026100412,VTUV,13.04,10.774,21.395,5.451,21.395,3.745,34.321,0.524,0.102
2026-10-05,12,2026100412,VTUW,3.174,2.131,5.777,0.886,5.777,1.205,17.365,0.302,0.013
2026-10-05,18,2026100418,VTBD,13.964,13.629,23.098,20.847,57.997,29.425,118.686,0.916,0.591
2026-10-05,18,2026100418,VTBO,10.876,9.596,20.779,14.456,64.782,10.481,97.613,0.564,0.342
2026-10-05,18,2026100418,VTBS,0.283,0.282,0.509,0.884,9.96,6.487,35.032,0.662,0.244
2026-10-05,18,2026100418,VTCC,2.586,5.389,12.516,3.849,12.516,6.371,41.862,0.867,0.191
2026-10-05,18,2026100418,VTCH,0.073,0.045,0.131,0.465,9.324,3.063,36.304,0.356,0.098
2026-10-05,18,2026100418,VTCL,0.707,0.879,1.512,6.489,32.361,9.263,49.708,0.84,0.311
2026-10-05,18,2026100418,VTCN,27.831,28.071,41.779,25.751,74.593,14.93,78.196,0.791,0.467
2026-10-05,18,2026100418,VTCP,12.13,11.381,28.626,15.746,64.367,11.348,64.367,0.844,0.373
2026-10-05,18,2026100418,VTCT,4.749,5.129,7.418,10.228,38.224,18.649,102.691,0.982,0.636
2026-10-05,18,2026100418,VTPB,0.377,0.277,0.45,0.224,1.816,7.447,115.055,0.511,0.209
2026-10-05,18,2026100418,VTPH,0.0,0.0,0.0,0.021,0.541,1.324,51.744,0.111,0.044
2026-10-05,18,2026100418,VTPM,1.588,1.988,7.36,5.416,65.471,8.454,65.471,0.769,0.28
2026-10-05,18,2026100418,VTPO,10.059,21.851,63.398,17.872,64.442,13.801,64.442,0.889,0.502
2026-10-05,18,2026100418,VTPP,28.651,25.471,32.322,17.794,50.98,11.025,57.037,0.76,0.347
2026-10-05,18,2026100418,VTSB,12.089,9.237,24.694,6.768,27.847,5.333,60.374,0.462,0.187
2026-10-05,18,2026100418,VTSC,53.192,68.813,125.292,71.334,140.903,54.873,140.903,0.951,0.88
2026-10-05,18,2026100418,VTSE,1.137,6.342,13.122,8.418,38.486,13.182,131.282,0.724,0.302
2026-10-05,18,2026100418,VTSF,1.351,1.67,7.034,5.854,43.431,8.861,67.875,0.547,0.253
2026-10-05,18,2026100418,VTSG,0.0,0.028,0.237,0.368,5.48,2.846,61.085,0.204,0.098
2026-10-05,18,2026100418,VTSM,11.427,15.809,42.68,7.807,42.68,5.085,62.258,0.538,0.156
2026-10-05,18,2026100418,VTSP,0.012,0.147,0.835,0.241,1.089,1.159,9.859,0.276,0.0
2026-10-05,18,2026100418,VTSR,1.914,1.309,3.759,1.642,14.351,2.068,22.761,0.382,0.058
2026-10-05,18,2026100418,VTSS,5.253,7.474,26.858,11.291,67.177,11.252,78.606,0.609,0.289
2026-10-05,18,2026100418,VTST,7.556,2.578,7.556,0.594,7.556,1.962,23.182,0.284,0.062
2026-10-05,18,2026100418,VTSY,0.209,0.309,0.917,0.945,17.063,5.374,81.754,0.462,0.138
2026-10-05,18,2026100418,VTUD,0.539,0.369,0.951,0.733,6.372,3.9,58.277,0.404,0.093
2026-10-05,18,2026100418,VTUI,0.057,0.604,3.653,0.962,10.679,1.958,31.55,0.253,0.071
2026-10-05,18,2026100418,VTUK,4.372,3.903,13.045,6.071,21.968,7.255,54.36,0.693,0.276
2026-10-05,18,2026100418,VTUL,21.825,17.922,30.686,13.323,34.192,11.196,49.964,0.907,0.44
2026-10-05,18,2026100418,VTUO,0.046,1.045,3.403,6.58,44.136,12.864,68.339,0.738,0.413
2026-10-05,18,2026100418,VTUQ,6.762,3.838,11.667,4.04,18.92,4.974,38.958,0.711,0.16
2026-10-05,18,2026100418,VTUU,2.362,2.328,8.488,3.401,26.715,1.923,35.641,0.178,0.071
2026-10-05,18,2026100418,VTUV,0.25,0.349,1.17,0.882,9.193,2.864,27.734,0.467,0.08
2026-10-05,18,2026100418,VTUW,0.03,0.121,0.657,1.61,19.508,4.219,46.267,0.453,0.147
2026-10-06,00,2026100500,VTBD,0.287,0.422,0.72,2.662,16.398,4.011,33.091,0.636,0.107
2026-10-06,00,2026100500,VTBO,25.339,19.979,32.842,13.055,47.207,9.457,53.853,0.769,0.333
2026-10-06,00,2026100500,VTBS,0.897,1.135,2.444,1.412,9.136,1.153,11.564,0.311,0.004
2026-10-06,00,2026100500,VTCC,18.197,12.713,24.014,14.739,54.213,10.513,55.274,0.947,0.333
2026-10-06,00,2026100500,VTCH,0.058,0.793,4.222,4.644,45.972,4.599,45.972,0.596,0.178
2026-10-06,00,2026100500,VTCL,1.65,3.94,11.058,3.333,25.192,5.116,44.834,0.542,0.16
2026-10-06,00,2026100500,VTCN,5.219,9.53,24.163,4.979,24.163,3.243,43.066,0.436,0.102
2026-10-06,00,2026100500,VTCP,2.072,3.607,7.921,2.405,13.293,3.167,47.229,0.444,0.071
2026-10-06,00,2026100500,VTCT,3.897,2.103,3.897,3.772,29.986,7.371,39.127,0.818,0.293
2026-10-06,00,2026100500,VTPB,0.001,0.021,0.114,0.111,1.046,0.138,1.635,0.018,0.0
2026-10-06,00,2026100500,VTPH,3.698,4.963,7.958,12.636,45.121,15.82,72.3,0.973,0.573
2026-10-06,00,2026100500,VTPM,16.493,13.239,22.903,5.771,27.96,3.245,43.536,0.382,0.107
2026-10-06,00,2026100500,VTPO,0.117,0.849,2.701,3.765,27.445,12.256,65.819,0.813,0.373
2026-10-06,00,2026100500,VTPP,0.682,2.519,9.607,10.187,42.924,13.104,83.009,0.858,0.427
2026-10-06,00,2026100500,VTSB,47.655,53.693,73.754,59.192,138.958,34.772,138.958,0.88,0.662
2026-10-06,00,2026100500,VTSC,19.731,19.096,30.974,19.304,73.301,38.88,172.085,0.822,0.676
2026-10-06,00,2026100500,VTSE,1.959,0.717,1.959,0.828,9.009,4.607,109.964,0.391,0.107
2026-10-06,00,2026100500,VTSF,0.344,1.735,9.773,4.759,32.593,13.643,117.161,0.716,0.4
2026-10-06,00,2026100500,VTSG,0.368,1.208,5.94,5.243,56.953,4.991,60.728,0.387,0.164
2026-10-06,00,2026100500,VTSM,1.184,1.938,9.151,1.057,15.32,4.515,84.488,0.351,0.102
2026-10-06,00,2026100500,VTSP,0.001,0.01,0.039,0.03,0.311,0.551,24.611,0.129,0.009
2026-10-06,00,2026100500,VTSR,1.837,9.465,50.78,17.022,113.134,11.622,113.134,0.591,0.298
2026-10-06,00,2026100500,VTSS,19.554,23.443,59.049,23.253,81.146,20.168,81.146,0.911,0.684
2026-10-06,00,2026100500,VTST,0.131,0.468,2.151,2.896,31.052,4.199,31.052,0.578,0.142
2026-10-06,00,2026100500,VTSY,0.098,0.202,0.533,1.647,13.321,8.077,69.566,0.707,0.267
2026-10-06,00,2026100500,VTUD,0.0,0.001,0.006,0.0,0.006,0.0,0.009,0.0,0.0
2026-10-06,00,2026100500,VTUI,0.0,0.0,0.0,0.0,0.0,0.0,0.0,0.0,0.0
2026-10-06,00,2026100500,VTUK,0.0,0.0,0.0,0.0,0.0,0.0,0.0,0.0,0.0
2026-10-06,00,2026100500,VTUL,0.006,0.011,0.065,0.231,3.177,1.178,18.465,0.262,0.022
2026-10-06,00,2026100500,VTUO,0.0,0.0,0.0,0.001,0.013,0.049,1.125,0.004,0.0
2026-10-06,00,2026100500,VTUQ,0.0,0.005,0.024,0.021,0.391,0.054,0.87,0.0,0.0
2026-10-06,00,2026100500,VTUU,0.028,0.016,0.038,0.012,0.07,0.015,0.253,0.0,0.0
2026-10-06,00,2026100500,VTUV,0.0,0.0,0.0,0.0,0.001,0.001,0.089,0.0,0.0
2026-10-06,00,2026100500,VTUW,0.0,0.0,0.0,0.0,0.0,0.0,0.001,0.0,0.0
2026-10-06,06,2026100506,VTBD,2.407,2.738,4.9,2.972,9.489,4.055,33.214,0.52,0.116
2026-10-06,06,2026100506,VTBO,0.14,0.17,0.332,0.504,3.129,1.079,12.751,0.231,0.009
2026-10-06,06,2026100506,VTBS,1.626,2.837,15.918,1.908,28.179,1.495,35.008,0.231,0.031
2026-10-06,06,2026100506,VTCC,11.946,17.693,36.977,19.892,61.793,10.262,61.793,0.787,0.36
2026-10-06,06,2026100506,VTCH,0.07,0.495,2.338,6.445,56.528,10.863,64.265,0.64,0.356
2026-10-06,06,2026100506,VTCL,47.362,35.999,57.048,19.779,64.755,16.897,78.988,0.876,0.516
2026-10-06,06,2026100506,VTCN,0.652,1.729,6.351,0.708,6.636,2.864,42.92,0.316,0.076
2026-10-06,06,2026100506,VTCP,2.151,1.765,3.752,1.731,7.277,4.894,40.281,0.587,0.169
2026-10-06,06,2026100506,VTCT,1.088,1.247,2.017,1.921,5.928,2.311,10.022,0.68,0.004
2026-10-06,06,2026100506,VTPB,0.0,0.0,0.0,0.001,0.016,0.065,2.869,0.018,0.0
2026-10-06,06,2026100506,VTPH,15.379,12.861,20.225,10.202,27.64,12.972,69.424,0.982,0.471
2026-10-06,06,2026100506,VTPM,0.019,0.013,0.034,0.841,12.619,1.032,29.901,0.156,0.036
2026-10-06,06,2026100506,VTPO,2.318,2.441,4.636,5.353,36.186,7.214,64.918,0.782,0.227
2026-10-06,06,2026100506,VTPP,0.141,0.588,1.7,5.578,31.936,7.801,37.479,0.644,0.258
2026-10-06,06,2026100506,VTSB,6.082,9.94,36.511,10.977,67.484,7.891,67.484,0.596,0.213
2026-10-06,06,2026100506,VTSC,4.416,7.838,17.269,10.904,57.103,15.186,114.806,0.658,0.382
2026-10-06,06,2026100506,VTSE,46.694,36.473,74.771,30.527,74.771,25.768,97.009,0.991,0.72
2026-10-06,06,2026100506,VTSF,12.239,17.803,45.695,10.022,45.695,12.971,71.503,0.809,0.413
2026-10-06,06,2026100506,VTSG,29.405,27.846,66.211,18.064,66.211,10.65,66.211,0.716,0.333
2026-10-06,06,2026100506,VTSM,1.306,2.704,8.754,5.327,39.112,4.381,45.091,0.449,0.12
2026-10-06,06,2026100506,VTSP,0.05,1.645,8.614,6.57,60.997,7.541,60.997,0.684,0.222
2026-10-06,06,2026100506,VTSR,0.152,0.444,1.752,3.657,28.167,16.925,85.581,0.782,0.458
2026-10-06,06,2026100506,VTSS,6.214,13.168,50.402,24.629,118.121,21.182,118.121,0.68,0.524
2026-10-06,06,2026100506,VTST,0.043,0.048,0.088,0.841,9.555,3.838,44.718,0.498,0.12
2026-10-06,06,2026100506,VTSY,0.013,0.019,0.072,0.544,5.957,2.514,38.017,0.449,0.058
2026-10-06,06,2026100506,VTUD,0.0,0.0,0.003,0.0,0.011,0.01,0.483,0.0,0.0
2026-10-06,06,2026100506,VTUI,0.0,0.0,0.0,0.0,0.0,0.0,0.0,0.0,0.0
2026-10-06,06,2026100506,VTUK,0.0,0.0,0.0,0.0,0.0,0.0,0.0,0.0,0.0
2026-10-06,06,2026100506,VTUL,0.009,0.015,0.067,0.443,5.55,1.004,15.137,0.187,0.018
2026-10-06,06,2026100506,VTUO,0.411,0.252,0.535,0.098,0.535,0.041,0.535,0.0,0.0
2026-10-06,06,2026100506,VTUQ,0.025,0.018,0.037,0.028,0.192,0.067,0.496,0.0,0.0
2026-10-06,06,2026100506,VTUU,0.0,0.005,0.048,0.09,0.94,0.083,1.795,0.022,0.0
2026-10-06,06,2026100506,VTUV,0.0,0.0,0.0,0.0,0.0,0.0,0.0,0.0,0.0
2026-10-06,06,2026100506,VTUW,0.0,0.0,0.0,0.0,0.0,0.0,0.0,0.0,0.0
2026-10-06,12,2026100512,VTBD,0.205,0.605,1.688,0.729,7.245,1.407,17.852,0.267,0.031
2026-10-06,12,2026100512,VTBO,2.875,6.359,18.392,7.901,33.808,7.588,50.738,0.764,0.28
2026-10-06,12,2026100512,VTBS,0.09,0.048,0.09,0.038,0.115,0.153,9.156,0.031,0.0
2026-10-06,12,2026100512,VTCC,37.432,22.169,37.432,12.441,42.748,10.95,67.77,0.884,0.338
2026-10-06,12,2026100512,VTCH,6.035,3.028,11.907,2.135,15.494,6.377,55.637,0.498,0.218
2026-10-06,12,2026100512,VTCL,22.887,30.306,70.055,23.036,89.413,15.702,89.413,0.947,0.516
2026-10-06,12,2026100512,VTCN,1.53,3.652,9.799,7.516,53.931,6.824,83.507,0.396,0.182
2026-10-06,12,2026100512,VTCP,5.261,5.188,14.273,1.635,14.273,1.957,46.599,0.293,0.044
2026-10-06,12,2026100512,VTCT,0.158,0.302,0.644,0.771,5.511,5.794,41.35,0.698,0.227
2026-10-06,12,2026100512,VTPB,0.0,0.001,0.009,0.009,0.137,0.219,9.57,0.027,0.0
2026-10-06,12,2026100512,VTPH,7.163,9.888,18.067,12.28,33.286,21.522,64.207,0.982,0.773
2026-10-06,12,2026100512,VTPM,0.041,0.107,0.322,0.149,1.561,2.427,79.598,0.182,0.058
2026-10-06,12,2026100512,VTPO,0.35,0.713,1.927,5.052,52.793,14.077,87.112,0.764,0.347
2026-10-06,12,2026100512,VTPP,17.273,10.466,17.532,5.159,25.739,8.556,60.121,0.622,0.253
2026-10-06,12,2026100512,VTSB,20.659,25.712,57.068,20.058,66.048,16.356,106.74,0.964,0.467
2026-10-06,12,2026100512,VTSC,4.959,3.492,8.247,8.934,40.651,8.537,75.271,0.578,0.271
2026-10-06,12,2026100512,VTSE,4.957,12.947,25.96,19.115,55.942,15.21,55.942,0.929,0.56
2026-10-06,12,2026100512,VTSF,0.476,2.598,16.929,11.694,66.059,23.381,142.69,0.853,0.556
2026-10-06,12,2026100512,VTSG,7.381,5.153,16.714,10.807,54.129,18.526,159.704,0.756,0.476
2026-10-06,12,2026100512,VTSM,5.477,4.591,16.077,9.022,67.993,13.164,133.867,0.844,0.356
2026-10-06,12,2026100512,VTSP,0.02,0.108,0.387,0.119,1.053,0.922,25.118,0.129,0.027
2026-10-06,12,2026100512,VTSR,28.45,13.705,28.45,17.88,69.265,17.223,115.459,0.853,0.453
2026-10-06,12,2026100512,VTSS,1.094,2.75,10.008,4.07,24.147,5.774,40.92,0.658,0.2
2026-10-06,12,2026100512,VTST,0.447,0.633,1.316,5.735,34.213,5.732,36.285,0.618,0.218
2026-10-06,12,2026100512,VTSY,1.369,2.771,6.036,11.855,46.929,16.332,83.864,0.969,0.542
2026-10-06,12,2026100512,VTUD,0.0,0.0,0.0,0.0,0.0,0.0,0.0,0.0,0.0
2026-10-06,12,2026100512,VTUI,0.0,0.0,0.0,0.0,0.0,0.0,0.0,0.0,0.0
2026-10-06,12,2026100512,VTUK,0.0,0.0,0.0,0.0,0.0,0.0,0.0,0.0,0.0
2026-10-06,12,2026100512,VTUL,0.0,0.0,0.0,0.0,0.007,0.002,0.037,0.0,0.0
2026-10-06,12,2026100512,VTUO,0.0,0.0,0.0,0.003,0.09,0.004,0.09,0.0,0.0
2026-10-06,12,2026100512,VTUQ,0.0,0.0,0.0,0.015,0.222,0.12,1.649,0.018,0.0
2026-10-06,12,2026100512,VTUU,0.906,0.887,1.989,1.127,6.417,1.023,9.454,0.253,0.0
2026-10-06,12,2026100512,VTUV,0.0,0.0,0.0,0.0,0.004,0.049,1.782,0.009,0.0
2026-10-06,12,2026100512,VTUW,0.0,0.0,0.0,0.0,0.0,0.0,0.0,0.0,0.0
2026-10-06,18,2026100518,VTBD,0.007,0.024,0.048,0.229,1.533,0.348,3.72,0.133,0.0
2026-10-06,18,2026100518,VTBO,48.366,34.924,63.933,28.335,92.008,22.823,92.008,1.0,0.778
2026-10-06,18,2026100518,VTBS,0.088,0.061,0.096,0.07,0.37,0.203,10.894,0.031,0.004
2026-10-06,18,2026100518,VTCC,7.15,11.792,24.602,17.685,74.759,11.297,74.759,0.867,0.404
2026-10-06,18,2026100518,VTCH,3.533,2.969,10.953,4.658,24.565,7.429,48.296,0.68,0.276
2026-10-06,18,2026100518,VTCL,1.018,1.035,5.343,2.706,25.811,10.929,70.103,0.698,0.324
2026-10-06,18,2026100518,VTCN,0.046,1.49,11.651,1.248,28.443,1.297,28.443,0.178,0.04
2026-10-06,18,2026100518,VTCP,0.0,0.001,0.009,0.149,1.188,0.559,9.232,0.124,0.0
2026-10-06,18,2026100518,VTCT,9.358,10.069,15.102,9.04,16.909,9.233,30.555,0.978,0.387
2026-10-06,18,2026100518,VTPB,0.001,0.008,0.023,0.01,0.067,0.057,2.931,0.018,0.0
2026-10-06,18,2026100518,VTPH,6.389,5.595,11.454,8.605,26.398,17.015,81.441,0.951,0.533
2026-10-06,18,2026100518,VTPM,0.014,0.016,0.081,0.058,1.267,0.639,19.357,0.107,0.022
2026-10-06,18,2026100518,VTPO,0.162,0.121,0.222,1.39,8.234,4.814,46.753,0.533,0.178
2026-10-06,18,2026100518,VTPP,0.166,0.718,2.971,2.926,27.593,5.462,43.044,0.471,0.187
2026-10-06,18,2026100518,VTSB,30.833,28.753,61.057,27.606,103.162,25.289,120.637,0.933,0.596
2026-10-06,18,2026100518,VTSC,12.055,9.795,15.479,10.719,53.384,17.749,101.278,0.782,0.48
2026-10-06,18,2026100518,VTSE,5.218,3.145,9.461,3.579,17.581,2.206,26.261,0.369,0.071
2026-10-06,18,2026100518,VTSF,5.632,18.47,40.732,27.367,82.141,24.216,173.261,0.933,0.64
2026-10-06,18,2026100518,VTSG,2.946,7.058,38.061,2.863,38.061,5.057,94.089,0.427,0.124
2026-10-06,18,2026100518,VTSM,10.388,8.44,19.164,10.795,98.761,11.792,98.761,0.658,0.316
2026-10-06,18,2026100518,VTSP,0.006,0.003,0.007,0.429,16.556,0.794,24.757,0.156,0.022
2026-10-06,18,2026100518,VTSR,25.352,32.647,52.976,26.259,59.648,17.484,93.519,0.902,0.511
2026-10-06,18,2026100518,VTSS,0.273,1.61,10.411,3.382,31.513,3.325,31.679,0.431,0.098
2026-10-06,18,2026100518,VTST,21.363,9.278,21.363,9.167,39.729,7.938,73.271,0.671,0.262
2026-10-06,18,2026100518,VTSY,0.025,0.141,0.457,1.785,13.004,7.744,84.082,0.693,0.258
2026-10-06,18,2026100518,VTUD,0.0,0.0,0.0,0.0,0.0,0.0,0.0,0.0,0.0
2026-10-06,18,2026100518,VTUI,0.0,0.0,0.0,0.0,0.0,0.0,0.0,0.0,0.0
2026-10-06,18,2026100518,VTUK,0.0,0.0,0.0,0.0,0.0,0.0,0.0,0.0,0.0
2026-10-06,18,2026100518,VTUL,0.146,0.194,0.641,0.265,3.138,2.305,42.372,0.244,0.067
2026-10-06,18,2026100518,VTUO,0.0,0.0,0.0,0.0,0.0,0.006,0.29,0.0,0.0
2026-10-06,18,2026100518,VTUQ,0.0,0.023,0.069,0.025,0.111,0.073,0.829,0.0,0.0
2026-10-06,18,2026100518,VTUU,0.018,0.061,0.26,0.158,5.196,0.711,11.332,0.129,0.013
2026-10-06,18,2026100518,VTUV,0.0,0.0,0.0,0.0,0.001,0.025,0.657,0.0,0.0
2026-10-06,18,2026100518,VTUW,0.0,0.0,0.0,0.0,0.0,0.0,0.0,0.0,0.0
2026-10-07,00,2026100600,VTBD,0.152,0.449,1.338,0.318,1.948,0.277,3.716,0.098,0.0
2026-10-07,00,2026100600,VTBO,2.65,4.36,9.591,6.4,19.513,6.255,36.489,0.756,0.227
2026-10-07,00,2026100600,VTBS,0.0,0.001,0.009,0.003,0.038,0.078,1.948,0.031,0.0
2026-10-07,00,2026100600,VTCC,1.058,0.689,1.993,1.627,26.85,2.303,51.071,0.382,0.04
2026-10-07,00,2026100600,VTCH,0.028,0.179,1.193,2.759,26.463,5.209,71.246,0.467,0.169
2026-10-07,00,2026100600,VTCL,6.093,6.104,18.859,3.477,18.859,1.273,18.859,0.209,0.049
2026-10-07,00,2026100600,VTCN,2.324,0.648,2.324,0.35,3.977,1.181,32.824,0.138,0.036
2026-10-07,00,2026100600,VTCP,0.0,0.001,0.003,0.043,0.394,0.136,2.766,0.04,0.0
2026-10-07,00,2026100600,VTCT,0.041,0.05,0.179,0.174,5.437,0.122,5.437,0.027,0.0
2026-10-07,00,2026100600,VTPB,0.0,0.0,0.0,0.0,0.004,0.031,0.876,0.0,0.0
2026-10-07,00,2026100600,VTPH,0.001,0.218,1.363,4.152,30.308,10.006,90.639,0.702,0.311
2026-10-07,00,2026100600,VTPM,0.003,0.125,0.603,0.104,1.447,0.221,16.665,0.044,0.004
2026-10-07,00,2026100600,VTPO,0.0,0.0,0.0,0.0,0.004,0.003,0.316,0.0,0.0
2026-10-07,00,2026100600,VTPP,0.0,0.0,0.0,0.001,0.04,0.007,0.471,0.0,0.0
2026-10-07,00,2026100600,VTSB,0.159,0.503,0.947,4.346,50.774,14.447,116.875,0.702,0.356
2026-10-07,00,2026100600,VTSC,20.298,25.95,65.409,18.79,77.545,16.824,134.814,0.751,0.409
2026-10-07,00,2026100600,VTSE,0.262,1.153,4.898,1.45,8.364,2.101,22.628,0.347,0.062
2026-10-07,00,2026100600,VTSF,13.857,22.189,72.733,15.244,72.733,22.79,127.172,0.973,0.582
2026-10-07,00,2026100600,VTSG,2.078,1.387,5.44,2.566,48.49,5.531,48.49,0.471,0.2
2026-10-07,00,2026100600,VTSM,0.582,0.563,0.906,7.155,60.355,13.6,77.448,0.773,0.422
2026-10-07,00,2026100600,VTSP,4.432,5.262,16.765,3.13,20.083,2.656,20.083,0.373,0.098
2026-10-07,00,2026100600,VTSR,4.564,11.671,35.698,13.366,61.025,18.618,95.321,0.867,0.471
2026-10-07,00,2026100600,VTSS,9.258,12.068,23.321,17.578,62.556,12.479,62.556,0.831,0.404
2026-10-07,00,2026100600,VTST,24.514,17.899,35.126,10.244,35.126,13.103,66.742,0.947,0.436
2026-10-07,00,2026100600,VTSY,11.376,11.298,26.556,13.037,67.757,17.47,80.067,0.831,0.493
2026-10-07,00,2026100600,VTUD,0.0,0.0,0.0,0.0,0.0,0.0,0.0,0.0,0.0
2026-10-07,00,2026100600,VTUI,0.0,0.0,0.0,0.0,0.01,0.001,0.221,0.0,0.0
2026-10-07,00,2026100600,VTUK,0.0,0.0,0.0,0.0,0.0,0.0,0.0,0.0,0.0
2026-10-07,00,2026100600,VTUL,0.0,0.0,0.0,0.0,0.0,0.0,0.002,0.0,0.0
2026-10-07,00,2026100600,VTUO,0.0,0.01,0.079,0.015,0.142,0.005,0.142,0.0,0.0
2026-10-07,00,2026100600,VTUQ,0.0,0.0,0.0,0.0,0.0,0.0,0.0,0.0,0.0
2026-10-07,00,2026100600,VTUU,0.0,0.036,0.293,0.071,0.562,0.152,3.118,0.044,0.0
2026-10-07,00,2026100600,VTUV,0.0,0.0,0.0,0.0,0.0,0.0,0.0,0.0,0.0
2026-10-07,00,2026100600,VTUW,0.0,0.0,0.0,0.123,4.789,0.262,19.31,0.049,0.004
2026-10-07,06,2026100606,VTBD,0.0,0.0,0.0,0.166,3.552,0.305,11.279,0.071,0.009
2026-10-07,06,2026100606,VTBO,0.113,0.123,0.631,1.561,42.792,4.345,49.532,0.449,0.151
2026-10-07,06,2026100606,VTBS,0.0,0.0,0.0,0.003,0.13,0.025,1.067,0.004,0.0
2026-10-07,06,2026100606,VTCC,1.196,1.495,3.426,1.564,15.764,6.605,74.111,0.596,0.196
2026-10-07,06,2026100606,VTCH,6.032,5.724,18.463,6.713,39.96,7.923,59.415,0.671,0.262
2026-10-07,06,2026100606,VTCL,0.151,0.621,2.534,1.463,10.569,3.794,46.788,0.493,0.093
2026-10-07,06,2026100606,VTCN,0.036,0.044,0.132,0.092,0.555,0.167,1.859,0.053,0.0
2026-10-07,06,2026100606,VTCP,0.0,0.001,0.005,0.151,2.52,0.278,13.608,0.076,0.004
2026-10-07,06,2026100606,VTCT,0.0,0.0,0.0,0.051,2.026,0.056,2.289,0.009,0.0
2026-10-07,06,2026100606,VTPB,0.0,0.0,0.0,0.0,0.0,0.113,13.006,0.018,0.004
2026-10-07,06,2026100606,VTPH,21.172,18.011,21.38,16.891,34.897,12.123,48.666,0.849,0.493
2026-10-07,06,2026100606,VTPM,0.0,0.0,0.003,0.041,0.637,0.678,25.657,0.12,0.009
2026-10-07,06,2026100606,VTPO,0.207,0.343,1.28,0.781,12.415,1.141,19.771,0.209,0.04
2026-10-07,06,2026100606,VTPP,0.055,0.57,2.705,1.369,14.16,2.668,30.02,0.364,0.093
2026-10-07,06,2026100606,VTSB,42.452,16.488,42.452,12.509,54.3,8.057,56.985,0.662,0.267
2026-10-07,06,2026100606,VTSC,2.634,3.09,8.061,7.26,64.28,16.353,95.14,0.778,0.422
2026-10-07,06,2026100606,VTSE,0.373,2.041,11.508,7.543,33.928,13.299,91.251,0.729,0.4
2026-10-07,06,2026100606,VTSF,11.435,10.963,16.506,17.403,74.938,23.007,93.686,0.964,0.609
2026-10-07,06,2026100606,VTSG,9.777,9.773,45.627,7.81,45.627,18.148,179.154,0.782,0.431
2026-10-07,06,2026100606,VTSM,29.623,25.962,67.194,28.147,108.34,23.657,134.341,0.951,0.613
2026-10-07,06,2026100606,VTSP,23.122,47.438,101.233,44.132,106.277,31.648,106.277,0.942,0.844
2026-10-07,06,2026100606,VTSR,2.663,5.976,21.091,22.027,109.559,22.058,121.497,0.844,0.507
2026-10-07,06,2026100606,VTSS,15.034,18.513,44.478,9.832,44.478,12.228,119.22,0.684,0.311
2026-10-07,06,2026100606,VTST,11.45,9.32,23.813,8.799,33.378,13.085,101.044,0.929,0.378
2026-10-07,06,2026100606,VTSY,78.674,40.503,78.674,24.36,78.674,23.367,118.18,0.969,0.644
2026-10-07,06,2026100606,VTUD,0.0,0.0,0.0,0.0,0.0,0.0,0.0,0.0,0.0
2026-10-07,06,2026100606,VTUI,0.0,0.0,0.0,0.0,0.0,0.0,0.001,0.0,0.0
2026-10-07,06,2026100606,VTUK,0.0,0.0,0.0,0.0,0.0,0.0,0.0,0.0,0.0
2026-10-07,06,2026100606,VTUL,0.0,0.0,0.0,0.0,0.0,0.0,0.0,0.0,0.0
2026-10-07,06,2026100606,VTUO,0.0,0.0,0.0,0.0,0.002,0.0,0.026,0.0,0.0
2026-10-07,06,2026100606,VTUQ,0.0,0.0,0.0,0.002,0.053,0.013,0.14,0.0,0.0
2026-10-07,06,2026100606,VTUU,0.011,0.038,0.132,0.018,0.132,0.092,1.803,0.027,0.0
2026-10-07,06,2026100606,VTUV,0.0,0.0,0.0,0.0,0.0,0.0,0.0,0.0,0.0
2026-10-07,06,2026100606,VTUW,0.0,0.0,0.0,0.002,0.046,0.001,0.062,0.0,0.0
2026-10-07,12,2026100612,VTBD,0.0,0.128,1.006,0.375,4.247,0.331,8.539,0.111,0.0
2026-10-07,12,2026100612,VTBO,0.008,0.368,1.433,0.806,6.915,1.144,14.425,0.271,0.013
2026-10-07,12,2026100612,VTBS,0.0,0.0,0.0,0.003,0.106,0.041,0.915,0.0,0.0
2026-10-07,12,2026100612,VTCC,0.093,2.124,16.99,1.049,16.99,1.095,24.994,0.191,0.027
2026-10-07,12,2026100612,VTCH,0.064,0.223,1.823,1.069,16.224,2.507,30.207,0.373,0.067
2026-10-07,12,2026100612,VTCL,0.127,1.579,9.298,3.018,19.085,1.905,19.085,0.32,0.058
2026-10-07,12,2026100612,VTCN,0.002,0.011,0.04,0.021,0.285,0.628,13.808,0.138,0.009
2026-10-07,12,2026100612,VTCP,0.0,0.0,0.0,0.115,2.361,2.267,41.998,0.209,0.071
2026-10-07,12,2026100612,VTCT,0.0,0.0,0.0,0.0,0.0,0.0,0.038,0.0,0.0
2026-10-07,12,2026100612,VTPB,0.0,0.0,0.0,0.0,0.0,0.319,29.716,0.027,0.018
2026-10-07,12,2026100612,VTPH,1.16,1.825,3.3,2.503,10.994,2.072,13.827,0.467,0.036
2026-10-07,12,2026100612,VTPM,0.0,0.0,0.0,0.011,0.181,0.445,11.418,0.111,0.009
2026-10-07,12,2026100612,VTPO,1.837,4.454,19.557,2.189,19.557,0.758,19.557,0.147,0.009
2026-10-07,12,2026100612,VTPP,0.009,0.171,0.823,1.761,18.368,2.014,25.03,0.347,0.053
2026-10-07,12,2026100612,VTSB,1.764,3.804,20.672,9.137,45.69,17.144,132.684,0.796,0.413
2026-10-07,12,2026100612,VTSC,41.023,33.898,59.53,41.945,127.575,32.77,127.575,0.898,0.773
2026-10-07,12,2026100612,VTSE,0.114,0.316,1.317,0.563,7.825,2.389,26.618,0.44,0.062
2026-10-07,12,2026100612,VTSF,41.119,43.51,68.934,40.847,101.199,32.773,118.571,0.996,0.876
2026-10-07,12,2026100612,VTSG,0.108,0.099,0.146,0.569,15.965,1.435,21.488,0.196,0.049
2026-10-07,12,2026100612,VTSM,1.412,7.048,24.014,8.739,62.059,12.411,80.94,0.778,0.382
2026-10-07,12,2026100612,VTSP,4.844,9.063,31.214,8.771,35.764,5.965,37.333,0.609,0.196
2026-10-07,12,2026100612,VTSR,20.542,26.393,65.703,22.822,85.448,21.949,168.842,0.804,0.538
2026-10-07,12,2026100612,VTSS,1.352,4.523,16.688,12.106,59.45,7.913,59.45,0.578,0.271
2026-10-07,12,2026100612,VTST,0.757,0.705,0.896,1.34,6.617,5.015,68.844,0.733,0.129
2026-10-07,12,2026100612,VTSY,28.392,29.6,37.284,35.174,105.118,43.795,122.779,1.0,0.929
2026-10-07,12,2026100612,VTUD,0.0,0.0,0.0,0.0,0.0,0.0,0.0,0.0,0.0
2026-10-07,12,2026100612,VTUI,0.0,0.0,0.0,0.0,0.0,0.0,0.0,0.0,0.0
2026-10-07,12,2026100612,VTUK,0.0,0.0,0.0,0.0,0.0,0.0,0.0,0.0,0.0
2026-10-07,12,2026100612,VTUL,0.0,0.002,0.012,0.008,0.157,0.022,1.111,0.004,0.0
2026-10-07,12,2026100612,VTUO,0.0,0.0,0.0,0.0,0.012,0.0,0.014,0.0,0.0
2026-10-07,12,2026100612,VTUQ,0.0,0.0,0.0,0.0,0.0,0.0,0.0,0.0,0.0
2026-10-07,12,2026100612,VTUU,0.0,0.021,0.106,0.069,0.346,0.169,3.581,0.053,0.0
2026-10-07,12,2026100612,VTUV,0.0,0.0,0.0,0.0,0.0,0.0,0.0,0.0,0.0
2026-10-07,12,2026100612,VTUW,0.0,0.0,0.0,0.0,0.001,0.003,0.575,0.0,0.0
2026-10-07,18,2026100618,VTBD,0.11,0.817,3.074,1.16,9.095,1.113,13.992,0.222,0.018
2026-10-07,18,2026100618,VTBO,9.956,11.184,22.729,8.914,26.498,8.286,52.557,0.667,0.338
2026-10-07,18,2026100618,VTBS,0.003,0.001,0.003,0.008,0.167,0.141,7.259,0.031,0.0
2026-10-07,18,2026100618,VTCC,0.096,0.061,0.256,0.342,7.468,0.816,19.667,0.138,0.027
2026-10-07,18,2026100618,VTCH,0.051,0.146,0.539,2.602,39.821,2.583,40.33,0.311,0.076
2026-10-07,18,2026100618,VTCL,1.903,0.638,1.903,1.815,18.233,2.173,34.145,0.284,0.08
2026-10-07,18,2026100618,VTCN,0.0,0.0,0.002,0.034,1.34,0.527,24.951,0.08,0.013
2026-10-07,18,2026100618,VTCP,0.0,0.034,0.22,0.972,16.809,1.568,67.86,0.156,0.04
2026-10-07,18,2026100618,VTCT,0.0,0.0,0.0,0.0,0.009,0.015,1.523,0.009,0.0
2026-10-07,18,2026100618,VTPB,0.17,0.532,1.975,0.473,3.395,0.398,8.598,0.102,0.0
2026-10-07,18,2026100618,VTPH,1.627,0.891,1.717,0.478,1.717,3.308,44.364,0.489,0.098
2026-10-07,18,2026100618,VTPM,0.0,0.005,0.038,0.097,1.98,1.043,17.686,0.164,0.027
2026-10-07,18,2026100618,VTPO,0.051,1.339,10.107,0.33,10.107,0.303,16.945,0.053,0.009
2026-10-07,18,2026100618,VTPP,0.296,0.629,3.593,1.706,17.449,1.455,17.449,0.276,0.04
2026-10-07,18,2026100618,VTSB,4.044,5.192,10.909,13.147,43.613,21.175,80.169,0.987,0.613
2026-10-07,18,2026100618,VTSC,0.818,1.394,5.866,5.561,43.872,12.524,97.49,0.56,0.32
2026-10-07,18,2026100618,VTSE,4.082,8.329,22.273,7.462,36.298,6.413,62.978,0.689,0.196
2026-10-07,18,2026100618,VTSF,6.476,13.803,35.369,15.656,71.04,32.664,139.796,0.964,0.707
2026-10-07,18,2026100618,VTSG,5.706,4.138,21.446,2.502,21.446,2.628,38.164,0.373,0.084
2026-10-07,18,2026100618,VTSM,76.198,51.31,79.783,21.665,79.783,15.806,85.389,0.844,0.471
2026-10-07,18,2026100618,VTSP,0.961,4.53,17.246,3.135,23.411,4.605,47.669,0.582,0.16
2026-10-07,18,2026100618,VTSR,1.434,2.403,6.28,8.549,40.967,16.228,152.747,0.724,0.387
2026-10-07,18,2026100618,VTSS,0.671,4.96,13.531,6.842,34.906,7.92,50.775,0.716,0.284
2026-10-07,18,2026100618,VTST,0.592,0.924,2.137,2.32,29.421,5.551,54.633,0.529,0.173
2026-10-07,18,2026100618,VTSY,2.223,5.294,10.587,16.481,79.088,29.019,133.236,1.0,0.707
2026-10-07,18,2026100618,VTUD,0.0,0.0,0.0,0.0,0.0,0.0,0.0,0.0,0.0
2026-10-07,18,2026100618,VTUI,0.0,0.0,0.0,0.0,0.0,0.0,0.0,0.0,0.0
2026-10-07,18,2026100618,VTUK,0.0,0.0,0.0,0.0,0.0,0.0,0.0,0.0,0.0
2026-10-07,18,2026100618,VTUL,0.001,0.005,0.014,0.026,0.16,0.289,10.054,0.08,0.004
2026-10-07,18,2026100618,VTUO,0.025,0.026,0.104,0.088,0.582,0.047,0.582,0.0,0.0
2026-10-07,18,2026100618,VTUQ,0.0,0.0,0.0,0.0,0.0,0.0,0.001,0.0,0.0
2026-10-07,18,2026100618,VTUU,0.0,0.0,0.0,0.005,0.187,0.083,2.376,0.031,0.0
2026-10-07,18,2026100618,VTUV,0.0,0.0,0.0,0.0,0.0,0.0,0.0,0.0,0.0
2026-10-07,18,2026100618,VTUW,0.0,0.0,0.0,0.0,0.0,0.0,0.0,0.0,0.0
2026-10-08,00,2026100700,VTBD,0.082,0.248,0.966,0.58,8.264,0.241,8.264,0.058,0.0
2026-10-08,00,2026100700,VTBO,0.421,0.842,1.575,1.513,4.152,3.617,37.865,0.573,0.093
2026-10-08,00,2026100700,VTBS,0.0,0.003,0.019,0.044,0.656,0.61,14.467,0.102,0.018
2026-10-08,00,2026100700,VTCC,0.02,0.013,0.039,1.321,28.323,1.34,28.323,0.173,0.058
2026-10-08,00,2026100700,VTCH,0.003,0.03,0.116,0.365,5.239,1.633,34.704,0.249,0.044
2026-10-08,00,2026100700,VTCL,0.018,0.105,0.873,0.163,2.623,0.225,9.936,0.067,0.0
2026-10-08,00,2026100700,VTCN,0.0,0.002,0.015,0.01,0.181,0.231,9.598,0.049,0.0
2026-10-08,00,2026100700,VTCP,0.007,0.009,0.074,0.053,1.31,0.66,15.066,0.151,0.018
2026-10-08,00,2026100700,VTCT,0.0,0.0,0.0,0.0,0.013,0.157,15.215,0.036,0.004
2026-10-08,00,2026100700,VTPB,0.0,0.0,0.0,0.001,0.023,0.179,7.779,0.049,0.0
2026-10-08,00,2026100700,VTPH,0.102,0.136,0.472,0.386,2.935,0.836,11.971,0.227,0.004
2026-10-08,00,2026100700,VTPM,0.054,0.359,1.599,1.781,29.331,1.872,29.331,0.28,0.058
2026-10-08,00,2026100700,VTPO,0.001,0.073,0.23,0.755,6.833,0.876,15.462,0.24,0.009
2026-10-08,00,2026100700,VTPP,0.074,0.307,1.1,0.206,1.846,0.237,6.733,0.058,0.0
2026-10-08,00,2026100700,VTSB,0.049,0.138,0.342,2.393,17.264,3.282,46.216,0.4,0.107
2026-10-08,00,2026100700,VTSC,13.943,14.955,34.69,13.776,43.296,10.056,43.296,0.707,0.356
2026-10-08,00,2026100700,VTSE,9.065,8.227,17.912,9.611,73.08,6.097,99.977,0.458,0.187
2026-10-08,00,2026100700,VTSF,0.493,1.568,4.6,8.609,35.893,15.897,108.4,0.951,0.578
2026-10-08,00,2026100700,VTSG,0.397,0.702,1.63,1.963,12.703,3.392,39.622,0.449,0.116
2026-10-08,00,2026100700,VTSM,0.353,0.675,2.926,1.119,14.4,1.439,45.733,0.213,0.022
2026-10-08,00,2026100700,VTSP,0.175,0.253,0.667,0.221,1.498,1.099,23.28,0.173,0.027
2026-10-08,00,2026100700,VTSR,0.0,0.182,1.195,0.67,7.096,1.585,41.663,0.249,0.027
2026-10-08,00,2026100700,VTSS,34.32,27.399,54.077,16.203,54.077,9.725,59.643,0.933,0.369
2026-10-08,00,2026100700,VTST,15.701,10.181,17.588,5.49,29.066,7.923,45.361,0.756,0.307
2026-10-08,00,2026100700,VTSY,2.856,3.247,7.058,5.05,39.295,7.852,47.831,0.773,0.28
2026-10-08,00,2026100700,VTUD,0.0,0.0,0.0,0.0,0.0,0.0,0.0,0.0,0.0
2026-10-08,00,2026100700,VTUI,0.0,0.0,0.0,0.0,0.0,0.0,0.028,0.0,0.0
2026-10-08,00,2026100700,VTUK,0.0,0.0,0.0,0.0,0.0,0.0,0.0,0.0,0.0
2026-10-08,00,2026100700,VTUL,0.0,0.0,0.0,0.0,0.0,0.0,0.0,0.0,0.0
2026-10-08,00,2026100700,VTUO,0.001,0.001,0.002,0.001,0.004,0.0,0.01,0.0,0.0
2026-10-08,00,2026100700,VTUQ,0.0,0.0,0.001,0.003,0.089,0.004,0.225,0.0,0.0
2026-10-08,00,2026100700,VTUU,0.392,0.445,0.875,0.443,2.154,0.642,4.663,0.213,0.0
2026-10-08,00,2026100700,VTUV,0.0,0.0,0.0,0.0,0.0,0.0,0.0,0.0,0.0
2026-10-08,00,2026100700,VTUW,0.075,0.215,0.697,0.509,3.1,0.352,4.52,0.102,0.0
2026-10-08,06,2026100706,VTBD,0.0,0.0,0.001,0.009,0.31,0.039,0.848,0.0,0.0
2026-10-08,06,2026100706,VTBO,3.49,3.987,9.563,1.413,9.563,0.53,9.563,0.138,0.0
2026-10-08,06,2026100706,VTBS,0.0,0.001,0.011,0.519,7.798,0.906,12.338,0.182,0.013
2026-10-08,06,2026100706,VTCC,14.084,6.237,20.567,3.331,26.66,1.657,30.145,0.24,0.049
2026-10-08,06,2026100706,VTCH,0.03,0.028,0.138,0.654,14.595,2.459,28.907,0.342,0.084
2026-10-08,06,2026100706,VTCL,1.785,1.867,7.544,1.667,13.83,1.234,23.152,0.253,0.022
2026-10-08,06,2026100706,VTCN,0.0,0.0,0.001,0.108,2.89,0.577,20.872,0.084,0.018
2026-10-08,06,2026100706,VTCP,0.0,0.0,0.0,0.022,0.367,0.477,30.743,0.089,0.004
2026-10-08,06,2026100706,VTCT,0.003,0.001,0.004,0.005,0.116,0.363,11.987,0.067,0.013
2026-10-08,06,2026100706,VTPB,0.032,0.013,0.058,0.008,0.094,0.101,4.67,0.031,0.0
2026-10-08,06,2026100706,VTPH,0.004,0.163,0.807,0.181,1.331,1.178,10.456,0.284,0.009
2026-10-08,06,2026100706,VTPM,0.102,0.358,2.057,3.438,27.998,2.895,41.712,0.329,0.098
2026-10-08,06,2026100706,VTPO,0.027,0.081,0.629,0.069,0.887,0.195,5.988,0.053,0.0
2026-10-08,06,2026100706,VTPP,0.001,0.008,0.024,0.173,4.449,0.95,21.311,0.173,0.018
2026-10-08,06,2026100706,VTSB,0.921,1.328,2.547,2.765,13.782,5.522,51.583,0.556,0.178
2026-10-08,06,2026100706,VTSC,57.095,59.851,106.145,43.278,106.145,27.09,106.145,0.862,0.72
2026-10-08,06,2026100706,VTSE,0.323,2.22,11.827,8.453,65.236,8.358,106.464,0.409,0.258
2026-10-08,06,2026100706,VTSF,10.77,10.22,16.536,8.801,45.703,12.462,64.279,0.902,0.436
2026-10-08,06,2026100706,VTSG,1.516,4.633,9.241,6.37,40.346,7.488,47.411,0.716,0.258
2026-10-08,06,2026100706,VTSM,61.948,33.43,61.948,21.296,61.948,14.464,87.236,0.924,0.507
2026-10-08,06,2026100706,VTSP,43.559,27.939,43.559,15.643,43.559,8.937,59.87,0.773,0.284
2026-10-08,06,2026100706,VTSR,0.544,1.175,5.994,4.052,38.111,3.859,38.111,0.502,0.12
2026-10-08,06,2026100706,VTSS,22.353,27.234,36.136,28.746,62.43,25.085,116.224,0.947,0.582
2026-10-08,06,2026100706,VTST,0.793,2.04,3.385,6.316,42.627,11.312,52.238,0.836,0.387
2026-10-08,06,2026100706,VTSY,4.863,3.845,9.025,7.784,37.925,12.415,62.498,0.791,0.453
2026-10-08,06,2026100706,VTUD,0.0,0.0,0.0,0.0,0.0,0.0,0.0,0.0,0.0
2026-10-08,06,2026100706,VTUI,0.0,0.0,0.002,0.001,0.018,0.0,0.018,0.0,0.0
2026-10-08,06,2026100706,VTUK,0.0,0.0,0.0,0.0,0.0,0.0,0.001,0.0,0.0
2026-10-08,06,2026100706,VTUL,0.0,0.0,0.0,0.0,0.0,0.001,0.124,0.0,0.0
2026-10-08,06,2026100706,VTUO,0.0,0.0,0.0,0.0,0.016,0.008,0.108,0.0,0.0
2026-10-08,06,2026100706,VTUQ,0.001,0.001,0.002,0.001,0.003,0.002,0.144,0.0,0.0
2026-10-08,06,2026100706,VTUU,1.065,1.797,5.378,1.445,5.378,0.873,6.897,0.24,0.0
2026-10-08,06,2026100706,VTUV,0.0,0.0,0.0,0.0,0.0,0.0,0.017,0.0,0.0
2026-10-08,06,2026100706,VTUW,0.283,0.141,0.559,0.102,0.648,0.12,2.756,0.027,0.0
2026-10-08,12,2026100712,VTBD,0.0,0.003,0.028,0.098,1.245,0.087,1.245,0.004,0.0
2026-10-08,12,2026100712,VTBO,2.658,3.739,9.295,2.369,14.553,2.483,43.2,0.453,0.053
2026-10-08,12,2026100712,VTBS,0.093,0.151,0.862,0.132,0.862,0.177,2.526,0.022,0.0
2026-10-08,12,2026100712,VTCC,0.0,0.0,0.002,0.046,2.077,0.068,4.504,0.027,0.0
2026-10-08,12,2026100712,VTCH,0.0,0.0,0.0,0.59,13.002,0.465,13.002,0.098,0.004
2026-10-08,12,2026100712,VTCL,0.021,0.043,0.074,0.563,11.138,0.228,11.138,0.044,0.004
2026-10-08,12,2026100712,VTCN,0.002,0.001,0.004,0.005,0.06,0.057,3.281,0.018,0.0
2026-10-08,12,2026100712,VTCP,0.004,0.007,0.018,0.044,1.355,0.819,17.594,0.133,0.022
2026-10-08,12,2026100712,VTCT,0.021,0.015,0.031,0.014,0.044,0.069,7.039,0.018,0.0
2026-10-08,12,2026100712,VTPB,0.0,0.004,0.035,0.017,0.499,0.257,5.787,0.067,0.0
2026-10-08,12,2026100712,VTPH,0.0,0.0,0.0,0.0,0.0,0.013,0.506,0.0,0.0
2026-10-08,12,2026100712,VTPM,0.037,0.521,1.586,0.519,2.954,1.542,26.092,0.276,0.044
2026-10-08,12,2026100712,VTPO,0.012,0.047,0.246,0.23,4.175,0.272,8.205,0.062,0.0
2026-10-08,12,2026100712,VTPP,0.341,1.589,5.752,1.486,13.605,1.691,20.388,0.333,0.04
2026-10-08,12,2026100712,VTSB,6.598,5.666,16.233,5.164,34.961,8.356,79.258,0.498,0.191
2026-10-08,12,2026100712,VTSC,20.373,16.233,32.471,18.785,52.866,22.432,75.937,0.982,0.644
2026-10-08,12,2026100712,VTSE,0.047,0.049,0.091,0.613,5.188,1.366,20.819,0.302,0.022
2026-10-08,12,2026100712,VTSF,22.033,21.868,40.785,20.69,59.82,19.559,98.118,0.658,0.498
2026-10-08,12,2026100712,VTSG,0.938,2.477,10.34,7.061,56.41,7.516,56.41,0.676,0.24
2026-10-08,12,2026100712,VTSM,15.999,16.016,44.062,9.234,44.062,3.925,44.255,0.32,0.138
2026-10-08,12,2026100712,VTSP,0.0,0.001,0.003,0.007,0.074,0.249,17.481,0.036,0.009
2026-10-08,12,2026100712,VTSR,0.229,3.044,11.457,3.175,21.147,8.559,92.751,0.516,0.244
2026-10-08,12,2026100712,VTSS,1.174,2.823,9.425,10.003,37.947,8.176,37.947,0.778,0.293
2026-10-08,12,2026100712,VTST,1.654,2.826,11.049,5.861,32.752,5.643,32.752,0.716,0.222
2026-10-08,12,2026100712,VTSY,8.735,11.525,18.942,19.794,76.951,14.734,76.951,0.898,0.516
2026-10-08,12,2026100712,VTUD,0.0,0.0,0.0,0.0,0.0,0.0,0.0,0.0,0.0
2026-10-08,12,2026100712,VTUI,0.0,0.0,0.0,0.0,0.0,0.0,0.0,0.0,0.0
2026-10-08,12,2026100712,VTUK,0.0,0.0,0.0,0.0,0.0,0.0,0.0,0.0,0.0
2026-10-08,12,2026100712,VTUL,0.0,0.005,0.029,0.009,0.307,0.099,7.035,0.031,0.0
2026-10-08,12,2026100712,VTUO,0.0,0.0,0.0,0.0,0.0,0.0,0.0,0.0,0.0
2026-10-08,12,2026100712,VTUQ,0.0,0.0,0.0,0.0,0.0,0.0,0.003,0.0,0.0
2026-10-08,12,2026100712,VTUU,0.109,0.187,0.655,0.304,1.184,0.618,8.241,0.191,0.0
2026-10-08,12,2026100712,VTUV,0.0,0.0,0.0,0.0,0.001,0.0,0.001,0.0,0.0
2026-10-08,12,2026100712,VTUW,0.0,0.0,0.0,0.001,0.018,0.048,2.87,0.013,0.0
2026-10-08,18,2026100718,VTBD,0.0,0.0,0.0,0.038,0.783,0.309,10.735,0.076,0.004
2026-10-08,18,2026100718,VTBO,0.158,0.152,0.235,1.481,16.175,2.704,48.075,0.302,0.084
2026-10-08,18,2026100718,VTBS,0.0,0.0,0.0,0.304,5.56,0.173,5.56,0.036,0.0
2026-10-08,18,2026100718,VTCC,0.0,0.005,0.022,0.041,1.442,0.032,2.259,0.009,0.0
2026-10-08,18,2026100718,VTCH,0.0,0.005,0.047,0.06,2.02,0.603,14.971,0.098,0.027
2026-10-08,18,2026100718,VTCL,0.013,0.015,0.035,0.017,0.062,0.021,0.643,0.0,0.0
2026-10-08,18,2026100718,VTCN,0.015,0.005,0.015,0.003,0.033,0.01,0.358,0.0,0.0
2026-10-08,18,2026100718,VTCP,0.032,0.022,0.042,0.281,6.366,0.866,37.173,0.12,0.013
2026-10-08,18,2026100718,VTCT,0.0,0.002,0.016,0.002,0.018,0.048,5.809,0.013,0.0
2026-10-08,18,2026100718,VTPB,0.024,0.219,0.752,0.288,2.692,0.444,7.642,0.116,0.0
2026-10-08,18,2026100718,VTPH,0.0,0.0,0.0,0.006,0.115,0.057,2.216,0.018,0.0
2026-10-08,18,2026100718,VTPM,0.016,0.025,0.059,0.771,12.747,0.295,12.747,0.058,0.009
2026-10-08,18,2026100718,VTPO,0.0,0.0,0.0,0.01,0.376,0.074,9.976,0.013,0.0
2026-10-08,18,2026100718,VTPP,0.0,0.009,0.057,0.853,11.032,0.388,11.032,0.116,0.004
2026-10-08,18,2026100718,VTSB,0.287,1.997,8.882,4.816,27.531,5.67,82.124,0.471,0.156
2026-10-08,18,2026100718,VTSC,25.2,24.806,43.357,23.016,47.353,20.494,62.254,0.978,0.72
2026-10-08,18,2026100718,VTSE,1.257,0.7,3.538,0.938,12.702,2.853,43.034,0.284,0.098
2026-10-08,18,2026100718,VTSF,0.704,1.069,3.371,3.472,27.431,8.789,60.533,0.502,0.262
2026-10-08,18,2026100718,VTSG,0.367,1.007,5.2,4.352,28.63,3.824,44.05,0.418,0.102
2026-10-08,18,2026100718,VTSM,3.206,4.643,18.157,5.16,35.552,3.151,37.184,0.578,0.08
2026-10-08,18,2026100718,VTSP,0.0,0.003,0.015,0.023,0.532,0.032,0.727,0.0,0.0
2026-10-08,18,2026100718,VTSR,0.023,0.049,0.141,2.057,32.654,5.724,97.221,0.347,0.156
2026-10-08,18,2026100718,VTSS,6.889,12.859,30.485,9.694,37.036,6.65,46.304,0.627,0.24
2026-10-08,18,2026100718,VTST,4.607,8.387,23.471,8.159,23.471,5.932,48.453,0.764,0.204
2026-10-08,18,2026100718,VTSY,9.29,9.228,22.706,8.997,38.659,12.857,97.026,0.764,0.382
2026-10-08,18,2026100718,VTUD,0.0,0.0,0.0,0.0,0.0,0.0,0.0,0.0,0.0
2026-10-08,18,2026100718,VTUI,0.0,0.0,0.0,0.0,0.02,0.0,0.02,0.0,0.0
2026-10-08,18,2026100718,VTUK,0.0,0.0,0.0,0.0,0.0,0.0,0.0,0.0,0.0
2026-10-08,18,2026100718,VTUL,0.004,0.006,0.018,0.01,0.039,0.278,23.221,0.031,0.009
2026-10-08,18,2026100718,VTUO,0.0,0.0,0.0,0.0,0.0,0.0,0.011,0.0,0.0
2026-10-08,18,2026100718,VTUQ,0.0,0.0,0.0,0.0,0.0,0.0,0.003,0.0,0.0
2026-10-08,18,2026100718,VTUU,0.022,0.544,3.236,1.171,9.492,0.836,9.764,0.227,0.0
2026-10-08,18,2026100718,VTUV,0.0,0.0,0.0,0.0,0.0,0.0,0.0,0.0,0.0
2026-10-08,18,2026100718,VTUW,0.0,0.0,0.0,0.0,0.0,0.003,0.131,0.0,0.0
